date,product_id,product_name,category,list_price,discount_pct,selling_price,competitor_price,marketing_spend,units_sold,unit_cost,revenue,gross_profit
2025-01-01,P100,Everyday Sneakers,Footwear,68.37,0.1,61.54,71.42,1638.6,90,28.0,5538.21,3018.21
2025-01-02,P100,Everyday Sneakers,Footwear,66.47,0.05,63.15,70.43,1186.15,95,28.0,5998.96,3338.96
2025-01-03,P100,Everyday Sneakers,Footwear,67.08,0.05,63.73,71.59,1323.77,106,28.0,6755.41,3787.41
2025-01-04,P100,Everyday Sneakers,Footwear,68.76,0.0,68.76,68.87,1432.75,80,28.0,5501.2,3261.2
2025-01-05,P100,Everyday Sneakers,Footwear,69.33,0.0,69.33,70.08,1054.87,96,28.0,6655.87,3967.87
2025-01-06,P100,Everyday Sneakers,Footwear,68.13,0.1,61.32,69.72,1173.23,109,28.0,6683.7,3631.7
2025-01-07,P100,Everyday Sneakers,Footwear,68.83,0.05,65.39,71.24,2070.99,93,28.0,6081.27,3477.27
2025-01-08,P100,Everyday Sneakers,Footwear,67.82,0.0,67.82,69.18,1521.75,92,28.0,6239.5,3663.5
2025-01-09,P100,Everyday Sneakers,Footwear,68.37,0.1,61.53,69.22,1534.21,113,28.0,6953.34,3789.34
2025-01-10,P100,Everyday Sneakers,Footwear,69.24,0.05,65.78,69.54,1383.58,92,28.0,6051.41,3475.41
2025-01-11,P100,Everyday Sneakers,Footwear,68.9,0.0,68.9,71.11,1544.41,92,28.0,6339.09,3763.09
2025-01-12,P100,Everyday Sneakers,Footwear,69.05,0.1,62.15,71.85,775.42,109,28.0,6773.91,3721.91
2025-01-13,P100,Everyday Sneakers,Footwear,68.18,0.05,64.77,70.36,1838.18,90,28.0,5829.62,3309.62
2025-01-14,P100,Everyday Sneakers,Footwear,70.0,0.05,66.5,68.02,1179.44,89,28.0,5918.86,3426.86
2025-01-15,P100,Everyday Sneakers,Footwear,69.6,0.0,69.6,72.28,1174.46,78,28.0,5428.55,3244.55
2025-01-16,P100,Everyday Sneakers,Footwear,69.99,0.05,66.49,70.65,840.75,79,28.0,5252.66,3040.66
2025-01-17,P100,Everyday Sneakers,Footwear,67.87,0.15,57.69,71.27,1548.57,122,28.0,7038.33,3622.33
2025-01-18,P100,Everyday Sneakers,Footwear,69.25,0.0,69.25,72.13,1188.64,95,28.0,6578.7,3918.7
2025-01-19,P100,Everyday Sneakers,Footwear,68.3,0.0,68.3,70.46,869.5,94,28.0,6420.44,3788.44
2025-01-20,P100,Everyday Sneakers,Footwear,68.59,0.0,68.59,71.18,1473.07,88,28.0,6036.33,3572.33
2025-01-21,P100,Everyday Sneakers,Footwear,70.04,0.0,70.04,70.48,1271.3,69,28.0,4832.7,2900.7
2025-01-22,P100,Everyday Sneakers,Footwear,67.51,0.0,67.51,68.99,940.99,86,28.0,5805.7,3397.7
2025-01-23,P100,Everyday Sneakers,Footwear,68.22,0.05,64.81,73.48,1171.74,105,28.0,6805.43,3865.43
2025-01-24,P100,Everyday Sneakers,Footwear,68.24,0.0,68.24,70.96,957.99,81,28.0,5527.7,3259.7
2025-01-25,P100,Everyday Sneakers,Footwear,70.47,0.1,63.42,72.09,1385.58,110,28.0,6976.17,3896.17
2025-01-26,P100,Everyday Sneakers,Footwear,67.72,0.0,67.72,71.5,1109.38,97,28.0,6568.7,3852.7
2025-01-27,P100,Everyday Sneakers,Footwear,69.56,0.0,69.56,71.01,931.54,82,28.0,5704.32,3408.32
2025-01-28,P100,Everyday Sneakers,Footwear,69.86,0.1,62.87,73.76,1600.64,115,28.0,7230.09,4010.09
2025-01-29,P100,Everyday Sneakers,Footwear,71.43,0.0,71.43,70.39,966.43,75,28.0,5356.88,3256.88
2025-01-30,P100,Everyday Sneakers,Footwear,68.0,0.1,61.2,72.58,1220.0,99,28.0,6058.37,3286.37
2025-01-31,P100,Everyday Sneakers,Footwear,68.48,0.05,65.06,72.95,2018.82,135,28.0,8782.82,5002.82
2025-02-01,P100,Everyday Sneakers,Footwear,70.28,0.15,59.73,69.87,532.46,128,28.0,7646.03,4062.03
2025-02-02,P100,Everyday Sneakers,Footwear,68.82,0.05,65.38,70.54,1249.32,116,28.0,7583.54,4335.54
2025-02-03,P100,Everyday Sneakers,Footwear,70.04,0.05,66.54,71.33,927.16,79,28.0,5256.84,3044.84
2025-02-04,P100,Everyday Sneakers,Footwear,69.3,0.0,69.3,72.1,1936.45,90,28.0,6236.71,3716.71
2025-02-05,P100,Everyday Sneakers,Footwear,71.13,0.0,71.13,70.79,873.42,72,28.0,5121.59,3105.59
2025-02-06,P100,Everyday Sneakers,Footwear,69.08,0.05,65.63,70.26,1601.86,91,28.0,5971.93,3423.93
2025-02-07,P100,Everyday Sneakers,Footwear,71.14,0.0,71.14,72.33,1243.61,82,28.0,5833.72,3537.72
2025-02-08,P100,Everyday Sneakers,Footwear,69.24,0.0,69.24,70.91,858.78,81,28.0,5608.06,3340.06
2025-02-09,P100,Everyday Sneakers,Footwear,70.28,0.0,70.28,74.38,1357.6,94,28.0,6606.37,3974.37
2025-02-10,P100,Everyday Sneakers,Footwear,70.45,0.05,66.93,72.08,1152.07,105,28.0,7027.4,4087.4
2025-02-11,P100,Everyday Sneakers,Footwear,70.65,0.0,70.65,74.33,1365.96,77,28.0,5440.4,3284.4
2025-02-12,P100,Everyday Sneakers,Footwear,68.48,0.0,68.48,74.66,1235.37,87,28.0,5958.03,3522.03
2025-02-13,P100,Everyday Sneakers,Footwear,71.97,0.0,71.97,69.85,977.9,83,28.0,5973.75,3649.75
2025-02-14,P100,Everyday Sneakers,Footwear,69.73,0.05,66.24,71.46,1421.53,111,28.0,7352.59,4244.59
2025-02-15,P100,Everyday Sneakers,Footwear,70.34,0.05,66.83,72.83,561.94,101,28.0,6749.39,3921.39
2025-02-16,P100,Everyday Sneakers,Footwear,69.22,0.15,58.84,70.25,1179.72,150,28.0,8825.72,4625.72
2025-02-17,P100,Everyday Sneakers,Footwear,68.65,0.1,61.78,71.79,1125.7,110,28.0,6796.33,3716.33
2025-02-18,P100,Everyday Sneakers,Footwear,71.52,0.05,67.94,74.01,1244.38,90,28.0,6114.87,3594.87
2025-02-19,P100,Everyday Sneakers,Footwear,70.03,0.1,63.03,72.15,1363.57,101,28.0,6366.1,3538.1
2025-02-20,P100,Everyday Sneakers,Footwear,70.43,0.15,59.87,76.01,1975.66,126,28.0,7543.45,4015.45
2025-02-21,P100,Everyday Sneakers,Footwear,69.98,0.0,69.98,69.23,1087.35,86,28.0,6018.65,3610.65
2025-02-22,P100,Everyday Sneakers,Footwear,71.82,0.0,71.82,70.6,526.98,84,28.0,6033.17,3681.17
2025-02-23,P100,Everyday Sneakers,Footwear,69.06,0.15,58.7,70.8,984.33,137,28.0,8041.67,4205.67
2025-02-24,P100,Everyday Sneakers,Footwear,68.21,0.0,68.21,75.31,836.53,82,28.0,5593.53,3297.53
2025-02-25,P100,Everyday Sneakers,Footwear,72.62,0.05,68.99,76.61,878.24,91,28.0,6277.99,3729.99
2025-02-26,P100,Everyday Sneakers,Footwear,70.79,0.0,70.79,69.98,1211.7,90,28.0,6371.47,3851.47
2025-02-27,P100,Everyday Sneakers,Footwear,70.91,0.15,60.27,71.0,1251.82,109,28.0,6569.91,3517.91
2025-02-28,P100,Everyday Sneakers,Footwear,70.09,0.1,63.08,72.02,1100.08,115,28.0,7254.16,4034.16
2025-03-01,P100,Everyday Sneakers,Footwear,71.62,0.0,71.62,71.87,1426.63,94,28.0,6732.18,4100.18
2025-03-02,P100,Everyday Sneakers,Footwear,70.38,0.15,59.82,72.12,1264.98,169,28.0,10109.66,5377.66
2025-03-03,P100,Everyday Sneakers,Footwear,72.3,0.15,61.45,72.21,1025.3,108,28.0,6637.01,3613.01
2025-03-04,P100,Everyday Sneakers,Footwear,71.82,0.0,71.82,72.35,671.95,88,28.0,6320.59,3856.59
2025-03-05,P100,Everyday Sneakers,Footwear,70.92,0.0,70.92,69.62,1130.25,85,28.0,6027.82,3647.82
2025-03-06,P100,Everyday Sneakers,Footwear,70.41,0.1,63.37,71.3,1209.29,112,28.0,7097.75,3961.75
2025-03-07,P100,Everyday Sneakers,Footwear,72.14,0.15,61.32,67.08,1214.73,118,28.0,7235.65,3931.65
2025-03-08,P100,Everyday Sneakers,Footwear,70.69,0.0,70.69,68.43,1418.08,108,28.0,7634.36,4610.36
2025-03-09,P100,Everyday Sneakers,Footwear,68.43,0.0,68.43,72.85,1181.73,100,28.0,6843.43,4043.43
2025-03-10,P100,Everyday Sneakers,Footwear,69.01,0.0,69.01,73.56,1509.76,109,28.0,7521.75,4469.75
2025-03-11,P100,Everyday Sneakers,Footwear,71.72,0.0,71.72,72.06,1927.82,92,28.0,6598.15,4022.15
2025-03-12,P100,Everyday Sneakers,Footwear,71.27,0.05,67.71,71.39,1048.93,104,28.0,7041.66,4129.66
2025-03-13,P100,Everyday Sneakers,Footwear,68.79,0.05,65.36,72.57,1231.37,115,28.0,7515.85,4295.85
2025-03-14,P100,Everyday Sneakers,Footwear,71.13,0.1,64.02,72.44,734.07,107,28.0,6850.16,3854.16
2025-03-15,P100,Everyday Sneakers,Footwear,68.76,0.15,58.44,70.28,1844.04,159,28.0,9292.31,4840.31
2025-03-16,P100,Everyday Sneakers,Footwear,69.31,0.2,55.45,71.17,862.04,151,28.0,8372.48,4144.48
2025-03-17,P100,Everyday Sneakers,Footwear,70.52,0.2,56.41,73.04,1519.15,123,28.0,6939.02,3495.02
2025-03-18,P100,Everyday Sneakers,Footwear,70.48,0.15,59.91,71.73,1881.84,111,28.0,6649.79,3541.79
2025-03-19,P100,Everyday Sneakers,Footwear,69.35,0.15,58.95,71.99,730.63,145,28.0,8547.79,4487.79
2025-03-20,P100,Everyday Sneakers,Footwear,70.5,0.15,59.92,69.96,1592.95,142,28.0,8508.81,4532.81
2025-03-21,P100,Everyday Sneakers,Footwear,70.3,0.0,70.3,71.28,1397.32,82,28.0,5764.27,3468.27
2025-03-22,P100,Everyday Sneakers,Footwear,69.8,0.0,69.8,71.49,1659.94,91,28.0,6351.37,3803.37
2025-03-23,P100,Everyday Sneakers,Footwear,69.79,0.0,69.79,73.3,1032.31,91,28.0,6350.55,3802.55
2025-03-24,P100,Everyday Sneakers,Footwear,70.15,0.1,63.13,70.75,1778.43,126,28.0,7954.88,4426.88
2025-03-25,P100,Everyday Sneakers,Footwear,70.89,0.05,67.35,71.62,2137.96,102,28.0,6869.46,4013.46
2025-03-26,P100,Everyday Sneakers,Footwear,67.37,0.05,64.0,69.85,1338.84,119,28.0,7616.05,4284.05
2025-03-27,P100,Everyday Sneakers,Footwear,67.82,0.1,61.04,68.44,723.54,104,28.0,6347.75,3435.75
2025-03-28,P100,Everyday Sneakers,Footwear,70.27,0.05,66.76,70.98,791.4,78,28.0,5207.29,3023.29
2025-03-29,P100,Everyday Sneakers,Footwear,69.76,0.2,55.81,69.65,1465.38,174,28.0,9710.25,4838.25
2025-03-30,P100,Everyday Sneakers,Footwear,69.81,0.1,62.83,70.79,1490.82,119,28.0,7477.12,4145.12
2025-03-31,P100,Everyday Sneakers,Footwear,69.38,0.0,69.38,70.67,1595.39,88,28.0,6105.29,3641.29
2025-04-01,P100,Everyday Sneakers,Footwear,70.19,0.2,56.15,70.08,1598.63,125,28.0,7018.78,3518.78
2025-04-02,P100,Everyday Sneakers,Footwear,67.91,0.0,67.91,67.69,459.9,80,28.0,5433.09,3193.09
2025-04-03,P100,Everyday Sneakers,Footwear,70.37,0.2,56.29,70.49,1692.12,169,28.0,9513.66,4781.66
2025-04-04,P100,Everyday Sneakers,Footwear,69.31,0.2,55.45,72.39,1333.17,142,28.0,7874.05,3898.05
2025-04-05,P100,Everyday Sneakers,Footwear,68.62,0.15,58.33,68.52,1171.11,153,28.0,8923.82,4639.82
2025-04-06,P100,Everyday Sneakers,Footwear,71.4,0.15,60.69,67.61,1441.42,123,28.0,7464.72,4020.72
2025-04-07,P100,Everyday Sneakers,Footwear,69.82,0.0,69.82,66.78,1634.19,83,28.0,5794.97,3470.97
2025-04-08,P100,Everyday Sneakers,Footwear,68.53,0.2,54.82,68.01,1064.46,153,28.0,8387.95,4103.95
2025-04-09,P100,Everyday Sneakers,Footwear,68.89,0.2,55.12,70.38,1775.44,152,28.0,8377.59,4121.59
2025-04-10,P100,Everyday Sneakers,Footwear,67.26,0.1,60.54,71.51,1180.66,134,28.0,8111.74,4359.74
2025-04-11,P100,Everyday Sneakers,Footwear,69.48,0.05,66.01,70.22,2002.36,127,28.0,8382.83,4826.83
2025-04-12,P100,Everyday Sneakers,Footwear,69.04,0.05,65.59,69.84,1687.45,106,28.0,6952.09,3984.09
2025-04-13,P100,Everyday Sneakers,Footwear,69.3,0.0,69.3,70.03,999.99,83,28.0,5752.0,3428.0
2025-04-14,P100,Everyday Sneakers,Footwear,66.3,0.1,59.67,67.53,1134.88,116,28.0,6921.32,3673.32
2025-04-15,P100,Everyday Sneakers,Footwear,71.14,0.0,71.14,67.72,1425.18,81,28.0,5762.68,3494.68
2025-04-16,P100,Everyday Sneakers,Footwear,68.36,0.0,68.36,69.6,1522.9,89,28.0,6084.38,3592.38
2025-04-17,P100,Everyday Sneakers,Footwear,69.95,0.0,69.95,69.23,2235.16,94,28.0,6575.52,3943.52
2025-04-18,P100,Everyday Sneakers,Footwear,70.34,0.05,66.83,69.3,1509.08,99,28.0,6615.7,3843.7
2025-04-19,P100,Everyday Sneakers,Footwear,68.32,0.0,68.32,69.81,993.45,104,28.0,7104.97,4192.97
2025-04-20,P100,Everyday Sneakers,Footwear,69.79,0.15,59.32,69.63,1196.95,146,28.0,8661.07,4573.07
2025-04-21,P100,Everyday Sneakers,Footwear,68.02,0.15,57.82,65.82,1179.18,107,28.0,6186.56,3190.56
2025-04-22,P100,Everyday Sneakers,Footwear,66.51,0.0,66.51,71.18,1622.27,92,28.0,6118.54,3542.54
2025-04-23,P100,Everyday Sneakers,Footwear,66.43,0.05,63.11,67.87,2171.35,116,28.0,7320.92,4072.92
2025-04-24,P100,Everyday Sneakers,Footwear,67.52,0.0,67.52,69.51,738.05,86,28.0,5806.99,3398.99
2025-04-25,P100,Everyday Sneakers,Footwear,68.27,0.0,68.27,70.0,1424.07,97,28.0,6621.77,3905.77
2025-04-26,P100,Everyday Sneakers,Footwear,67.24,0.0,67.24,70.11,1886.42,98,28.0,6589.24,3845.24
2025-04-27,P100,Everyday Sneakers,Footwear,66.93,0.15,56.89,68.18,1805.38,147,28.0,8362.76,4246.76
2025-04-28,P100,Everyday Sneakers,Footwear,69.73,0.2,55.79,68.66,1392.96,168,28.0,9371.98,4667.98
2025-04-29,P100,Everyday Sneakers,Footwear,67.44,0.0,67.44,67.6,1462.84,79,28.0,5328.07,3116.07
2025-04-30,P100,Everyday Sneakers,Footwear,68.6,0.0,68.6,67.38,1713.21,73,28.0,5008.01,2964.01
2025-05-01,P100,Everyday Sneakers,Footwear,66.8,0.0,66.8,66.82,1389.16,90,28.0,6011.62,3491.62
2025-05-02,P100,Everyday Sneakers,Footwear,67.38,0.0,67.38,67.88,1373.22,83,28.0,5592.91,3268.91
2025-05-03,P100,Everyday Sneakers,Footwear,68.5,0.2,54.8,68.74,1500.35,171,28.0,9370.27,4582.27
2025-05-04,P100,Everyday Sneakers,Footwear,70.06,0.0,70.06,67.87,1189.45,87,28.0,6095.08,3659.08
2025-05-05,P100,Everyday Sneakers,Footwear,66.24,0.0,66.24,66.44,1274.56,94,28.0,6226.65,3594.65
2025-05-06,P100,Everyday Sneakers,Footwear,67.5,0.0,67.5,66.58,1624.07,97,28.0,6547.92,3831.92
2025-05-07,P100,Everyday Sneakers,Footwear,67.18,0.1,60.47,68.74,1367.67,104,28.0,6288.42,3376.42
2025-05-08,P100,Everyday Sneakers,Footwear,67.23,0.2,53.79,68.19,976.11,151,28.0,8121.9,3893.9
2025-05-09,P100,Everyday Sneakers,Footwear,65.48,0.15,55.65,69.8,1209.09,145,28.0,8069.85,4009.85
2025-05-10,P100,Everyday Sneakers,Footwear,64.25,0.1,57.82,65.64,1194.24,121,28.0,6996.34,3608.34
2025-05-11,P100,Everyday Sneakers,Footwear,68.01,0.05,64.61,65.54,998.51,108,28.0,6977.78,3953.78
2025-05-12,P100,Everyday Sneakers,Footwear,69.05,0.15,58.69,65.4,1389.65,146,28.0,8568.79,4480.79
2025-05-13,P100,Everyday Sneakers,Footwear,64.99,0.0,64.99,66.69,1112.59,100,28.0,6499.48,3699.48
2025-05-14,P100,Everyday Sneakers,Footwear,67.25,0.0,67.25,64.33,1485.55,83,28.0,5582.09,3258.09
2025-05-15,P100,Everyday Sneakers,Footwear,68.46,0.0,68.46,66.2,1494.81,93,28.0,6366.86,3762.86
2025-05-16,P100,Everyday Sneakers,Footwear,67.39,0.05,64.02,64.35,1493.69,90,28.0,5762.08,3242.08
2025-05-17,P100,Everyday Sneakers,Footwear,67.08,0.15,57.01,67.92,1009.62,127,28.0,7240.9,3684.9
2025-05-18,P100,Everyday Sneakers,Footwear,67.61,0.1,60.85,67.51,1078.97,140,28.0,8518.51,4598.51
2025-05-19,P100,Everyday Sneakers,Footwear,66.14,0.05,62.83,67.49,1076.92,106,28.0,6660.32,3692.32
2025-05-20,P100,Everyday Sneakers,Footwear,65.97,0.0,65.97,66.28,1790.55,85,28.0,5607.75,3227.75
2025-05-21,P100,Everyday Sneakers,Footwear,63.62,0.05,60.44,71.25,1154.1,95,28.0,5741.82,3081.82
2025-05-22,P100,Everyday Sneakers,Footwear,66.14,0.0,66.14,66.37,1231.63,81,28.0,5357.62,3089.62
2025-05-23,P100,Everyday Sneakers,Footwear,67.18,0.1,60.46,64.26,1551.71,135,28.0,8162.73,4382.73
2025-05-24,P100,Everyday Sneakers,Footwear,66.64,0.0,66.64,66.17,1248.88,103,28.0,6863.44,3979.44
2025-05-25,P100,Everyday Sneakers,Footwear,64.26,0.0,64.26,66.03,1965.22,106,28.0,6811.44,3843.44
2025-05-26,P100,Everyday Sneakers,Footwear,68.37,0.0,68.37,64.76,1511.41,87,28.0,5948.38,3512.38
2025-05-27,P100,Everyday Sneakers,Footwear,65.22,0.2,52.18,68.65,1183.43,134,28.0,6991.77,3239.77
2025-05-28,P100,Everyday Sneakers,Footwear,66.22,0.1,59.6,65.0,1176.76,111,28.0,6615.38,3507.38
2025-05-29,P100,Everyday Sneakers,Footwear,64.11,0.05,60.91,67.3,1111.82,84,28.0,5116.07,2764.07
2025-05-30,P100,Everyday Sneakers,Footwear,67.12,0.0,67.12,66.9,1043.01,76,28.0,5100.97,2972.97
2025-05-31,P100,Everyday Sneakers,Footwear,67.14,0.0,67.14,70.44,1451.27,104,28.0,6982.6,4070.6
2025-06-01,P100,Everyday Sneakers,Footwear,65.87,0.0,65.87,67.73,1525.03,113,28.0,7443.81,4279.81
2025-06-02,P100,Everyday Sneakers,Footwear,65.4,0.0,65.4,65.44,1143.25,85,28.0,5559.29,3179.29
2025-06-03,P100,Everyday Sneakers,Footwear,66.97,0.15,56.93,68.8,1134.82,124,28.0,7059.02,3587.02
2025-06-04,P100,Everyday Sneakers,Footwear,66.36,0.2,53.08,67.83,489.36,131,28.0,6954.08,3286.08
2025-06-05,P100,Everyday Sneakers,Footwear,64.98,0.05,61.73,62.22,953.09,89,28.0,5494.12,3002.12
2025-06-06,P100,Everyday Sneakers,Footwear,65.66,0.15,55.81,65.71,928.91,126,28.0,7032.28,3504.28
2025-06-07,P100,Everyday Sneakers,Footwear,67.16,0.0,67.16,64.43,972.19,95,28.0,6380.33,3720.33
2025-06-08,P100,Everyday Sneakers,Footwear,65.58,0.0,65.58,66.03,1552.6,91,28.0,5967.57,3419.57
2025-06-09,P100,Everyday Sneakers,Footwear,65.81,0.0,65.81,65.66,862.28,74,28.0,4869.74,2797.74
2025-06-10,P100,Everyday Sneakers,Footwear,66.64,0.05,63.3,64.24,1265.38,106,28.0,6710.28,3742.28
2025-06-11,P100,Everyday Sneakers,Footwear,62.98,0.15,53.53,63.41,967.76,150,28.0,8030.18,3830.18
2025-06-12,P100,Everyday Sneakers,Footwear,66.1,0.0,66.1,63.98,896.97,86,28.0,5684.38,3276.38
2025-06-13,P100,Everyday Sneakers,Footwear,65.8,0.2,52.64,66.82,1232.44,151,28.0,7948.95,3720.95
2025-06-14,P100,Everyday Sneakers,Footwear,65.91,0.2,52.72,67.23,716.85,128,28.0,6748.79,3164.79
2025-06-15,P100,Everyday Sneakers,Footwear,66.92,0.0,66.92,67.85,932.58,79,28.0,5286.83,3074.83
2025-06-16,P100,Everyday Sneakers,Footwear,65.8,0.0,65.8,68.86,1485.87,88,28.0,5790.55,3326.55
2025-06-17,P100,Everyday Sneakers,Footwear,64.57,0.15,54.89,65.8,1192.26,119,28.0,6531.63,3199.63
2025-06-18,P100,Everyday Sneakers,Footwear,68.16,0.2,54.53,67.69,968.49,148,28.0,8070.47,3926.47
2025-06-19,P100,Everyday Sneakers,Footwear,66.43,0.2,53.14,66.49,1749.88,157,28.0,8343.33,3947.33
2025-06-20,P100,Everyday Sneakers,Footwear,66.54,0.15,56.56,66.3,657.9,120,28.0,6787.31,3427.31
2025-06-21,P100,Everyday Sneakers,Footwear,64.95,0.0,64.95,63.53,1905.45,115,28.0,7469.14,4249.14
2025-06-22,P100,Everyday Sneakers,Footwear,67.29,0.0,67.29,67.98,1304.34,95,28.0,6392.41,3732.41
2025-06-23,P100,Everyday Sneakers,Footwear,64.28,0.2,51.43,66.35,1321.74,134,28.0,6891.16,3139.16
2025-06-24,P100,Everyday Sneakers,Footwear,65.56,0.2,52.45,68.72,1621.92,152,28.0,7971.79,3715.79
2025-06-25,P100,Everyday Sneakers,Footwear,65.92,0.0,65.92,65.73,1226.95,77,28.0,5076.22,2920.22
2025-06-26,P100,Everyday Sneakers,Footwear,65.44,0.15,55.62,63.52,1484.04,129,28.0,7175.22,3563.22
2025-06-27,P100,Everyday Sneakers,Footwear,63.44,0.0,63.44,65.43,1658.45,102,28.0,6470.79,3614.79
2025-06-28,P100,Everyday Sneakers,Footwear,66.89,0.15,56.85,64.19,909.87,132,28.0,7504.74,3808.74
2025-06-29,P100,Everyday Sneakers,Footwear,66.1,0.0,66.1,67.81,1695.99,96,28.0,6345.88,3657.88
2025-06-30,P100,Everyday Sneakers,Footwear,64.12,0.0,64.12,65.99,1227.25,84,28.0,5386.48,3034.48
2025-07-01,P100,Everyday Sneakers,Footwear,65.97,0.0,65.97,64.76,1073.9,84,28.0,5541.29,3189.29
2025-07-02,P100,Everyday Sneakers,Footwear,65.18,0.0,65.18,66.09,889.81,80,28.0,5214.28,2974.28
2025-07-03,P100,Everyday Sneakers,Footwear,67.44,0.1,60.7,63.65,538.0,82,28.0,4977.4,2681.4
2025-07-04,P100,Everyday Sneakers,Footwear,65.74,0.1,59.16,65.43,1737.11,87,28.0,5147.13,2711.13
2025-07-05,P100,Everyday Sneakers,Footwear,66.2,0.0,66.2,68.29,894.0,88,28.0,5825.81,3361.81
2025-07-06,P100,Everyday Sneakers,Footwear,64.82,0.2,51.85,65.08,1813.89,192,28.0,9955.63,4579.63
2025-07-07,P100,Everyday Sneakers,Footwear,65.35,0.15,55.54,68.89,1312.81,150,28.0,8331.66,4131.66
2025-07-08,P100,Everyday Sneakers,Footwear,65.67,0.1,59.1,66.28,2444.39,125,28.0,7387.4,3887.4
2025-07-09,P100,Everyday Sneakers,Footwear,64.94,0.0,64.94,67.32,1169.74,82,28.0,5324.94,3028.94
2025-07-10,P100,Everyday Sneakers,Footwear,66.94,0.0,66.94,66.16,1305.03,84,28.0,5623.1,3271.1
2025-07-11,P100,Everyday Sneakers,Footwear,66.38,0.0,66.38,62.41,1539.97,73,28.0,4845.51,2801.51
2025-07-12,P100,Everyday Sneakers,Footwear,64.12,0.05,60.91,65.86,1050.34,114,28.0,6944.2,3752.2
2025-07-13,P100,Everyday Sneakers,Footwear,64.27,0.15,54.63,65.04,1089.45,135,28.0,7375.32,3595.32
2025-07-14,P100,Everyday Sneakers,Footwear,66.29,0.0,66.29,66.99,1322.68,70,28.0,4640.22,2680.22
2025-07-15,P100,Everyday Sneakers,Footwear,63.58,0.05,60.4,65.76,1220.45,97,28.0,5859.22,3143.22
2025-07-16,P100,Everyday Sneakers,Footwear,65.98,0.15,56.08,67.41,900.0,107,28.0,6001.01,3005.01
2025-07-17,P100,Everyday Sneakers,Footwear,64.71,0.2,51.77,66.32,1748.18,141,28.0,7299.7,3351.7
2025-07-18,P100,Everyday Sneakers,Footwear,63.03,0.15,53.57,64.44,1099.22,121,28.0,6482.37,3094.37
2025-07-19,P100,Everyday Sneakers,Footwear,66.18,0.15,56.25,65.35,1677.76,125,28.0,7031.18,3531.18
2025-07-20,P100,Everyday Sneakers,Footwear,65.11,0.15,55.35,63.3,1440.29,133,28.0,7361.09,3637.09
2025-07-21,P100,Everyday Sneakers,Footwear,66.03,0.0,66.03,68.64,1076.01,99,28.0,6537.0,3765.0
2025-07-22,P100,Everyday Sneakers,Footwear,65.98,0.15,56.08,66.09,912.55,108,28.0,6056.77,3032.77
2025-07-23,P100,Everyday Sneakers,Footwear,66.78,0.0,66.78,66.95,1076.02,86,28.0,5743.44,3335.44
2025-07-24,P100,Everyday Sneakers,Footwear,67.76,0.1,60.98,64.41,1490.59,112,28.0,6830.26,3694.26
2025-07-25,P100,Everyday Sneakers,Footwear,64.09,0.2,51.27,65.54,987.88,140,28.0,7177.91,3257.91
2025-07-26,P100,Everyday Sneakers,Footwear,65.74,0.0,65.74,69.32,1238.9,95,28.0,6245.21,3585.21
2025-07-27,P100,Everyday Sneakers,Footwear,66.2,0.05,62.89,66.29,1302.17,104,28.0,6540.89,3628.89
2025-07-28,P100,Everyday Sneakers,Footwear,67.96,0.15,57.77,66.72,1512.24,103,28.0,5950.26,3066.26
2025-07-29,P100,Everyday Sneakers,Footwear,66.48,0.2,53.19,67.84,1611.75,141,28.0,7499.12,3551.12
2025-07-30,P100,Everyday Sneakers,Footwear,67.73,0.2,54.18,68.32,1404.17,128,28.0,6935.18,3351.18
2025-07-31,P100,Everyday Sneakers,Footwear,67.11,0.1,60.4,61.35,1437.84,69,28.0,4167.27,2235.27
2025-08-01,P100,Everyday Sneakers,Footwear,64.64,0.15,54.94,67.19,881.53,111,28.0,6098.74,2990.74
2025-08-02,P100,Everyday Sneakers,Footwear,68.48,0.0,68.48,65.6,2107.45,86,28.0,5889.43,3481.43
2025-08-03,P100,Everyday Sneakers,Footwear,67.36,0.15,57.26,66.69,939.16,120,28.0,6870.68,3510.68
2025-08-04,P100,Everyday Sneakers,Footwear,66.87,0.0,66.87,64.2,1207.9,71,28.0,4748.02,2760.02
2025-08-05,P100,Everyday Sneakers,Footwear,68.11,0.15,57.89,66.09,1261.77,112,28.0,6483.71,3347.71
2025-08-06,P100,Everyday Sneakers,Footwear,67.79,0.0,67.79,64.92,925.03,80,28.0,5423.05,3183.05
2025-08-07,P100,Everyday Sneakers,Footwear,66.59,0.1,59.93,67.43,1466.81,89,28.0,5333.67,2841.67
2025-08-08,P100,Everyday Sneakers,Footwear,67.43,0.1,60.69,67.98,1434.78,107,28.0,6493.8,3497.8
2025-08-09,P100,Everyday Sneakers,Footwear,65.49,0.0,65.49,66.27,1126.2,94,28.0,6156.41,3524.41
2025-08-10,P100,Everyday Sneakers,Footwear,69.08,0.2,55.27,69.89,1773.33,143,28.0,7903.22,3899.22
2025-08-11,P100,Everyday Sneakers,Footwear,67.77,0.0,67.77,67.11,1347.08,82,28.0,5556.87,3260.87
2025-08-12,P100,Everyday Sneakers,Footwear,67.32,0.15,57.23,65.72,1150.79,116,28.0,6638.19,3390.19
2025-08-13,P100,Everyday Sneakers,Footwear,67.46,0.15,57.34,68.16,1165.06,120,28.0,6881.24,3521.24
2025-08-14,P100,Everyday Sneakers,Footwear,67.99,0.0,67.99,64.98,1819.23,73,28.0,4962.98,2918.98
2025-08-15,P100,Everyday Sneakers,Footwear,65.56,0.15,55.73,65.4,1318.78,112,28.0,6241.27,3105.27
2025-08-16,P100,Everyday Sneakers,Footwear,67.24,0.0,67.24,68.26,1422.36,88,28.0,5916.82,3452.82
2025-08-17,P100,Everyday Sneakers,Footwear,68.21,0.2,54.57,63.68,1168.8,108,28.0,5893.72,2869.72
2025-08-18,P100,Everyday Sneakers,Footwear,67.82,0.05,64.43,67.32,1676.39,97,28.0,6249.68,3533.68
2025-08-19,P100,Everyday Sneakers,Footwear,68.09,0.05,64.68,68.22,1109.95,84,28.0,5433.5,3081.5
2025-08-20,P100,Everyday Sneakers,Footwear,69.11,0.1,62.2,66.51,1590.04,100,28.0,6220.08,3420.08
2025-08-21,P100,Everyday Sneakers,Footwear,66.8,0.15,56.78,68.71,1336.69,107,28.0,6075.51,3079.51
2025-08-22,P100,Everyday Sneakers,Footwear,66.98,0.05,63.63,66.67,1495.33,80,28.0,5090.63,2850.63
2025-08-23,P100,Everyday Sneakers,Footwear,68.63,0.0,68.63,67.31,1339.47,101,28.0,6931.97,4103.97
2025-08-24,P100,Everyday Sneakers,Footwear,66.48,0.15,56.5,70.23,1353.94,133,28.0,7515.14,3791.14
2025-08-25,P100,Everyday Sneakers,Footwear,68.37,0.05,64.95,67.53,1823.46,83,28.0,5391.06,3067.06
2025-08-26,P100,Everyday Sneakers,Footwear,69.68,0.1,62.71,66.76,1278.31,83,28.0,5204.8,2880.8
2025-08-27,P100,Everyday Sneakers,Footwear,68.91,0.0,68.91,67.8,1229.12,66,28.0,4548.12,2700.12
2025-08-28,P100,Everyday Sneakers,Footwear,68.14,0.15,57.92,65.29,971.36,106,28.0,6139.12,3171.12
2025-08-29,P100,Everyday Sneakers,Footwear,70.1,0.0,70.1,67.07,1816.71,74,28.0,5187.03,3115.03
2025-08-30,P100,Everyday Sneakers,Footwear,68.36,0.1,61.52,68.87,1322.29,106,28.0,6521.37,3553.37
2025-08-31,P100,Everyday Sneakers,Footwear,68.11,0.05,64.7,65.58,1535.17,89,28.0,5758.36,3266.36
2025-09-01,P100,Everyday Sneakers,Footwear,67.94,0.0,67.94,68.29,1586.18,77,28.0,5231.24,3075.24
2025-09-02,P100,Everyday Sneakers,Footwear,67.93,0.0,67.93,68.23,1868.51,81,28.0,5502.02,3234.02
2025-09-03,P100,Everyday Sneakers,Footwear,69.98,0.2,55.99,70.53,1706.84,132,28.0,7390.09,3694.09
2025-09-04,P100,Everyday Sneakers,Footwear,69.58,0.0,69.58,66.62,1552.26,63,28.0,4383.73,2619.73
2025-09-05,P100,Everyday Sneakers,Footwear,67.94,0.1,61.14,70.78,1602.48,114,28.0,6970.41,3778.41
2025-09-06,P100,Everyday Sneakers,Footwear,68.64,0.0,68.64,68.22,1336.73,81,28.0,5559.59,3291.59
2025-09-07,P100,Everyday Sneakers,Footwear,70.42,0.05,66.89,68.09,1426.73,80,28.0,5351.57,3111.57
2025-09-08,P100,Everyday Sneakers,Footwear,69.64,0.0,69.64,67.5,1215.1,69,28.0,4804.93,2872.93
2025-09-09,P100,Everyday Sneakers,Footwear,68.81,0.0,68.81,71.86,1264.56,73,28.0,5023.25,2979.25
2025-09-10,P100,Everyday Sneakers,Footwear,66.63,0.0,66.63,68.47,1053.09,85,28.0,5663.64,3283.64
2025-09-11,P100,Everyday Sneakers,Footwear,69.05,0.15,58.69,71.18,1322.21,109,28.0,6397.63,3345.63
2025-09-12,P100,Everyday Sneakers,Footwear,69.2,0.05,65.74,71.98,464.94,66,28.0,4338.77,2490.77
2025-09-13,P100,Everyday Sneakers,Footwear,68.7,0.15,58.39,69.15,1548.44,125,28.0,7298.96,3798.96
2025-09-14,P100,Everyday Sneakers,Footwear,68.94,0.0,68.94,70.95,1366.26,89,28.0,6135.91,3643.91
2025-09-15,P100,Everyday Sneakers,Footwear,69.8,0.0,69.8,68.31,1551.21,73,28.0,5095.26,3051.26
2025-09-16,P100,Everyday Sneakers,Footwear,69.52,0.2,55.61,65.17,789.63,100,28.0,5561.3,2761.3
2025-09-17,P100,Everyday Sneakers,Footwear,69.12,0.2,55.3,68.97,757.36,107,28.0,5916.59,2920.59
2025-09-18,P100,Everyday Sneakers,Footwear,68.56,0.0,68.56,72.54,1151.77,73,28.0,5004.72,2960.72
2025-09-19,P100,Everyday Sneakers,Footwear,68.25,0.15,58.01,66.3,1257.92,96,28.0,5569.34,2881.34
2025-09-20,P100,Everyday Sneakers,Footwear,69.6,0.0,69.6,68.32,1353.51,81,28.0,5637.6,3369.6
2025-09-21,P100,Everyday Sneakers,Footwear,70.26,0.15,59.72,67.44,1607.69,106,28.0,6330.34,3362.34
2025-09-22,P100,Everyday Sneakers,Footwear,70.57,0.0,70.57,67.41,1186.17,70,28.0,4939.6,2979.6
2025-09-23,P100,Everyday Sneakers,Footwear,70.58,0.0,70.58,69.57,1851.44,80,28.0,5646.65,3406.65
2025-09-24,P100,Everyday Sneakers,Footwear,69.56,0.05,66.08,73.17,2005.77,79,28.0,5220.4,3008.4
2025-09-25,P100,Everyday Sneakers,Footwear,68.78,0.0,68.78,72.47,919.02,65,28.0,4470.58,2650.58
2025-09-26,P100,Everyday Sneakers,Footwear,69.35,0.05,65.89,69.84,1065.8,76,28.0,5007.41,2879.41
2025-09-27,P100,Everyday Sneakers,Footwear,69.11,0.0,69.11,68.58,2121.39,85,28.0,5874.69,3494.69
2025-09-28,P100,Everyday Sneakers,Footwear,71.11,0.0,71.11,69.82,1043.12,59,28.0,4195.26,2543.26
2025-09-29,P100,Everyday Sneakers,Footwear,68.37,0.0,68.37,67.12,490.08,61,28.0,4170.4,2462.4
2025-09-30,P100,Everyday Sneakers,Footwear,71.71,0.2,57.37,72.45,1447.95,128,28.0,7342.84,3758.84
2025-10-01,P100,Everyday Sneakers,Footwear,69.01,0.15,58.66,71.21,1562.34,105,28.0,6159.42,3219.42
2025-10-02,P100,Everyday Sneakers,Footwear,70.83,0.2,56.66,69.45,895.8,102,28.0,5779.68,2923.68
2025-10-03,P100,Everyday Sneakers,Footwear,70.28,0.15,59.74,70.99,1014.69,103,28.0,6152.8,3268.8
2025-10-04,P100,Everyday Sneakers,Footwear,70.9,0.0,70.9,73.13,1759.71,75,28.0,5317.16,3217.16
2025-10-05,P100,Everyday Sneakers,Footwear,72.28,0.0,72.28,69.65,1676.15,77,28.0,5565.7,3409.7
2025-10-06,P100,Everyday Sneakers,Footwear,69.74,0.15,59.28,70.32,738.62,111,28.0,6579.87,3471.87
2025-10-07,P100,Everyday Sneakers,Footwear,72.12,0.2,57.7,69.31,1408.71,107,28.0,6173.52,3177.52
2025-10-08,P100,Everyday Sneakers,Footwear,69.51,0.2,55.61,70.65,1926.27,122,28.0,6784.55,3368.55
2025-10-09,P100,Everyday Sneakers,Footwear,71.52,0.0,71.52,70.94,1586.48,68,28.0,4863.6,2959.6
2025-10-10,P100,Everyday Sneakers,Footwear,70.26,0.05,66.74,69.4,1538.35,86,28.0,5739.86,3331.86
2025-10-11,P100,Everyday Sneakers,Footwear,71.06,0.0,71.06,73.48,1821.76,80,28.0,5684.52,3444.52
2025-10-12,P100,Everyday Sneakers,Footwear,70.8,0.2,56.64,70.96,1084.09,149,28.0,8439.23,4267.23
2025-10-13,P100,Everyday Sneakers,Footwear,70.8,0.1,63.72,70.6,1729.7,77,28.0,4906.3,2750.3
2025-10-14,P100,Everyday Sneakers,Footwear,67.9,0.0,67.9,71.12,1390.16,68,28.0,4616.95,2712.95
2025-10-15,P100,Everyday Sneakers,Footwear,70.34,0.05,66.82,74.47,1596.71,87,28.0,5813.63,3377.63
2025-10-16,P100,Everyday Sneakers,Footwear,69.84,0.05,66.34,67.48,1392.75,86,28.0,5705.66,3297.66
2025-10-17,P100,Everyday Sneakers,Footwear,68.45,0.15,58.18,70.02,883.31,98,28.0,5701.82,2957.82
2025-10-18,P100,Everyday Sneakers,Footwear,70.45,0.1,63.4,66.86,1521.14,106,28.0,6720.47,3752.47
2025-10-19,P100,Everyday Sneakers,Footwear,70.07,0.0,70.07,67.01,941.29,84,28.0,5886.09,3534.09
2025-10-20,P100,Everyday Sneakers,Footwear,66.98,0.0,66.98,69.26,1589.65,74,28.0,4956.37,2884.37
2025-10-21,P100,Everyday Sneakers,Footwear,70.87,0.0,70.87,72.27,1961.04,74,28.0,5244.34,3172.34
2025-10-22,P100,Everyday Sneakers,Footwear,70.83,0.05,67.29,73.36,1026.22,77,28.0,5181.23,3025.23
2025-10-23,P100,Everyday Sneakers,Footwear,70.34,0.05,66.82,68.72,1382.36,88,28.0,5880.08,3416.08
2025-10-24,P100,Everyday Sneakers,Footwear,70.71,0.2,56.57,71.2,1567.13,104,28.0,5883.34,2971.34
2025-10-25,P100,Everyday Sneakers,Footwear,69.03,0.0,69.03,72.93,1397.23,88,28.0,6074.55,3610.55
2025-10-26,P100,Everyday Sneakers,Footwear,72.61,0.0,72.61,72.59,2275.87,80,28.0,5808.68,3568.68
2025-10-27,P100,Everyday Sneakers,Footwear,69.34,0.0,69.34,72.23,1458.04,73,28.0,5061.99,3017.99
2025-10-28,P100,Everyday Sneakers,Footwear,69.04,0.05,65.59,72.08,1036.38,92,28.0,6034.09,3458.09
2025-10-29,P100,Everyday Sneakers,Footwear,70.15,0.2,56.12,71.12,1502.42,111,28.0,6229.58,3121.58
2025-10-30,P100,Everyday Sneakers,Footwear,70.7,0.0,70.7,72.37,1164.56,70,28.0,4948.96,2988.96
2025-10-31,P100,Everyday Sneakers,Footwear,69.75,0.15,59.28,71.16,1163.99,117,28.0,6936.17,3660.17
2025-11-01,P100,Everyday Sneakers,Footwear,68.1,0.0,68.1,70.97,1435.7,101,28.0,6878.51,4050.51
2025-11-02,P100,Everyday Sneakers,Footwear,71.83,0.0,71.83,73.75,1645.45,93,28.0,6680.02,4076.02
2025-11-03,P100,Everyday Sneakers,Footwear,71.19,0.1,64.07,68.92,1291.25,122,28.0,7816.84,4400.84
2025-11-04,P100,Everyday Sneakers,Footwear,70.83,0.15,60.21,71.97,1404.84,161,28.0,9693.16,5185.16
2025-11-05,P100,Everyday Sneakers,Footwear,71.62,0.15,60.88,71.14,1240.73,116,28.0,7061.95,3813.95
2025-11-06,P100,Everyday Sneakers,Footwear,70.21,0.05,66.7,73.82,908.84,112,28.0,7470.02,4334.02
2025-11-07,P100,Everyday Sneakers,Footwear,68.94,0.0,68.94,74.22,1104.68,106,28.0,7307.56,4339.56
2025-11-08,P100,Everyday Sneakers,Footwear,67.74,0.2,54.19,74.88,1516.95,196,28.0,10621.14,5133.14
2025-11-09,P100,Everyday Sneakers,Footwear,70.7,0.2,56.56,73.74,1183.37,176,28.0,9954.18,5026.18
2025-11-10,P100,Everyday Sneakers,Footwear,69.36,0.2,55.48,70.74,1550.08,172,28.0,9543.26,4727.26
2025-11-11,P100,Everyday Sneakers,Footwear,70.72,0.1,63.65,72.61,1149.21,152,28.0,9674.13,5418.13
2025-11-12,P100,Everyday Sneakers,Footwear,67.96,0.1,61.17,73.88,1792.45,130,28.0,7951.52,4311.52
2025-11-13,P100,Everyday Sneakers,Footwear,72.57,0.0,72.57,73.39,1310.09,93,28.0,6748.95,4144.95
2025-11-14,P100,Everyday Sneakers,Footwear,69.54,0.05,66.07,72.4,1804.43,119,28.0,7861.84,4529.84
2025-11-15,P100,Everyday Sneakers,Footwear,68.64,0.0,68.64,73.3,1535.68,124,28.0,8511.48,5039.48
2025-11-16,P100,Everyday Sneakers,Footwear,69.38,0.05,65.91,70.15,987.45,104,28.0,6854.83,3942.83
2025-11-17,P100,Everyday Sneakers,Footwear,69.96,0.0,69.96,70.98,235.98,82,28.0,5736.5,3440.5
2025-11-18,P100,Everyday Sneakers,Footwear,70.99,0.05,67.44,70.59,1429.81,97,28.0,6541.97,3825.97
2025-11-19,P100,Everyday Sneakers,Footwear,71.33,0.15,60.63,72.21,2137.28,172,28.0,10429.03,5613.03
2025-11-20,P100,Everyday Sneakers,Footwear,69.15,0.1,62.23,70.69,1182.8,135,28.0,8401.6,4621.6
2025-11-21,P100,Everyday Sneakers,Footwear,69.35,0.15,58.94,74.18,1258.88,187,28.0,11022.46,5786.46
2025-11-22,P100,Everyday Sneakers,Footwear,69.53,0.15,59.1,74.71,1428.63,185,28.0,10934.27,5754.27
2025-11-23,P100,Everyday Sneakers,Footwear,68.48,0.1,61.64,72.44,1655.88,152,28.0,9368.64,5112.64
2025-11-24,P100,Everyday Sneakers,Footwear,67.74,0.0,67.74,69.33,786.23,85,28.0,5758.2,3378.2
2025-11-25,P100,Everyday Sneakers,Footwear,69.4,0.0,69.4,71.6,486.25,95,28.0,6592.82,3932.82
2025-11-26,P100,Everyday Sneakers,Footwear,69.01,0.0,69.01,75.17,775.43,100,28.0,6900.98,4100.98
2025-11-27,P100,Everyday Sneakers,Footwear,71.24,0.0,71.24,72.54,1341.25,102,28.0,7266.6,4410.6
2025-11-28,P100,Everyday Sneakers,Footwear,70.05,0.0,70.05,70.18,1616.1,90,28.0,6304.35,3784.35
2025-11-29,P100,Everyday Sneakers,Footwear,69.44,0.0,69.44,70.49,1291.83,106,28.0,7360.75,4392.75
2025-11-30,P100,Everyday Sneakers,Footwear,67.67,0.0,67.67,70.91,902.56,118,28.0,7984.95,4680.95
2025-12-01,P100,Everyday Sneakers,Footwear,67.51,0.0,67.51,69.47,1096.13,99,28.0,6683.9,3911.9
2025-12-02,P100,Everyday Sneakers,Footwear,70.48,0.15,59.91,72.01,1223.78,155,28.0,9286.3,4946.3
2025-12-03,P100,Everyday Sneakers,Footwear,66.22,0.2,52.98,74.82,1347.64,196,28.0,10383.73,4895.73
2025-12-04,P100,Everyday Sneakers,Footwear,69.41,0.15,59.0,72.91,580.91,126,28.0,7434.03,3906.03
2025-12-05,P100,Everyday Sneakers,Footwear,68.94,0.0,68.94,73.59,1186.54,90,28.0,6204.34,3684.34
2025-12-06,P100,Everyday Sneakers,Footwear,67.07,0.2,53.65,66.65,1215.71,190,28.0,10194.0,4874.0
2025-12-07,P100,Everyday Sneakers,Footwear,68.04,0.0,68.04,73.32,1238.66,99,28.0,6735.56,3963.56
2025-12-08,P100,Everyday Sneakers,Footwear,69.25,0.05,65.79,72.19,1411.38,132,28.0,8683.74,4987.74
2025-12-09,P100,Everyday Sneakers,Footwear,67.0,0.2,53.6,69.58,1569.72,160,28.0,8576.5,4096.5
2025-12-10,P100,Everyday Sneakers,Footwear,67.23,0.0,67.23,73.74,1206.08,122,28.0,8201.77,4785.77
2025-12-11,P100,Everyday Sneakers,Footwear,68.59,0.15,58.3,73.44,1214.8,136,28.0,7929.31,4121.31
2025-12-12,P100,Everyday Sneakers,Footwear,67.26,0.0,67.26,72.02,1442.38,98,28.0,6591.04,3847.04
2025-12-13,P100,Everyday Sneakers,Footwear,67.29,0.1,60.56,70.41,804.67,143,28.0,8659.97,4655.97
2025-12-14,P100,Everyday Sneakers,Footwear,67.22,0.2,53.77,72.3,1591.28,209,28.0,11238.95,5386.95
2025-12-15,P100,Everyday Sneakers,Footwear,67.57,0.15,57.43,69.55,887.14,143,28.0,8212.68,4208.68
2025-12-16,P100,Everyday Sneakers,Footwear,67.2,0.0,67.2,68.92,1358.34,118,28.0,7930.16,4626.16
2025-12-17,P100,Everyday Sneakers,Footwear,65.97,0.1,59.38,70.47,1422.94,149,28.0,8847.23,4675.23
2025-12-18,P100,Everyday Sneakers,Footwear,66.07,0.0,66.07,68.65,1310.59,124,28.0,8193.18,4721.18
2025-12-19,P100,Everyday Sneakers,Footwear,65.08,0.2,52.06,72.76,1244.91,212,28.0,11037.39,5101.39
2025-12-20,P100,Everyday Sneakers,Footwear,66.86,0.0,66.86,70.48,716.47,97,28.0,6485.86,3769.86
2025-12-21,P100,Everyday Sneakers,Footwear,68.82,0.0,68.82,69.86,800.88,101,28.0,6950.34,4122.34
2025-12-22,P100,Everyday Sneakers,Footwear,67.38,0.0,67.38,69.34,1436.07,117,28.0,7884.04,4608.04
2025-12-23,P100,Everyday Sneakers,Footwear,67.93,0.0,67.93,73.2,915.67,111,28.0,7539.92,4431.92
2025-12-24,P100,Everyday Sneakers,Footwear,68.86,0.2,55.09,72.61,788.17,175,28.0,9640.13,4740.13
2025-12-25,P100,Everyday Sneakers,Footwear,69.07,0.0,69.07,70.74,1221.63,105,28.0,7252.5,4312.5
2025-12-26,P100,Everyday Sneakers,Footwear,67.7,0.0,67.7,69.92,1284.67,113,28.0,7650.08,4486.08
2025-12-27,P100,Everyday Sneakers,Footwear,66.46,0.05,63.13,75.24,660.28,149,28.0,9406.77,5234.77
2025-12-28,P100,Everyday Sneakers,Footwear,66.29,0.0,66.29,71.21,1316.76,139,28.0,9214.85,5322.85
2025-12-29,P100,Everyday Sneakers,Footwear,68.6,0.0,68.6,72.09,456.05,123,28.0,8438.12,4994.12
2025-12-30,P100,Everyday Sneakers,Footwear,67.56,0.2,54.05,71.93,860.84,175,28.0,9458.82,4558.82
2025-12-31,P100,Everyday Sneakers,Footwear,67.22,0.1,60.5,70.52,1690.43,130,28.0,7865.12,4225.12
2026-01-01,P100,Everyday Sneakers,Footwear,68.18,0.0,68.18,69.99,1226.64,75,28.0,5113.35,3013.35
2026-01-02,P100,Everyday Sneakers,Footwear,67.54,0.0,67.54,69.13,1533.42,77,28.0,5200.89,3044.89
2026-01-03,P100,Everyday Sneakers,Footwear,66.94,0.15,56.9,69.64,1721.03,145,28.0,8249.94,4189.94
2026-01-04,P100,Everyday Sneakers,Footwear,65.97,0.2,52.77,71.94,1493.07,169,28.0,8918.52,4186.52
2026-01-05,P100,Everyday Sneakers,Footwear,66.47,0.2,53.18,67.05,1439.85,127,28.0,6753.38,3197.38
2026-01-06,P100,Everyday Sneakers,Footwear,67.63,0.15,57.48,73.7,903.95,130,28.0,7472.61,3832.61
2026-01-07,P100,Everyday Sneakers,Footwear,68.85,0.2,55.08,71.6,1049.36,147,28.0,8097.09,3981.09
2026-01-08,P100,Everyday Sneakers,Footwear,66.6,0.0,66.6,68.32,1267.84,77,28.0,5128.33,2972.33
2026-01-09,P100,Everyday Sneakers,Footwear,66.71,0.0,66.71,70.2,1218.13,79,28.0,5270.34,3058.34
2026-01-10,P100,Everyday Sneakers,Footwear,67.71,0.0,67.71,68.13,1198.98,84,28.0,5687.41,3335.41
2026-01-11,P100,Everyday Sneakers,Footwear,65.19,0.1,58.67,68.39,1742.23,128,28.0,7510.22,3926.22
2026-01-12,P100,Everyday Sneakers,Footwear,67.18,0.15,57.11,69.65,1249.1,143,28.0,8166.14,4162.14
2026-01-13,P100,Everyday Sneakers,Footwear,65.7,0.2,52.56,66.49,802.5,140,28.0,7358.19,3438.19
2026-01-14,P100,Everyday Sneakers,Footwear,64.78,0.05,61.54,68.3,2154.86,97,28.0,5969.3,3253.3
2026-01-15,P100,Everyday Sneakers,Footwear,66.51,0.05,63.19,67.1,1122.38,102,28.0,6444.98,3588.98
2026-01-16,P100,Everyday Sneakers,Footwear,63.37,0.2,50.7,72.18,1136.76,175,28.0,8872.19,3972.19
2026-01-17,P100,Everyday Sneakers,Footwear,67.43,0.05,64.06,68.6,1090.85,90,28.0,5765.4,3245.4
2026-01-18,P100,Everyday Sneakers,Footwear,66.92,0.0,66.92,67.08,1345.57,94,28.0,6290.57,3658.57
2026-01-19,P100,Everyday Sneakers,Footwear,65.45,0.0,65.45,69.77,818.18,102,28.0,6675.92,3819.92
2026-01-20,P100,Everyday Sneakers,Footwear,64.35,0.0,64.35,71.93,1705.85,105,28.0,6756.57,3816.57
2026-01-21,P100,Everyday Sneakers,Footwear,64.87,0.0,64.87,67.69,1326.38,96,28.0,6227.65,3539.65
2026-01-22,P100,Everyday Sneakers,Footwear,65.88,0.0,65.88,68.16,780.89,86,28.0,5665.36,3257.36
2026-01-23,P100,Everyday Sneakers,Footwear,67.07,0.1,60.37,66.12,1231.76,106,28.0,6398.8,3430.8
2026-01-24,P100,Everyday Sneakers,Footwear,66.06,0.0,66.06,70.89,1482.37,95,28.0,6275.52,3615.52
2026-01-25,P100,Everyday Sneakers,Footwear,66.71,0.0,66.71,66.99,1092.28,102,28.0,6804.71,3948.71
2026-01-26,P100,Everyday Sneakers,Footwear,65.26,0.15,55.47,66.92,1077.18,129,28.0,7155.79,3543.79
2026-01-27,P100,Everyday Sneakers,Footwear,65.14,0.0,65.14,70.04,1526.37,117,28.0,7621.65,4345.65
2026-01-28,P100,Everyday Sneakers,Footwear,68.58,0.0,68.58,68.22,876.57,81,28.0,5555.33,3287.33
2026-01-29,P100,Everyday Sneakers,Footwear,65.01,0.1,58.51,66.23,921.32,118,28.0,6904.41,3600.41
2026-01-30,P100,Everyday Sneakers,Footwear,64.27,0.2,51.42,66.4,2311.44,167,28.0,8586.81,3910.81
2026-01-31,P100,Everyday Sneakers,Footwear,65.83,0.0,65.83,65.69,1914.19,118,28.0,7767.81,4463.81
2026-02-01,P100,Everyday Sneakers,Footwear,66.08,0.2,52.87,68.18,896.28,195,28.0,10309.22,4849.22
2026-02-02,P100,Everyday Sneakers,Footwear,66.69,0.05,63.36,67.92,422.9,91,28.0,5765.7,3217.7
2026-02-03,P100,Everyday Sneakers,Footwear,66.53,0.05,63.2,69.57,726.88,107,28.0,6762.71,3766.71
2026-02-04,P100,Everyday Sneakers,Footwear,66.92,0.05,63.57,64.8,1297.15,105,28.0,6674.89,3734.89
2026-02-05,P100,Everyday Sneakers,Footwear,65.29,0.05,62.03,67.0,1182.17,107,28.0,6636.97,3640.97
2026-02-06,P100,Everyday Sneakers,Footwear,64.96,0.15,55.22,66.73,1285.71,148,28.0,8171.95,4027.95
2026-02-07,P100,Everyday Sneakers,Footwear,65.27,0.0,65.27,67.58,608.47,107,28.0,6983.64,3987.64
2026-02-08,P100,Everyday Sneakers,Footwear,65.63,0.0,65.63,67.42,1645.86,91,28.0,5972.52,3424.52
2026-02-09,P100,Everyday Sneakers,Footwear,63.21,0.15,53.73,67.28,1361.26,145,28.0,7790.76,3730.76
2026-02-10,P100,Everyday Sneakers,Footwear,66.44,0.0,66.44,68.82,1474.23,95,28.0,6311.43,3651.43
2026-02-11,P100,Everyday Sneakers,Footwear,63.04,0.0,63.04,69.24,1532.04,99,28.0,6241.04,3469.04
2026-02-12,P100,Everyday Sneakers,Footwear,66.44,0.2,53.16,68.57,1861.17,155,28.0,8239.15,3899.15
2026-02-13,P100,Everyday Sneakers,Footwear,65.34,0.1,58.81,67.14,897.76,127,28.0,7468.82,3912.82
2026-02-14,P100,Everyday Sneakers,Footwear,66.33,0.15,56.38,67.14,1379.05,151,28.0,8513.76,4285.76
2026-02-15,P100,Everyday Sneakers,Footwear,67.44,0.15,57.32,65.93,1303.95,161,28.0,9228.91,4720.91
2026-02-16,P100,Everyday Sneakers,Footwear,63.8,0.0,63.8,64.64,566.42,95,28.0,6061.22,3401.22
2026-02-17,P100,Everyday Sneakers,Footwear,64.27,0.0,64.27,67.94,1069.04,103,28.0,6620.26,3736.26
2026-02-18,P100,Everyday Sneakers,Footwear,65.29,0.0,65.29,67.9,1471.05,95,28.0,6202.22,3542.22
2026-02-19,P100,Everyday Sneakers,Footwear,65.46,0.0,65.46,67.37,797.09,101,28.0,6611.26,3783.26
2026-02-20,P100,Everyday Sneakers,Footwear,64.35,0.15,54.7,69.05,1668.68,159,28.0,8696.92,4244.92
2026-02-21,P100,Everyday Sneakers,Footwear,65.89,0.05,62.59,67.75,1166.52,124,28.0,7761.26,4289.26
2026-02-22,P100,Everyday Sneakers,Footwear,66.78,0.0,66.78,65.59,1078.17,92,28.0,6143.44,3567.44
2026-02-23,P100,Everyday Sneakers,Footwear,64.42,0.2,51.54,67.73,1951.21,203,28.0,10462.55,4778.55
2026-02-24,P100,Everyday Sneakers,Footwear,63.76,0.05,60.57,67.68,1811.96,117,28.0,7086.6,3810.6
2026-02-25,P100,Everyday Sneakers,Footwear,65.89,0.0,65.89,66.85,917.12,97,28.0,6391.64,3675.64
2026-02-26,P100,Everyday Sneakers,Footwear,63.88,0.05,60.69,67.27,1668.82,112,28.0,6796.98,3660.98
2026-02-27,P100,Everyday Sneakers,Footwear,64.43,0.1,57.98,65.85,1090.63,111,28.0,6436.11,3328.11
2026-02-28,P100,Everyday Sneakers,Footwear,66.4,0.0,66.4,65.49,912.74,98,28.0,6507.01,3763.01
2026-03-01,P100,Everyday Sneakers,Footwear,67.18,0.1,60.46,66.0,1522.88,122,28.0,7376.67,3960.67
2026-03-02,P100,Everyday Sneakers,Footwear,65.94,0.2,52.75,66.43,1130.86,169,28.0,8915.18,4183.18
2026-03-03,P100,Everyday Sneakers,Footwear,64.98,0.0,64.98,67.07,249.82,105,28.0,6822.58,3882.58
2026-03-04,P100,Everyday Sneakers,Footwear,62.23,0.05,59.12,65.05,1669.13,120,28.0,7094.73,3734.73
2026-03-05,P100,Everyday Sneakers,Footwear,64.2,0.1,57.78,67.8,608.26,141,28.0,8147.52,4199.52
2026-03-06,P100,Everyday Sneakers,Footwear,65.97,0.0,65.97,64.0,1090.08,86,28.0,5673.16,3265.16
2026-03-07,P100,Everyday Sneakers,Footwear,67.13,0.2,53.71,63.07,1154.71,156,28.0,8378.03,4010.03
2026-03-08,P100,Everyday Sneakers,Footwear,67.69,0.0,67.69,63.66,1877.52,104,28.0,7040.07,4128.07
2026-03-09,P100,Everyday Sneakers,Footwear,64.73,0.15,55.02,64.56,841.14,143,28.0,7867.61,3863.61
2026-03-10,P100,Everyday Sneakers,Footwear,64.69,0.0,64.69,62.19,1163.32,82,28.0,5304.39,3008.39
2026-03-11,P100,Everyday Sneakers,Footwear,65.31,0.2,52.25,64.38,2020.35,173,28.0,9039.24,4195.24
2026-03-12,P100,Everyday Sneakers,Footwear,66.58,0.0,66.58,62.82,1064.57,94,28.0,6258.25,3626.25
2026-03-13,P100,Everyday Sneakers,Footwear,65.07,0.0,65.07,63.77,1196.91,93,28.0,6051.31,3447.31
2026-03-14,P100,Everyday Sneakers,Footwear,66.57,0.05,63.24,64.7,1202.48,116,28.0,7335.92,4087.92
2026-03-15,P100,Everyday Sneakers,Footwear,65.52,0.0,65.52,66.17,1268.1,106,28.0,6944.76,3976.76
2026-03-16,P100,Everyday Sneakers,Footwear,67.44,0.0,67.44,65.34,1189.59,95,28.0,6406.7,3746.7
2026-03-17,P100,Everyday Sneakers,Footwear,68.59,0.0,68.59,67.03,618.46,91,28.0,6241.72,3693.72
2026-03-18,P100,Everyday Sneakers,Footwear,68.49,0.0,68.49,66.54,1361.43,89,28.0,6095.82,3603.82
2026-03-19,P100,Everyday Sneakers,Footwear,66.65,0.15,56.66,64.36,1195.64,142,28.0,8045.18,4069.18
2026-03-20,P100,Everyday Sneakers,Footwear,65.73,0.05,62.44,64.31,810.31,111,28.0,6931.24,3823.24
2026-03-21,P100,Everyday Sneakers,Footwear,67.39,0.0,67.39,67.3,1331.63,111,28.0,7480.34,4372.34
2026-03-22,P100,Everyday Sneakers,Footwear,67.15,0.0,67.15,65.5,1108.9,127,28.0,8528.0,4972.0
2026-03-23,P100,Everyday Sneakers,Footwear,66.28,0.0,66.28,66.38,1390.67,88,28.0,5832.65,3368.65
2026-03-24,P100,Everyday Sneakers,Footwear,68.26,0.05,64.85,65.48,900.06,114,28.0,7392.99,4200.99
2026-03-25,P100,Everyday Sneakers,Footwear,67.71,0.0,67.71,68.65,1537.17,99,28.0,6703.58,3931.58
2026-03-26,P100,Everyday Sneakers,Footwear,68.95,0.05,65.5,65.9,1289.89,98,28.0,6419.39,3675.39
2026-03-27,P100,Everyday Sneakers,Footwear,67.78,0.0,67.78,65.65,1015.6,94,28.0,6370.96,3738.96
2026-03-28,P100,Everyday Sneakers,Footwear,67.04,0.2,53.63,63.35,770.15,176,28.0,9438.95,4510.95
2026-03-29,P100,Everyday Sneakers,Footwear,64.0,0.2,51.2,64.81,1770.97,188,28.0,9625.43,4361.43
2026-03-30,P100,Everyday Sneakers,Footwear,68.05,0.0,68.05,64.95,1340.95,100,28.0,6805.15,4005.15
2026-03-31,P100,Everyday Sneakers,Footwear,66.74,0.05,63.4,63.94,1406.05,118,28.0,7481.48,4177.48
2026-04-01,P100,Everyday Sneakers,Footwear,68.18,0.0,68.18,68.89,1025.16,84,28.0,5726.72,3374.72
2026-04-02,P100,Everyday Sneakers,Footwear,66.21,0.0,66.21,66.48,1336.81,90,28.0,5959.12,3439.12
2026-04-03,P100,Everyday Sneakers,Footwear,68.43,0.1,61.59,63.56,1717.22,156,28.0,9607.69,5239.69
2026-04-04,P100,Everyday Sneakers,Footwear,68.0,0.0,68.0,64.82,648.32,93,28.0,6324.35,3720.35
2026-04-05,P100,Everyday Sneakers,Footwear,66.28,0.15,56.34,63.21,1920.05,165,28.0,9295.89,4675.89
2026-04-06,P100,Everyday Sneakers,Footwear,68.15,0.15,57.92,65.39,1647.24,140,28.0,8109.48,4189.48
2026-04-07,P100,Everyday Sneakers,Footwear,68.4,0.05,64.98,65.36,1176.82,92,28.0,5977.78,3401.78
2026-04-08,P100,Everyday Sneakers,Footwear,65.39,0.0,65.39,65.81,836.99,97,28.0,6342.76,3626.76
2026-04-09,P100,Everyday Sneakers,Footwear,67.94,0.0,67.94,62.07,970.56,92,28.0,6250.48,3674.48
2026-04-10,P100,Everyday Sneakers,Footwear,68.41,0.0,68.41,66.02,1668.07,103,28.0,7046.47,4162.47
2026-04-11,P100,Everyday Sneakers,Footwear,67.89,0.0,67.89,64.98,1073.44,106,28.0,7195.94,4227.94
2026-04-12,P100,Everyday Sneakers,Footwear,68.31,0.15,58.06,66.02,1594.76,156,28.0,9057.37,4689.37
2026-04-13,P100,Everyday Sneakers,Footwear,69.09,0.15,58.73,67.3,1010.37,114,28.0,6695.0,3503.0
2026-04-14,P100,Everyday Sneakers,Footwear,70.08,0.05,66.58,62.93,1043.02,104,28.0,6924.38,4012.38
2026-04-15,P100,Everyday Sneakers,Footwear,67.92,0.15,57.73,65.0,1804.32,129,28.0,7447.13,3835.13
2026-04-16,P100,Everyday Sneakers,Footwear,67.35,0.15,57.24,66.57,1478.68,155,28.0,8872.9,4532.9
2026-04-17,P100,Everyday Sneakers,Footwear,68.63,0.0,68.63,66.77,1206.68,94,28.0,6451.23,3819.23
2026-04-18,P100,Everyday Sneakers,Footwear,68.58,0.2,54.87,67.28,1499.85,177,28.0,9711.21,4755.21
2026-04-19,P100,Everyday Sneakers,Footwear,67.52,0.2,54.02,66.12,1289.91,179,28.0,9669.29,4657.29
2026-04-20,P100,Everyday Sneakers,Footwear,71.28,0.1,64.15,66.75,1684.65,117,28.0,7505.44,4229.44
2026-04-21,P100,Everyday Sneakers,Footwear,71.5,0.05,67.92,65.43,1416.67,92,28.0,6249.07,3673.07
2026-04-22,P100,Everyday Sneakers,Footwear,68.27,0.2,54.62,67.55,1414.87,180,28.0,9830.83,4790.83
2026-04-23,P100,Everyday Sneakers,Footwear,68.64,0.05,65.21,65.59,2273.43,115,28.0,7499.45,4279.45
2026-04-24,P100,Everyday Sneakers,Footwear,67.94,0.0,67.94,64.59,1637.16,92,28.0,6250.59,3674.59
2026-04-25,P100,Everyday Sneakers,Footwear,69.04,0.0,69.04,66.12,1563.34,95,28.0,6558.59,3898.59
2026-04-26,P100,Everyday Sneakers,Footwear,67.62,0.0,67.62,67.3,1419.71,99,28.0,6694.85,3922.85
2026-04-27,P100,Everyday Sneakers,Footwear,69.83,0.2,55.86,65.06,1112.25,136,28.0,7597.42,3789.42
2026-04-28,P100,Everyday Sneakers,Footwear,70.65,0.0,70.65,67.4,1749.0,119,28.0,8407.42,5075.42
2026-04-29,P100,Everyday Sneakers,Footwear,67.02,0.05,63.67,65.16,1078.18,99,28.0,6303.53,3531.53
2026-04-30,P100,Everyday Sneakers,Footwear,67.85,0.15,57.67,64.39,1420.62,137,28.0,7901.44,4065.44
2026-05-01,P100,Everyday Sneakers,Footwear,69.82,0.0,69.82,67.38,1517.08,89,28.0,6213.62,3721.62
2026-05-02,P100,Everyday Sneakers,Footwear,71.88,0.1,64.69,63.4,939.14,98,28.0,6339.65,3595.65
2026-05-03,P100,Everyday Sneakers,Footwear,69.36,0.1,62.42,66.41,1131.37,153,28.0,9550.43,5266.43
2026-05-04,P100,Everyday Sneakers,Footwear,70.06,0.05,66.56,65.09,940.31,98,28.0,6522.61,3778.61
2026-05-05,P100,Everyday Sneakers,Footwear,69.65,0.0,69.65,63.57,1235.09,87,28.0,6059.71,3623.71
2026-05-06,P100,Everyday Sneakers,Footwear,69.23,0.0,69.23,65.86,1236.33,91,28.0,6299.69,3751.69
2026-05-07,P100,Everyday Sneakers,Footwear,70.28,0.0,70.28,68.67,1194.03,87,28.0,6114.41,3678.41
2026-05-08,P100,Everyday Sneakers,Footwear,70.12,0.0,70.12,66.15,1584.54,99,28.0,6942.32,4170.32
2026-05-09,P100,Everyday Sneakers,Footwear,71.22,0.0,71.22,69.97,988.09,97,28.0,6908.06,4192.06
2026-05-10,P100,Everyday Sneakers,Footwear,69.7,0.0,69.7,65.9,765.2,96,28.0,6690.82,4002.82
2026-05-11,P100,Everyday Sneakers,Footwear,68.79,0.05,65.35,67.21,1014.14,93,28.0,6077.3,3473.3
2026-05-12,P100,Everyday Sneakers,Footwear,70.06,0.0,70.06,68.11,2086.91,97,28.0,6795.58,4079.58
2026-05-13,P100,Everyday Sneakers,Footwear,70.41,0.05,66.89,65.36,836.71,110,28.0,7357.51,4277.51
2026-05-14,P100,Everyday Sneakers,Footwear,68.72,0.1,61.85,67.19,1267.53,109,28.0,6741.8,3689.8
2026-05-15,P100,Everyday Sneakers,Footwear,69.52,0.0,69.52,69.41,1009.84,80,28.0,5561.63,3321.63
2026-05-16,P100,Everyday Sneakers,Footwear,71.09,0.1,63.98,66.33,730.42,110,28.0,7037.48,3957.48
2026-05-17,P100,Everyday Sneakers,Footwear,69.9,0.0,69.9,69.43,926.83,97,28.0,6780.48,4064.48
2026-05-18,P100,Everyday Sneakers,Footwear,70.83,0.0,70.83,69.27,874.32,89,28.0,6303.92,3811.92
2026-05-19,P100,Everyday Sneakers,Footwear,70.34,0.05,66.82,69.42,1498.33,84,28.0,5613.14,3261.14
2026-05-20,P100,Everyday Sneakers,Footwear,69.11,0.0,69.11,67.31,1471.94,99,28.0,6841.9,4069.9
2026-05-21,P100,Everyday Sneakers,Footwear,70.85,0.0,70.85,67.35,635.32,80,28.0,5667.71,3427.71
2026-05-22,P100,Everyday Sneakers,Footwear,70.64,0.2,56.51,68.85,1627.02,154,28.0,8702.93,4390.93
2026-05-23,P100,Everyday Sneakers,Footwear,66.41,0.0,66.41,65.67,1979.03,104,28.0,6906.52,3994.52
2026-05-24,P100,Everyday Sneakers,Footwear,67.76,0.15,57.59,67.94,1697.78,159,28.0,9157.3,4705.3
2026-05-25,P100,Everyday Sneakers,Footwear,70.77,0.1,63.69,68.6,1551.1,141,28.0,8980.86,5032.86
2026-05-26,P100,Everyday Sneakers,Footwear,71.42,0.1,64.28,68.81,1710.93,128,28.0,8227.75,4643.75
2026-05-27,P100,Everyday Sneakers,Footwear,69.73,0.0,69.73,70.1,1633.99,118,28.0,8228.4,4924.4
2026-05-28,P100,Everyday Sneakers,Footwear,69.36,0.0,69.36,67.67,1123.52,82,28.0,5687.21,3391.21
2026-05-29,P100,Everyday Sneakers,Footwear,66.91,0.0,66.91,67.53,1432.97,92,28.0,6155.79,3579.79
2026-05-30,P100,Everyday Sneakers,Footwear,72.68,0.0,72.68,70.53,1394.11,102,28.0,7413.12,4557.12
2026-05-31,P100,Everyday Sneakers,Footwear,70.67,0.05,67.13,70.73,1320.14,116,28.0,7787.32,4539.32
2026-06-01,P100,Everyday Sneakers,Footwear,70.79,0.15,60.17,69.17,2104.38,132,28.0,7942.08,4246.08
2026-06-02,P100,Everyday Sneakers,Footwear,70.86,0.0,70.86,70.69,1710.49,91,28.0,6448.39,3900.39
2026-06-03,P100,Everyday Sneakers,Footwear,67.44,0.0,67.44,64.85,1829.18,95,28.0,6406.84,3746.84
2026-06-04,P100,Everyday Sneakers,Footwear,71.59,0.0,71.59,67.16,741.1,83,28.0,5941.9,3617.9
2026-06-05,P100,Everyday Sneakers,Footwear,70.33,0.0,70.33,68.91,2296.28,101,28.0,7103.4,4275.4
2026-06-06,P100,Everyday Sneakers,Footwear,71.66,0.0,71.66,70.27,1832.61,96,28.0,6879.44,4191.44
2026-06-07,P100,Everyday Sneakers,Footwear,67.86,0.05,64.47,70.28,950.87,113,28.0,7285.2,4121.2
2026-06-08,P100,Everyday Sneakers,Footwear,69.53,0.0,69.53,71.53,1569.8,99,28.0,6883.79,4111.79
2026-06-09,P100,Everyday Sneakers,Footwear,71.14,0.1,64.03,69.38,873.33,88,28.0,5634.3,3170.3
2026-06-10,P100,Everyday Sneakers,Footwear,70.56,0.15,59.98,69.67,1735.34,151,28.0,9056.44,4828.44
2026-06-11,P100,Everyday Sneakers,Footwear,72.29,0.2,57.84,68.59,1472.92,176,28.0,10179.03,5251.03
2026-06-12,P100,Everyday Sneakers,Footwear,72.18,0.2,57.74,71.16,1160.4,130,28.0,7506.54,3866.54
2026-06-13,P100,Everyday Sneakers,Footwear,71.32,0.15,60.63,68.92,1258.68,157,28.0,9518.26,5122.26
2026-06-14,P100,Everyday Sneakers,Footwear,69.92,0.0,69.92,65.25,1481.6,88,28.0,6152.56,3688.56
2026-06-15,P100,Everyday Sneakers,Footwear,70.39,0.0,70.39,69.0,1584.52,77,28.0,5420.08,3264.08
2026-06-16,P100,Everyday Sneakers,Footwear,69.69,0.15,59.24,70.7,1078.93,111,28.0,6575.51,3467.51
2026-06-17,P100,Everyday Sneakers,Footwear,71.13,0.0,71.13,69.52,594.1,86,28.0,6117.13,3709.13
2026-06-18,P100,Everyday Sneakers,Footwear,68.26,0.05,64.85,70.19,980.51,91,28.0,5901.35,3353.35
2026-06-19,P100,Everyday Sneakers,Footwear,69.74,0.05,66.25,68.64,1511.93,96,28.0,6359.93,3671.93
2026-06-20,P100,Everyday Sneakers,Footwear,71.46,0.0,71.46,70.28,1048.88,85,28.0,6073.86,3693.86
2026-06-21,P100,Everyday Sneakers,Footwear,68.22,0.0,68.22,69.27,446.01,89,28.0,6071.56,3579.56
2026-06-22,P100,Everyday Sneakers,Footwear,69.11,0.0,69.11,72.61,687.0,77,28.0,5321.51,3165.51
2026-06-23,P100,Everyday Sneakers,Footwear,71.55,0.0,71.55,68.73,1072.45,86,28.0,6153.09,3745.09
2026-06-24,P100,Everyday Sneakers,Footwear,67.31,0.1,60.58,66.9,1198.94,131,28.0,7936.39,4268.39
2026-06-25,P100,Everyday Sneakers,Footwear,69.6,0.15,59.16,72.05,2058.48,130,28.0,7691.02,4051.02
2026-06-26,P100,Everyday Sneakers,Footwear,70.09,0.0,70.09,73.28,752.01,94,28.0,6588.04,3956.04
2026-06-27,P100,Everyday Sneakers,Footwear,68.83,0.15,58.5,69.84,955.12,127,28.0,7430.09,3874.09
2026-06-28,P100,Everyday Sneakers,Footwear,70.38,0.0,70.38,72.0,1253.29,96,28.0,6756.62,4068.62
2026-06-29,P100,Everyday Sneakers,Footwear,70.71,0.2,56.57,71.63,1594.96,185,28.0,10464.87,5284.87
2026-06-30,P100,Everyday Sneakers,Footwear,69.51,0.05,66.04,69.65,1576.83,107,28.0,7066.09,4070.09
2025-01-01,P101,Trail Running Shoes,Footwear,110.92,0.15,94.28,117.05,1002.07,71,49.0,6694.1,3215.1
2025-01-02,P101,Trail Running Shoes,Footwear,112.29,0.0,112.29,118.43,1082.34,46,49.0,5165.18,2911.18
2025-01-03,P101,Trail Running Shoes,Footwear,108.35,0.1,97.51,112.06,1244.34,61,49.0,5948.3,2959.3
2025-01-04,P101,Trail Running Shoes,Footwear,110.9,0.0,110.9,113.67,1141.42,67,49.0,7430.35,4147.35
2025-01-05,P101,Trail Running Shoes,Footwear,113.76,0.15,96.69,114.65,1144.04,82,49.0,7928.89,3910.89
2025-01-06,P101,Trail Running Shoes,Footwear,113.71,0.1,102.34,113.49,1313.13,54,49.0,5526.1,2880.1
2025-01-07,P101,Trail Running Shoes,Footwear,113.06,0.05,107.41,115.34,1953.95,58,49.0,6229.59,3387.59
2025-01-08,P101,Trail Running Shoes,Footwear,113.18,0.1,101.86,116.12,1263.89,66,49.0,6722.63,3488.63
2025-01-09,P101,Trail Running Shoes,Footwear,113.06,0.0,113.06,120.17,1299.19,60,49.0,6783.41,3843.41
2025-01-10,P101,Trail Running Shoes,Footwear,111.53,0.05,105.95,118.55,1025.68,68,49.0,7204.8,3872.8
2025-01-11,P101,Trail Running Shoes,Footwear,117.5,0.0,117.5,110.35,1102.69,61,49.0,7167.7,4178.7
2025-01-12,P101,Trail Running Shoes,Footwear,114.26,0.1,102.84,117.27,1663.12,79,49.0,8124.12,4253.12
2025-01-13,P101,Trail Running Shoes,Footwear,115.7,0.1,104.13,120.92,1429.17,74,49.0,7705.89,4079.89
2025-01-14,P101,Trail Running Shoes,Footwear,112.73,0.1,101.46,115.06,1914.44,72,49.0,7304.9,3776.9
2025-01-15,P101,Trail Running Shoes,Footwear,115.07,0.0,115.07,115.18,1303.95,61,49.0,7019.32,4030.32
2025-01-16,P101,Trail Running Shoes,Footwear,114.67,0.0,114.67,112.11,1222.51,62,49.0,7109.25,4071.25
2025-01-17,P101,Trail Running Shoes,Footwear,113.21,0.0,113.21,122.28,1545.66,58,49.0,6566.28,3724.28
2025-01-18,P101,Trail Running Shoes,Footwear,112.99,0.15,96.04,120.08,1104.89,94,49.0,9027.87,4421.87
2025-01-19,P101,Trail Running Shoes,Footwear,114.93,0.15,97.69,117.53,1237.01,91,49.0,8889.51,4430.51
2025-01-20,P101,Trail Running Shoes,Footwear,112.18,0.15,95.35,112.65,1521.2,81,49.0,7723.67,3754.67
2025-01-21,P101,Trail Running Shoes,Footwear,114.99,0.05,109.24,116.37,1583.49,62,49.0,6772.64,3734.64
2025-01-22,P101,Trail Running Shoes,Footwear,113.13,0.0,113.13,116.46,2027.43,50,49.0,5656.27,3206.27
2025-01-23,P101,Trail Running Shoes,Footwear,115.2,0.0,115.2,117.09,1143.89,45,49.0,5184.16,2979.16
2025-01-24,P101,Trail Running Shoes,Footwear,115.07,0.0,115.07,116.39,544.29,56,49.0,6443.76,3699.76
2025-01-25,P101,Trail Running Shoes,Footwear,117.26,0.05,111.4,118.52,1316.58,75,49.0,8354.85,4679.85
2025-01-26,P101,Trail Running Shoes,Footwear,117.84,0.15,100.17,120.74,961.05,83,49.0,8313.85,4246.85
2025-01-27,P101,Trail Running Shoes,Footwear,115.42,0.0,115.42,118.94,2118.28,63,49.0,7271.43,4184.43
2025-01-28,P101,Trail Running Shoes,Footwear,117.58,0.0,117.58,118.19,1273.64,56,49.0,6584.69,3840.69
2025-01-29,P101,Trail Running Shoes,Footwear,113.05,0.0,113.05,121.27,1794.04,55,49.0,6217.56,3522.56
2025-01-30,P101,Trail Running Shoes,Footwear,116.72,0.05,110.88,117.53,1422.33,64,49.0,7096.51,3960.51
2025-01-31,P101,Trail Running Shoes,Footwear,116.85,0.15,99.32,121.76,1411.39,83,49.0,8243.49,4176.49
2025-02-01,P101,Trail Running Shoes,Footwear,113.23,0.2,90.59,123.9,1469.14,109,49.0,9873.96,4532.96
2025-02-02,P101,Trail Running Shoes,Footwear,111.74,0.0,111.74,121.36,1403.28,56,49.0,6257.5,3513.5
2025-02-03,P101,Trail Running Shoes,Footwear,117.14,0.05,111.29,116.41,1808.07,62,49.0,6899.78,3861.78
2025-02-04,P101,Trail Running Shoes,Footwear,115.53,0.05,109.75,115.45,942.58,59,49.0,6475.39,3584.39
2025-02-05,P101,Trail Running Shoes,Footwear,116.85,0.0,116.85,114.27,699.51,56,49.0,6543.43,3799.43
2025-02-06,P101,Trail Running Shoes,Footwear,114.02,0.0,114.02,112.82,1055.57,55,49.0,6271.35,3576.35
2025-02-07,P101,Trail Running Shoes,Footwear,117.17,0.0,117.17,115.89,1896.66,54,49.0,6327.41,3681.41
2025-02-08,P101,Trail Running Shoes,Footwear,113.98,0.1,102.58,118.66,1101.27,77,49.0,7898.64,4125.64
2025-02-09,P101,Trail Running Shoes,Footwear,118.14,0.15,100.42,122.2,1005.95,84,49.0,8434.91,4318.91
2025-02-10,P101,Trail Running Shoes,Footwear,115.64,0.0,115.64,117.95,1301.92,63,49.0,7285.38,4198.38
2025-02-11,P101,Trail Running Shoes,Footwear,117.94,0.2,94.35,117.2,1222.98,90,49.0,8491.82,4081.82
2025-02-12,P101,Trail Running Shoes,Footwear,114.37,0.1,102.94,117.89,951.02,64,49.0,6587.95,3451.95
2025-02-13,P101,Trail Running Shoes,Footwear,118.51,0.05,112.59,117.71,1890.53,61,49.0,6867.92,3878.92
2025-02-14,P101,Trail Running Shoes,Footwear,116.23,0.15,98.79,115.19,616.79,82,49.0,8100.89,4082.89
2025-02-15,P101,Trail Running Shoes,Footwear,114.01,0.2,91.21,118.1,1089.07,100,49.0,9120.74,4220.74
2025-02-16,P101,Trail Running Shoes,Footwear,113.8,0.05,108.11,119.42,937.01,66,49.0,7134.97,3900.97
2025-02-17,P101,Trail Running Shoes,Footwear,115.04,0.05,109.29,114.16,1147.88,63,49.0,6885.38,3798.38
2025-02-18,P101,Trail Running Shoes,Footwear,114.97,0.05,109.22,118.1,1063.93,68,49.0,7426.99,4094.99
2025-02-19,P101,Trail Running Shoes,Footwear,118.7,0.2,94.96,116.85,1474.67,84,49.0,7976.4,3860.4
2025-02-20,P101,Trail Running Shoes,Footwear,116.56,0.0,116.56,119.56,661.57,58,49.0,6760.64,3918.64
2025-02-21,P101,Trail Running Shoes,Footwear,118.33,0.1,106.5,117.51,1658.43,67,49.0,7135.49,3852.49
2025-02-22,P101,Trail Running Shoes,Footwear,112.87,0.15,95.94,113.19,1213.68,98,49.0,9402.21,4600.21
2025-02-23,P101,Trail Running Shoes,Footwear,112.03,0.0,112.03,114.51,928.47,63,49.0,7058.04,3971.04
2025-02-24,P101,Trail Running Shoes,Footwear,115.16,0.2,92.13,120.75,1478.3,94,49.0,8659.91,4053.91
2025-02-25,P101,Trail Running Shoes,Footwear,116.7,0.2,93.36,115.64,1608.6,80,49.0,7468.72,3548.72
2025-02-26,P101,Trail Running Shoes,Footwear,117.6,0.1,105.84,118.62,1236.56,73,49.0,7726.17,4149.17
2025-02-27,P101,Trail Running Shoes,Footwear,110.15,0.2,88.12,118.84,1259.19,95,49.0,8371.35,3716.35
2025-02-28,P101,Trail Running Shoes,Footwear,117.34,0.0,117.34,114.77,1249.1,57,49.0,6688.63,3895.63
2025-03-01,P101,Trail Running Shoes,Footwear,116.15,0.15,98.73,118.39,1674.17,82,49.0,8095.7,4077.7
2025-03-02,P101,Trail Running Shoes,Footwear,116.27,0.0,116.27,113.04,1364.67,59,49.0,6859.88,3968.88
2025-03-03,P101,Trail Running Shoes,Footwear,115.16,0.0,115.16,115.32,1238.96,68,49.0,7830.93,4498.93
2025-03-04,P101,Trail Running Shoes,Footwear,113.35,0.05,107.68,114.17,1921.87,65,49.0,6999.32,3814.32
2025-03-05,P101,Trail Running Shoes,Footwear,115.83,0.15,98.46,116.65,960.01,77,49.0,7581.35,3808.35
2025-03-06,P101,Trail Running Shoes,Footwear,120.83,0.0,120.83,115.34,1533.13,52,49.0,6282.97,3734.97
2025-03-07,P101,Trail Running Shoes,Footwear,112.27,0.05,106.66,120.53,1717.63,78,49.0,8319.3,4497.3
2025-03-08,P101,Trail Running Shoes,Footwear,114.88,0.0,114.88,119.73,1440.94,64,49.0,7352.59,4216.59
2025-03-09,P101,Trail Running Shoes,Footwear,112.54,0.0,112.54,117.89,1688.44,62,49.0,6977.7,3939.7
2025-03-10,P101,Trail Running Shoes,Footwear,117.07,0.15,99.51,119.62,1613.91,77,49.0,7662.15,3889.15
2025-03-11,P101,Trail Running Shoes,Footwear,112.49,0.0,112.49,115.96,1620.09,59,49.0,6637.02,3746.02
2025-03-12,P101,Trail Running Shoes,Footwear,114.32,0.05,108.6,122.31,1597.26,75,49.0,8145.33,4470.33
2025-03-13,P101,Trail Running Shoes,Footwear,117.64,0.15,99.99,118.95,1212.04,79,49.0,7899.24,4028.24
2025-03-14,P101,Trail Running Shoes,Footwear,114.79,0.05,109.05,118.83,1133.03,69,49.0,7524.18,4143.18
2025-03-15,P101,Trail Running Shoes,Footwear,113.57,0.0,113.57,121.41,1062.02,70,49.0,7949.85,4519.85
2025-03-16,P101,Trail Running Shoes,Footwear,117.71,0.1,105.94,117.4,1303.89,78,49.0,8263.48,4441.48
2025-03-17,P101,Trail Running Shoes,Footwear,114.36,0.0,114.36,115.8,1832.65,61,49.0,6975.74,3986.74
2025-03-18,P101,Trail Running Shoes,Footwear,113.89,0.05,108.19,120.07,1543.22,73,49.0,7898.06,4321.06
2025-03-19,P101,Trail Running Shoes,Footwear,114.9,0.1,103.41,118.51,1068.32,71,49.0,7342.2,3863.2
2025-03-20,P101,Trail Running Shoes,Footwear,117.32,0.15,99.72,114.08,992.01,78,49.0,7778.5,3956.5
2025-03-21,P101,Trail Running Shoes,Footwear,118.79,0.0,118.79,111.39,1400.2,49,49.0,5820.81,3419.81
2025-03-22,P101,Trail Running Shoes,Footwear,113.98,0.0,113.98,115.49,1107.83,65,49.0,7408.41,4223.41
2025-03-23,P101,Trail Running Shoes,Footwear,114.11,0.0,114.11,112.49,1580.75,70,49.0,7988.05,4558.05
2025-03-24,P101,Trail Running Shoes,Footwear,116.83,0.0,116.83,117.34,1543.35,54,49.0,6308.89,3662.89
2025-03-25,P101,Trail Running Shoes,Footwear,115.09,0.0,115.09,116.08,1963.17,74,49.0,8516.3,4890.3
2025-03-26,P101,Trail Running Shoes,Footwear,111.64,0.05,106.06,113.76,1653.04,75,49.0,7954.65,4279.65
2025-03-27,P101,Trail Running Shoes,Footwear,112.92,0.2,90.34,117.61,1261.29,99,49.0,8943.49,4092.49
2025-03-28,P101,Trail Running Shoes,Footwear,115.32,0.0,115.32,116.35,1239.57,65,49.0,7496.05,4311.05
2025-03-29,P101,Trail Running Shoes,Footwear,115.96,0.2,92.76,118.09,1060.75,90,49.0,8348.78,3938.78
2025-03-30,P101,Trail Running Shoes,Footwear,113.57,0.05,107.89,118.15,1651.35,75,49.0,8091.52,4416.52
2025-03-31,P101,Trail Running Shoes,Footwear,117.52,0.05,111.64,119.68,1387.62,61,49.0,6810.1,3821.1
2025-04-01,P101,Trail Running Shoes,Footwear,117.73,0.05,111.84,116.1,1177.74,59,49.0,6598.69,3707.69
2025-04-02,P101,Trail Running Shoes,Footwear,111.51,0.0,111.51,117.42,1017.98,81,49.0,9032.36,5063.36
2025-04-03,P101,Trail Running Shoes,Footwear,112.2,0.05,106.59,116.97,1850.55,71,49.0,7567.8,4088.8
2025-04-04,P101,Trail Running Shoes,Footwear,115.46,0.1,103.91,110.28,1056.1,63,49.0,6546.41,3459.41
2025-04-05,P101,Trail Running Shoes,Footwear,110.4,0.1,99.36,109.06,824.01,75,49.0,7451.76,3776.76
2025-04-06,P101,Trail Running Shoes,Footwear,112.45,0.0,112.45,116.34,1410.01,74,49.0,8321.5,4695.5
2025-04-07,P101,Trail Running Shoes,Footwear,115.56,0.0,115.56,115.12,1409.25,62,49.0,7164.45,4126.45
2025-04-08,P101,Trail Running Shoes,Footwear,114.23,0.2,91.39,113.9,1180.32,84,49.0,7676.47,3560.47
2025-04-09,P101,Trail Running Shoes,Footwear,114.71,0.05,108.97,113.05,1061.59,57,49.0,6211.28,3418.28
2025-04-10,P101,Trail Running Shoes,Footwear,115.73,0.0,115.73,115.02,989.39,62,49.0,7175.53,4137.53
2025-04-11,P101,Trail Running Shoes,Footwear,112.54,0.0,112.54,117.55,1106.65,59,49.0,6639.62,3748.62
2025-04-12,P101,Trail Running Shoes,Footwear,113.65,0.1,102.29,117.77,1307.21,74,49.0,7569.24,3943.24
2025-04-13,P101,Trail Running Shoes,Footwear,114.57,0.1,103.11,119.75,1299.6,68,49.0,7011.56,3679.56
2025-04-14,P101,Trail Running Shoes,Footwear,114.09,0.1,102.68,119.79,1867.33,93,49.0,9549.61,4992.61
2025-04-15,P101,Trail Running Shoes,Footwear,111.22,0.05,105.66,112.21,1380.74,60,49.0,6339.39,3399.39
2025-04-16,P101,Trail Running Shoes,Footwear,111.87,0.0,111.87,112.23,1623.48,66,49.0,7383.64,4149.64
2025-04-17,P101,Trail Running Shoes,Footwear,113.63,0.0,113.63,113.13,1031.4,63,49.0,7158.63,4071.63
2025-04-18,P101,Trail Running Shoes,Footwear,115.34,0.05,109.58,116.85,1028.12,51,49.0,5588.41,3089.41
2025-04-19,P101,Trail Running Shoes,Footwear,109.3,0.0,109.3,112.65,1029.74,78,49.0,8525.67,4703.67
2025-04-20,P101,Trail Running Shoes,Footwear,115.31,0.0,115.31,113.73,1194.37,63,49.0,7264.69,4177.69
2025-04-21,P101,Trail Running Shoes,Footwear,113.12,0.05,107.46,114.72,1561.37,75,49.0,8059.5,4384.5
2025-04-22,P101,Trail Running Shoes,Footwear,110.2,0.1,99.18,115.54,1193.96,61,49.0,6049.71,3060.71
2025-04-23,P101,Trail Running Shoes,Footwear,108.16,0.0,108.16,114.79,1340.97,65,49.0,7030.25,3845.25
2025-04-24,P101,Trail Running Shoes,Footwear,116.28,0.05,110.46,109.64,1290.12,64,49.0,7069.57,3933.57
2025-04-25,P101,Trail Running Shoes,Footwear,110.75,0.0,110.75,108.59,1807.57,58,49.0,6423.66,3581.66
2025-04-26,P101,Trail Running Shoes,Footwear,116.23,0.0,116.23,112.86,1670.1,64,49.0,7438.5,4302.5
2025-04-27,P101,Trail Running Shoes,Footwear,111.96,0.0,111.96,113.17,1414.48,62,49.0,6941.73,3903.73
2025-04-28,P101,Trail Running Shoes,Footwear,111.67,0.2,89.33,111.01,2127.88,96,49.0,8576.05,3872.05
2025-04-29,P101,Trail Running Shoes,Footwear,114.93,0.15,97.69,113.33,824.31,74,49.0,7229.01,3603.01
2025-04-30,P101,Trail Running Shoes,Footwear,112.13,0.1,100.92,116.93,1379.91,86,49.0,8679.03,4465.03
2025-05-01,P101,Trail Running Shoes,Footwear,112.89,0.0,112.89,112.21,2160.48,60,49.0,6773.64,3833.64
2025-05-02,P101,Trail Running Shoes,Footwear,109.95,0.0,109.95,108.87,2139.17,68,49.0,7476.72,4144.72
2025-05-03,P101,Trail Running Shoes,Footwear,110.72,0.05,105.18,114.07,2007.81,68,49.0,7152.42,3820.42
2025-05-04,P101,Trail Running Shoes,Footwear,110.75,0.2,88.6,110.73,589.47,106,49.0,9391.83,4197.83
2025-05-05,P101,Trail Running Shoes,Footwear,110.64,0.0,110.64,118.52,1172.83,60,49.0,6638.32,3698.32
2025-05-06,P101,Trail Running Shoes,Footwear,111.32,0.0,111.32,114.56,1095.98,57,49.0,6345.22,3552.22
2025-05-07,P101,Trail Running Shoes,Footwear,113.11,0.15,96.14,105.96,858.86,86,49.0,8268.28,4054.28
2025-05-08,P101,Trail Running Shoes,Footwear,111.69,0.2,89.35,109.44,1238.65,89,49.0,7952.06,3591.06
2025-05-09,P101,Trail Running Shoes,Footwear,112.26,0.0,112.26,109.11,1398.26,58,49.0,6510.97,3668.97
2025-05-10,P101,Trail Running Shoes,Footwear,111.83,0.0,111.83,107.91,1428.57,71,49.0,7939.75,4460.75
2025-05-11,P101,Trail Running Shoes,Footwear,111.56,0.0,111.56,110.97,999.45,63,49.0,7028.08,3941.08
2025-05-12,P101,Trail Running Shoes,Footwear,113.02,0.0,113.02,110.8,979.67,54,49.0,6102.91,3456.91
2025-05-13,P101,Trail Running Shoes,Footwear,110.79,0.2,88.63,112.39,1488.22,101,49.0,8951.44,4002.44
2025-05-14,P101,Trail Running Shoes,Footwear,113.15,0.0,113.15,113.71,963.67,53,49.0,5997.17,3400.17
2025-05-15,P101,Trail Running Shoes,Footwear,110.04,0.1,99.03,107.63,1140.99,68,49.0,6734.26,3402.26
2025-05-16,P101,Trail Running Shoes,Footwear,108.74,0.1,97.87,109.83,1724.24,78,49.0,7633.69,3811.69
2025-05-17,P101,Trail Running Shoes,Footwear,114.99,0.05,109.24,109.8,1301.49,70,49.0,7646.68,4216.68
2025-05-18,P101,Trail Running Shoes,Footwear,110.79,0.0,110.79,116.32,995.68,71,49.0,7866.2,4387.2
2025-05-19,P101,Trail Running Shoes,Footwear,110.24,0.0,110.24,112.57,1756.34,57,49.0,6283.91,3490.91
2025-05-20,P101,Trail Running Shoes,Footwear,109.72,0.15,93.26,105.48,846.83,84,49.0,7833.99,3717.99
2025-05-21,P101,Trail Running Shoes,Footwear,108.71,0.05,103.28,110.86,1111.93,63,49.0,6506.4,3419.4
2025-05-22,P101,Trail Running Shoes,Footwear,111.06,0.0,111.06,106.87,974.07,57,49.0,6330.34,3537.34
2025-05-23,P101,Trail Running Shoes,Footwear,111.44,0.0,111.44,108.16,1637.46,55,49.0,6129.21,3434.21
2025-05-24,P101,Trail Running Shoes,Footwear,113.09,0.1,101.78,106.76,1778.25,73,49.0,7429.83,3852.83
2025-05-25,P101,Trail Running Shoes,Footwear,113.39,0.05,107.72,107.0,1111.99,72,49.0,7755.59,4227.59
2025-05-26,P101,Trail Running Shoes,Footwear,111.37,0.2,89.1,109.56,1316.08,95,49.0,8464.33,3809.33
2025-05-27,P101,Trail Running Shoes,Footwear,109.44,0.15,93.03,107.39,1384.64,89,49.0,8279.27,3918.27
2025-05-28,P101,Trail Running Shoes,Footwear,112.36,0.05,106.74,111.77,1403.42,69,49.0,7365.3,3984.3
2025-05-29,P101,Trail Running Shoes,Footwear,107.69,0.1,96.92,107.2,850.45,73,49.0,7075.18,3498.18
2025-05-30,P101,Trail Running Shoes,Footwear,109.34,0.0,109.34,111.35,1496.6,61,49.0,6669.69,3680.69
2025-05-31,P101,Trail Running Shoes,Footwear,110.02,0.05,104.52,110.5,1038.59,72,49.0,7525.46,3997.46
2025-06-01,P101,Trail Running Shoes,Footwear,110.18,0.15,93.66,107.39,1318.66,82,49.0,7679.76,3661.76
2025-06-02,P101,Trail Running Shoes,Footwear,107.71,0.2,86.17,112.74,1683.65,100,49.0,8617.02,3717.02
2025-06-03,P101,Trail Running Shoes,Footwear,112.69,0.0,112.69,108.59,2391.43,58,49.0,6536.09,3694.09
2025-06-04,P101,Trail Running Shoes,Footwear,109.17,0.0,109.17,110.09,1600.82,59,49.0,6441.21,3550.21
2025-06-05,P101,Trail Running Shoes,Footwear,112.19,0.0,112.19,109.65,1397.37,52,49.0,5833.69,3285.69
2025-06-06,P101,Trail Running Shoes,Footwear,109.4,0.0,109.4,107.21,1020.47,71,49.0,7767.14,4288.14
2025-06-07,P101,Trail Running Shoes,Footwear,107.97,0.1,97.18,104.77,1048.64,76,49.0,7385.31,3661.31
2025-06-08,P101,Trail Running Shoes,Footwear,109.56,0.0,109.56,110.69,1067.85,65,49.0,7121.33,3936.33
2025-06-09,P101,Trail Running Shoes,Footwear,106.65,0.0,106.65,107.0,969.62,51,49.0,5438.98,2939.98
2025-06-10,P101,Trail Running Shoes,Footwear,110.52,0.0,110.52,111.41,1314.15,62,49.0,6852.05,3814.05
2025-06-11,P101,Trail Running Shoes,Footwear,104.78,0.0,104.78,111.04,1363.76,65,49.0,6810.83,3625.83
2025-06-12,P101,Trail Running Shoes,Footwear,109.06,0.0,109.06,104.38,1043.66,58,49.0,6325.64,3483.64
2025-06-13,P101,Trail Running Shoes,Footwear,109.65,0.15,93.21,104.69,946.8,69,49.0,6431.24,3050.24
2025-06-14,P101,Trail Running Shoes,Footwear,107.51,0.15,91.39,104.49,1004.14,84,49.0,7676.38,3560.38
2025-06-15,P101,Trail Running Shoes,Footwear,105.82,0.0,105.82,108.11,1681.08,59,49.0,6243.65,3352.65
2025-06-16,P101,Trail Running Shoes,Footwear,107.76,0.1,96.99,107.22,1093.48,77,49.0,7468.0,3695.0
2025-06-17,P101,Trail Running Shoes,Footwear,107.54,0.1,96.79,111.44,1454.43,71,49.0,6871.8,3392.8
2025-06-18,P101,Trail Running Shoes,Footwear,109.1,0.0,109.1,111.17,1102.6,57,49.0,6218.97,3425.97
2025-06-19,P101,Trail Running Shoes,Footwear,108.0,0.0,108.0,110.25,930.94,62,49.0,6695.82,3657.82
2025-06-20,P101,Trail Running Shoes,Footwear,109.05,0.1,98.14,111.63,2104.27,82,49.0,8047.69,4029.69
2025-06-21,P101,Trail Running Shoes,Footwear,110.97,0.15,94.33,108.46,701.86,68,49.0,6414.24,3082.24
2025-06-22,P101,Trail Running Shoes,Footwear,108.6,0.0,108.6,105.63,1277.41,64,49.0,6950.54,3814.54
2025-06-23,P101,Trail Running Shoes,Footwear,105.15,0.2,84.12,106.91,1843.55,84,49.0,7066.34,2950.34
2025-06-24,P101,Trail Running Shoes,Footwear,109.83,0.15,93.36,109.68,1695.04,84,49.0,7842.12,3726.12
2025-06-25,P101,Trail Running Shoes,Footwear,109.91,0.2,87.93,104.91,1700.92,79,49.0,6946.53,3075.53
2025-06-26,P101,Trail Running Shoes,Footwear,108.61,0.0,108.61,109.47,1421.3,53,49.0,5756.18,3159.18
2025-06-27,P101,Trail Running Shoes,Footwear,105.37,0.0,105.37,110.55,1366.9,66,49.0,6954.33,3720.33
2025-06-28,P101,Trail Running Shoes,Footwear,108.01,0.1,97.21,110.8,1166.67,79,49.0,7679.42,3808.42
2025-06-29,P101,Trail Running Shoes,Footwear,106.81,0.0,106.81,112.69,984.44,61,49.0,6515.14,3526.14
2025-06-30,P101,Trail Running Shoes,Footwear,108.34,0.15,92.09,109.01,1880.29,76,49.0,6998.9,3274.9
2025-07-01,P101,Trail Running Shoes,Footwear,108.94,0.0,108.94,100.38,1285.99,51,49.0,5555.92,3056.92
2025-07-02,P101,Trail Running Shoes,Footwear,106.51,0.0,106.51,107.17,1236.11,54,49.0,5751.71,3105.71
2025-07-03,P101,Trail Running Shoes,Footwear,104.32,0.1,93.89,104.92,1645.99,59,49.0,5539.51,2648.51
2025-07-04,P101,Trail Running Shoes,Footwear,106.67,0.05,101.33,112.97,1576.7,62,49.0,6282.71,3244.71
2025-07-05,P101,Trail Running Shoes,Footwear,110.87,0.05,105.33,106.03,1663.28,58,49.0,6108.99,3266.99
2025-07-06,P101,Trail Running Shoes,Footwear,110.44,0.1,99.39,105.23,1221.83,73,49.0,7255.65,3678.65
2025-07-07,P101,Trail Running Shoes,Footwear,107.31,0.0,107.31,109.68,1090.12,59,49.0,6331.24,3440.24
2025-07-08,P101,Trail Running Shoes,Footwear,109.23,0.0,109.23,106.91,1354.55,57,49.0,6226.39,3433.39
2025-07-09,P101,Trail Running Shoes,Footwear,112.54,0.05,106.91,110.79,1651.36,80,49.0,8553.0,4633.0
2025-07-10,P101,Trail Running Shoes,Footwear,109.47,0.1,98.52,110.16,936.77,63,49.0,6206.68,3119.68
2025-07-11,P101,Trail Running Shoes,Footwear,107.45,0.05,102.08,110.03,1237.3,62,49.0,6328.77,3290.77
2025-07-12,P101,Trail Running Shoes,Footwear,110.71,0.0,110.71,107.79,1058.8,63,49.0,6974.7,3887.7
2025-07-13,P101,Trail Running Shoes,Footwear,110.13,0.2,88.1,103.77,1187.26,88,49.0,7752.96,3440.96
2025-07-14,P101,Trail Running Shoes,Footwear,110.19,0.05,104.68,109.1,1510.69,60,49.0,6280.81,3340.81
2025-07-15,P101,Trail Running Shoes,Footwear,107.32,0.15,91.22,107.61,1306.84,75,49.0,6841.39,3166.39
2025-07-16,P101,Trail Running Shoes,Footwear,104.93,0.15,89.19,108.54,1198.71,75,49.0,6689.31,3014.31
2025-07-17,P101,Trail Running Shoes,Footwear,109.78,0.1,98.8,105.4,713.9,60,49.0,5927.86,2987.86
2025-07-18,P101,Trail Running Shoes,Footwear,110.39,0.0,110.39,110.65,771.43,51,49.0,5630.08,3131.08
2025-07-19,P101,Trail Running Shoes,Footwear,109.44,0.15,93.02,109.01,1494.15,75,49.0,6976.48,3301.48
2025-07-20,P101,Trail Running Shoes,Footwear,109.12,0.1,98.2,110.87,1009.94,70,49.0,6874.26,3444.26
2025-07-21,P101,Trail Running Shoes,Footwear,103.6,0.2,82.88,106.87,1111.21,78,49.0,6464.77,2642.77
2025-07-22,P101,Trail Running Shoes,Footwear,109.46,0.05,103.98,102.34,1377.58,52,49.0,5407.22,2859.22
2025-07-23,P101,Trail Running Shoes,Footwear,110.18,0.0,110.18,105.13,1310.8,50,49.0,5508.81,3058.81
2025-07-24,P101,Trail Running Shoes,Footwear,109.88,0.1,98.89,108.06,746.94,54,49.0,5340.32,2694.32
2025-07-25,P101,Trail Running Shoes,Footwear,108.17,0.15,91.95,108.81,1081.03,77,49.0,7079.86,3306.86
2025-07-26,P101,Trail Running Shoes,Footwear,108.87,0.0,108.87,108.12,1381.31,60,49.0,6531.91,3591.91
2025-07-27,P101,Trail Running Shoes,Footwear,113.3,0.2,90.64,107.09,1273.55,87,49.0,7885.39,3622.39
2025-07-28,P101,Trail Running Shoes,Footwear,109.54,0.0,109.54,104.69,1116.1,46,49.0,5039.05,2785.05
2025-07-29,P101,Trail Running Shoes,Footwear,106.2,0.15,90.27,106.87,923.05,76,49.0,6860.22,3136.22
2025-07-30,P101,Trail Running Shoes,Footwear,110.97,0.0,110.97,108.45,631.03,47,49.0,5215.79,2912.79
2025-07-31,P101,Trail Running Shoes,Footwear,110.65,0.05,105.12,111.56,1043.3,63,49.0,6622.67,3535.67
2025-08-01,P101,Trail Running Shoes,Footwear,106.88,0.2,85.51,111.31,1901.6,91,49.0,7781.15,3322.15
2025-08-02,P101,Trail Running Shoes,Footwear,109.95,0.05,104.45,103.26,571.92,58,49.0,6058.19,3216.19
2025-08-03,P101,Trail Running Shoes,Footwear,109.4,0.0,109.4,109.67,1341.45,63,49.0,6892.25,3805.25
2025-08-04,P101,Trail Running Shoes,Footwear,110.49,0.15,93.92,113.0,1302.88,71,49.0,6668.18,3189.18
2025-08-05,P101,Trail Running Shoes,Footwear,112.46,0.0,112.46,117.53,1435.09,55,49.0,6185.14,3490.14
2025-08-06,P101,Trail Running Shoes,Footwear,111.47,0.05,105.89,114.99,1585.3,51,49.0,5400.54,2901.54
2025-08-07,P101,Trail Running Shoes,Footwear,113.33,0.05,107.67,110.12,839.47,56,49.0,6029.39,3285.39
2025-08-08,P101,Trail Running Shoes,Footwear,109.29,0.2,87.43,110.19,1197.72,94,49.0,8218.63,3612.63
2025-08-09,P101,Trail Running Shoes,Footwear,114.7,0.1,103.23,110.18,1165.56,73,49.0,7535.74,3958.74
2025-08-10,P101,Trail Running Shoes,Footwear,110.14,0.0,110.14,108.92,1652.29,55,49.0,6057.72,3362.72
2025-08-11,P101,Trail Running Shoes,Footwear,110.83,0.0,110.83,112.16,1998.71,57,49.0,6317.23,3524.23
2025-08-12,P101,Trail Running Shoes,Footwear,113.95,0.05,108.26,107.92,1385.08,50,49.0,5412.81,2962.81
2025-08-13,P101,Trail Running Shoes,Footwear,110.65,0.15,94.05,110.67,791.45,60,49.0,5643.17,2703.17
2025-08-14,P101,Trail Running Shoes,Footwear,108.43,0.05,103.01,111.86,2043.0,69,49.0,7107.5,3726.5
2025-08-15,P101,Trail Running Shoes,Footwear,107.49,0.05,102.12,113.21,743.69,56,49.0,5718.73,2974.73
2025-08-16,P101,Trail Running Shoes,Footwear,113.63,0.2,90.9,112.23,828.73,86,49.0,7817.77,3603.77
2025-08-17,P101,Trail Running Shoes,Footwear,107.22,0.0,107.22,113.98,1306.62,57,49.0,6111.4,3318.4
2025-08-18,P101,Trail Running Shoes,Footwear,113.42,0.05,107.75,113.62,1771.61,62,49.0,6680.73,3642.73
2025-08-19,P101,Trail Running Shoes,Footwear,113.92,0.05,108.22,111.74,1332.22,53,49.0,5735.76,3138.76
2025-08-20,P101,Trail Running Shoes,Footwear,109.4,0.15,92.99,108.43,1198.47,70,49.0,6509.26,3079.26
2025-08-21,P101,Trail Running Shoes,Footwear,114.85,0.0,114.85,114.02,1688.55,49,49.0,5627.85,3226.85
2025-08-22,P101,Trail Running Shoes,Footwear,113.25,0.0,113.25,110.64,1775.97,53,49.0,6002.47,3405.47
2025-08-23,P101,Trail Running Shoes,Footwear,109.76,0.2,87.81,116.05,1234.76,92,49.0,8078.42,3570.42
2025-08-24,P101,Trail Running Shoes,Footwear,113.37,0.0,113.37,108.64,1483.85,47,49.0,5328.27,3025.27
2025-08-25,P101,Trail Running Shoes,Footwear,111.11,0.05,105.56,112.65,1190.39,58,49.0,6122.23,3280.23
2025-08-26,P101,Trail Running Shoes,Footwear,112.36,0.2,89.89,111.8,1536.45,72,49.0,6471.75,2943.75
2025-08-27,P101,Trail Running Shoes,Footwear,112.66,0.05,107.03,107.44,968.64,60,49.0,6421.86,3481.86
2025-08-28,P101,Trail Running Shoes,Footwear,113.46,0.0,113.46,108.29,745.47,46,49.0,5219.3,2965.3
2025-08-29,P101,Trail Running Shoes,Footwear,115.94,0.1,104.34,115.77,1426.7,63,49.0,6573.73,3486.73
2025-08-30,P101,Trail Running Shoes,Footwear,110.2,0.1,99.18,114.85,1179.42,75,49.0,7438.64,3763.64
2025-08-31,P101,Trail Running Shoes,Footwear,111.36,0.0,111.36,113.33,1244.55,57,49.0,6347.31,3554.31
2025-09-01,P101,Trail Running Shoes,Footwear,112.56,0.1,101.31,110.64,1877.97,69,49.0,6990.15,3609.15
2025-09-02,P101,Trail Running Shoes,Footwear,111.67,0.15,94.92,110.49,873.51,72,49.0,6834.03,3306.03
2025-09-03,P101,Trail Running Shoes,Footwear,109.87,0.0,109.87,115.28,1209.02,50,49.0,5493.3,3043.3
2025-09-04,P101,Trail Running Shoes,Footwear,114.23,0.0,114.23,110.49,1558.38,49,49.0,5597.12,3196.12
2025-09-05,P101,Trail Running Shoes,Footwear,110.97,0.15,94.32,112.45,1797.26,82,49.0,7734.41,3716.41
2025-09-06,P101,Trail Running Shoes,Footwear,115.04,0.2,92.03,114.41,1606.31,89,49.0,8191.05,3830.05
2025-09-07,P101,Trail Running Shoes,Footwear,115.28,0.0,115.28,114.17,1273.93,50,49.0,5763.77,3313.77
2025-09-08,P101,Trail Running Shoes,Footwear,109.96,0.2,87.97,113.8,1500.73,70,49.0,6157.85,2727.85
2025-09-09,P101,Trail Running Shoes,Footwear,115.18,0.2,92.15,119.14,1328.24,76,49.0,7003.05,3279.05
2025-09-10,P101,Trail Running Shoes,Footwear,114.6,0.2,91.68,110.64,1373.15,68,49.0,6234.06,2902.06
2025-09-11,P101,Trail Running Shoes,Footwear,112.96,0.0,112.96,113.49,1785.04,60,49.0,6777.7,3837.7
2025-09-12,P101,Trail Running Shoes,Footwear,115.06,0.2,92.05,120.72,1146.08,72,49.0,6627.3,3099.3
2025-09-13,P101,Trail Running Shoes,Footwear,110.66,0.0,110.66,117.77,1648.57,72,49.0,7967.75,4439.75
2025-09-14,P101,Trail Running Shoes,Footwear,111.53,0.1,100.37,114.17,1590.2,59,49.0,5922.05,3031.05
2025-09-15,P101,Trail Running Shoes,Footwear,117.37,0.1,105.63,116.29,1285.99,62,49.0,6549.34,3511.34
2025-09-16,P101,Trail Running Shoes,Footwear,112.95,0.1,101.66,112.91,633.02,62,49.0,6302.69,3264.69
2025-09-17,P101,Trail Running Shoes,Footwear,116.98,0.0,116.98,112.35,1425.35,46,49.0,5380.97,3126.97
2025-09-18,P101,Trail Running Shoes,Footwear,115.32,0.15,98.02,111.96,1678.75,66,49.0,6469.23,3235.23
2025-09-19,P101,Trail Running Shoes,Footwear,118.81,0.05,112.87,114.67,966.61,56,49.0,6320.58,3576.58
2025-09-20,P101,Trail Running Shoes,Footwear,116.08,0.0,116.08,117.99,1064.99,52,49.0,6036.05,3488.05
2025-09-21,P101,Trail Running Shoes,Footwear,114.53,0.15,97.35,111.15,1205.11,80,49.0,7788.28,3868.28
2025-09-22,P101,Trail Running Shoes,Footwear,115.43,0.15,98.11,110.52,1899.32,66,49.0,6475.54,3241.54
2025-09-23,P101,Trail Running Shoes,Footwear,113.71,0.2,90.97,114.22,768.17,82,49.0,7459.61,3441.61
2025-09-24,P101,Trail Running Shoes,Footwear,114.29,0.15,97.15,115.24,1814.63,71,49.0,6897.57,3418.57
2025-09-25,P101,Trail Running Shoes,Footwear,116.87,0.2,93.5,117.22,1524.38,77,49.0,7199.16,3426.16
2025-09-26,P101,Trail Running Shoes,Footwear,114.74,0.0,114.74,112.77,1301.55,48,49.0,5507.61,3155.61
2025-09-27,P101,Trail Running Shoes,Footwear,116.08,0.0,116.08,114.21,1413.31,52,49.0,6036.28,3488.28
2025-09-28,P101,Trail Running Shoes,Footwear,112.14,0.0,112.14,112.44,675.62,52,49.0,5831.22,3283.22
2025-09-29,P101,Trail Running Shoes,Footwear,116.37,0.15,98.91,117.1,1504.18,56,49.0,5539.04,2795.04
2025-09-30,P101,Trail Running Shoes,Footwear,112.69,0.0,112.69,112.79,1519.9,47,49.0,5296.49,2993.49
2025-10-01,P101,Trail Running Shoes,Footwear,115.65,0.0,115.65,114.05,1502.15,49,49.0,5666.63,3265.63
2025-10-02,P101,Trail Running Shoes,Footwear,114.63,0.0,114.63,116.67,863.42,49,49.0,5616.79,3215.79
2025-10-03,P101,Trail Running Shoes,Footwear,120.87,0.2,96.7,119.8,1558.61,72,49.0,6962.22,3434.22
2025-10-04,P101,Trail Running Shoes,Footwear,111.71,0.1,100.54,119.7,1015.69,64,49.0,6434.52,3298.52
2025-10-05,P101,Trail Running Shoes,Footwear,115.32,0.0,115.32,113.23,858.36,51,49.0,5881.54,3382.54
2025-10-06,P101,Trail Running Shoes,Footwear,113.9,0.1,102.51,114.11,1488.05,59,49.0,6047.97,3156.97
2025-10-07,P101,Trail Running Shoes,Footwear,115.37,0.1,103.83,118.06,1248.87,59,49.0,6126.09,3235.09
2025-10-08,P101,Trail Running Shoes,Footwear,116.71,0.1,105.04,116.06,1329.02,55,49.0,5777.08,3082.08
2025-10-09,P101,Trail Running Shoes,Footwear,114.05,0.0,114.05,118.72,1460.18,53,49.0,6044.85,3447.85
2025-10-10,P101,Trail Running Shoes,Footwear,116.38,0.15,98.92,118.6,1636.64,74,49.0,7320.36,3694.36
2025-10-11,P101,Trail Running Shoes,Footwear,115.63,0.1,104.07,120.61,1382.25,72,49.0,7493.11,3965.11
2025-10-12,P101,Trail Running Shoes,Footwear,116.43,0.2,93.14,114.75,1552.49,105,49.0,9779.83,4634.83
2025-10-13,P101,Trail Running Shoes,Footwear,115.12,0.0,115.12,117.09,1139.37,46,49.0,5295.5,3041.5
2025-10-14,P101,Trail Running Shoes,Footwear,119.0,0.0,119.0,115.64,728.5,42,49.0,4998.14,2940.14
2025-10-15,P101,Trail Running Shoes,Footwear,112.46,0.05,106.83,118.81,2307.89,58,49.0,6196.4,3354.4
2025-10-16,P101,Trail Running Shoes,Footwear,112.55,0.0,112.55,115.08,1767.76,50,49.0,5627.51,3177.51
2025-10-17,P101,Trail Running Shoes,Footwear,114.64,0.0,114.64,116.69,1572.8,49,49.0,5617.49,3216.49
2025-10-18,P101,Trail Running Shoes,Footwear,114.92,0.0,114.92,116.85,842.13,54,49.0,6205.58,3559.58
2025-10-19,P101,Trail Running Shoes,Footwear,112.32,0.1,101.09,116.07,1573.38,72,49.0,7278.19,3750.19
2025-10-20,P101,Trail Running Shoes,Footwear,117.11,0.15,99.54,120.66,1632.89,72,49.0,7166.96,3638.96
2025-10-21,P101,Trail Running Shoes,Footwear,117.78,0.0,117.78,119.54,1141.79,43,49.0,5064.61,2957.61
2025-10-22,P101,Trail Running Shoes,Footwear,116.75,0.2,93.4,120.56,962.92,68,49.0,6351.25,3019.25
2025-10-23,P101,Trail Running Shoes,Footwear,116.82,0.1,105.14,117.36,621.13,59,49.0,6203.11,3312.11
2025-10-24,P101,Trail Running Shoes,Footwear,112.14,0.15,95.32,121.4,1956.96,67,49.0,6386.59,3103.59
2025-10-25,P101,Trail Running Shoes,Footwear,115.2,0.0,115.2,117.78,1941.24,55,49.0,6335.86,3640.86
2025-10-26,P101,Trail Running Shoes,Footwear,114.88,0.0,114.88,116.66,1559.99,49,49.0,5629.14,3228.14
2025-10-27,P101,Trail Running Shoes,Footwear,115.47,0.15,98.15,113.11,920.04,70,49.0,6870.71,3440.71
2025-10-28,P101,Trail Running Shoes,Footwear,115.69,0.05,109.91,115.71,1220.56,56,49.0,6154.89,3410.89
2025-10-29,P101,Trail Running Shoes,Footwear,117.75,0.0,117.75,110.5,1000.57,46,49.0,5416.39,3162.39
2025-10-30,P101,Trail Running Shoes,Footwear,115.54,0.05,109.76,118.64,1190.25,53,49.0,5817.24,3220.24
2025-10-31,P101,Trail Running Shoes,Footwear,115.21,0.0,115.21,121.14,1036.48,50,49.0,5760.34,3310.34
2025-11-01,P101,Trail Running Shoes,Footwear,116.04,0.1,104.43,117.12,1645.17,100,49.0,10443.17,5543.17
2025-11-02,P101,Trail Running Shoes,Footwear,115.5,0.15,98.17,117.4,1181.54,95,49.0,9326.48,4671.48
2025-11-03,P101,Trail Running Shoes,Footwear,117.31,0.0,117.31,118.68,894.92,57,49.0,6686.52,3893.52
2025-11-04,P101,Trail Running Shoes,Footwear,119.86,0.1,107.88,117.55,1021.08,86,49.0,9277.34,5063.34
2025-11-05,P101,Trail Running Shoes,Footwear,116.06,0.15,98.65,117.68,1185.28,87,49.0,8582.82,4319.82
2025-11-06,P101,Trail Running Shoes,Footwear,112.66,0.15,95.76,117.84,1406.57,110,49.0,10533.47,5143.47
2025-11-07,P101,Trail Running Shoes,Footwear,115.57,0.05,109.79,117.84,2286.22,84,49.0,9222.22,5106.22
2025-11-08,P101,Trail Running Shoes,Footwear,113.7,0.0,113.7,119.78,1032.88,65,49.0,7390.77,4205.77
2025-11-09,P101,Trail Running Shoes,Footwear,114.58,0.0,114.58,112.89,886.3,69,49.0,7906.02,4525.02
2025-11-10,P101,Trail Running Shoes,Footwear,114.4,0.2,91.52,119.25,862.72,107,49.0,9792.66,4549.66
2025-11-11,P101,Trail Running Shoes,Footwear,112.78,0.0,112.78,113.35,906.68,67,49.0,7555.94,4272.94
2025-11-12,P101,Trail Running Shoes,Footwear,118.45,0.0,118.45,119.04,1502.63,65,49.0,7699.44,4514.44
2025-11-13,P101,Trail Running Shoes,Footwear,112.96,0.2,90.37,114.77,839.66,103,49.0,9308.12,4261.12
2025-11-14,P101,Trail Running Shoes,Footwear,112.7,0.0,112.7,119.05,831.34,69,49.0,7776.25,4395.25
2025-11-15,P101,Trail Running Shoes,Footwear,113.91,0.15,96.82,119.06,1744.88,99,49.0,9585.36,4734.36
2025-11-16,P101,Trail Running Shoes,Footwear,114.93,0.0,114.93,115.4,1151.1,70,49.0,8045.37,4615.37
2025-11-17,P101,Trail Running Shoes,Footwear,113.28,0.0,113.28,114.18,457.69,57,49.0,6457.11,3664.11
2025-11-18,P101,Trail Running Shoes,Footwear,115.93,0.1,104.34,113.65,807.48,91,49.0,9495.03,5036.03
2025-11-19,P101,Trail Running Shoes,Footwear,113.31,0.05,107.64,119.91,1538.51,68,49.0,7319.68,3987.68
2025-11-20,P101,Trail Running Shoes,Footwear,114.04,0.0,114.04,113.57,2180.67,61,49.0,6956.72,3967.72
2025-11-21,P101,Trail Running Shoes,Footwear,112.32,0.1,101.08,113.89,1786.93,107,49.0,10816.01,5573.01
2025-11-22,P101,Trail Running Shoes,Footwear,113.39,0.15,96.38,114.36,494.71,94,49.0,9059.46,4453.46
2025-11-23,P101,Trail Running Shoes,Footwear,113.62,0.0,113.62,118.65,1442.26,79,49.0,8976.03,5105.03
2025-11-24,P101,Trail Running Shoes,Footwear,113.53,0.1,102.18,114.92,1539.7,85,49.0,8685.32,4520.32
2025-11-25,P101,Trail Running Shoes,Footwear,115.87,0.2,92.7,113.99,783.68,91,49.0,8435.55,3976.55
2025-11-26,P101,Trail Running Shoes,Footwear,111.86,0.0,111.86,120.05,1426.47,80,49.0,8948.96,5028.96
2025-11-27,P101,Trail Running Shoes,Footwear,114.7,0.1,103.23,121.26,1469.1,88,49.0,9084.14,4772.14
2025-11-28,P101,Trail Running Shoes,Footwear,116.79,0.1,105.11,118.19,1190.44,76,49.0,7988.48,4264.48
2025-11-29,P101,Trail Running Shoes,Footwear,115.13,0.15,97.86,117.68,1770.85,89,49.0,8709.49,4348.49
2025-11-30,P101,Trail Running Shoes,Footwear,113.5,0.15,96.48,117.67,1038.28,128,49.0,12349.2,6077.2
2025-12-01,P101,Trail Running Shoes,Footwear,113.38,0.1,102.05,117.81,578.99,77,49.0,7857.58,4084.58
2025-12-02,P101,Trail Running Shoes,Footwear,115.4,0.0,115.4,115.93,1001.6,75,49.0,8655.18,4980.18
2025-12-03,P101,Trail Running Shoes,Footwear,116.02,0.0,116.02,116.36,1213.79,63,49.0,7309.44,4222.44
2025-12-04,P101,Trail Running Shoes,Footwear,111.22,0.0,111.22,114.66,1077.5,64,49.0,7117.78,3981.78
2025-12-05,P101,Trail Running Shoes,Footwear,109.97,0.0,109.97,118.18,1912.29,72,49.0,7917.64,4389.64
2025-12-06,P101,Trail Running Shoes,Footwear,113.61,0.15,96.57,118.34,1208.62,114,49.0,11009.25,5423.25
2025-12-07,P101,Trail Running Shoes,Footwear,114.48,0.0,114.48,116.69,1171.29,67,49.0,7670.02,4387.02
2025-12-08,P101,Trail Running Shoes,Footwear,111.19,0.0,111.19,115.6,895.37,73,49.0,8116.64,4539.64
2025-12-09,P101,Trail Running Shoes,Footwear,115.12,0.0,115.12,118.07,927.72,67,49.0,7713.05,4430.05
2025-12-10,P101,Trail Running Shoes,Footwear,111.21,0.0,111.21,118.9,1055.64,79,49.0,8785.71,4914.71
2025-12-11,P101,Trail Running Shoes,Footwear,112.0,0.1,100.8,113.64,1391.15,95,49.0,9576.26,4921.26
2025-12-12,P101,Trail Running Shoes,Footwear,112.94,0.15,96.0,123.34,1814.72,103,49.0,9888.26,4841.26
2025-12-13,P101,Trail Running Shoes,Footwear,111.65,0.1,100.48,114.65,1719.86,104,49.0,10450.11,5354.11
2025-12-14,P101,Trail Running Shoes,Footwear,112.7,0.1,101.43,118.85,1920.22,105,49.0,10650.04,5505.04
2025-12-15,P101,Trail Running Shoes,Footwear,111.85,0.0,111.85,119.55,1184.45,74,49.0,8276.76,4650.76
2025-12-16,P101,Trail Running Shoes,Footwear,112.36,0.0,112.36,117.78,811.62,62,49.0,6966.56,3928.56
2025-12-17,P101,Trail Running Shoes,Footwear,110.08,0.05,104.57,114.88,1528.5,82,49.0,8574.85,4556.85
2025-12-18,P101,Trail Running Shoes,Footwear,112.15,0.05,106.55,113.17,1133.81,83,49.0,8843.36,4776.36
2025-12-19,P101,Trail Running Shoes,Footwear,112.85,0.05,107.21,116.97,2091.59,85,49.0,9112.8,4947.8
2025-12-20,P101,Trail Running Shoes,Footwear,110.15,0.15,93.63,115.94,1333.18,112,49.0,10486.26,4998.26
2025-12-21,P101,Trail Running Shoes,Footwear,111.38,0.0,111.38,113.64,1246.24,79,49.0,8798.94,4927.94
2025-12-22,P101,Trail Running Shoes,Footwear,110.2,0.15,93.67,115.75,1321.97,112,49.0,10490.67,5002.67
2025-12-23,P101,Trail Running Shoes,Footwear,111.03,0.0,111.03,114.64,1505.95,78,49.0,8660.6,4838.6
2025-12-24,P101,Trail Running Shoes,Footwear,112.88,0.0,112.88,118.06,1511.94,75,49.0,8465.64,4790.64
2025-12-25,P101,Trail Running Shoes,Footwear,111.52,0.0,111.52,114.14,1073.77,74,49.0,8252.52,4626.52
2025-12-26,P101,Trail Running Shoes,Footwear,111.76,0.0,111.76,113.56,1273.09,73,49.0,8158.6,4581.6
2025-12-27,P101,Trail Running Shoes,Footwear,106.36,0.1,95.72,115.33,1242.29,122,49.0,11678.0,5700.0
2025-12-28,P101,Trail Running Shoes,Footwear,108.27,0.0,108.27,113.36,359.61,76,49.0,8228.62,4504.62
2025-12-29,P101,Trail Running Shoes,Footwear,109.83,0.0,109.83,118.67,1609.82,80,49.0,8786.01,4866.01
2025-12-30,P101,Trail Running Shoes,Footwear,109.78,0.05,104.29,118.33,1292.89,80,49.0,8343.04,4423.04
2025-12-31,P101,Trail Running Shoes,Footwear,106.97,0.05,101.62,117.47,2119.55,95,49.0,9653.73,4998.73
2026-01-01,P101,Trail Running Shoes,Footwear,108.79,0.2,87.03,111.93,1498.7,78,49.0,6788.31,2966.31
2026-01-02,P101,Trail Running Shoes,Footwear,111.34,0.1,100.21,116.37,1220.92,76,49.0,7615.95,3891.95
2026-01-03,P101,Trail Running Shoes,Footwear,110.49,0.15,93.91,112.86,1966.15,89,49.0,8358.22,3997.22
2026-01-04,P101,Trail Running Shoes,Footwear,111.61,0.15,94.87,118.5,1828.75,93,49.0,8822.94,4265.94
2026-01-05,P101,Trail Running Shoes,Footwear,111.08,0.0,111.08,116.38,1068.6,61,49.0,6776.1,3787.1
2026-01-06,P101,Trail Running Shoes,Footwear,108.24,0.0,108.24,117.86,1650.88,60,49.0,6494.23,3554.23
2026-01-07,P101,Trail Running Shoes,Footwear,108.3,0.0,108.3,112.79,1563.75,56,49.0,6064.82,3320.82
2026-01-08,P101,Trail Running Shoes,Footwear,110.41,0.05,104.89,114.23,1663.62,66,49.0,6922.83,3688.83
2026-01-09,P101,Trail Running Shoes,Footwear,109.18,0.0,109.18,111.63,1666.18,57,49.0,6223.08,3430.08
2026-01-10,P101,Trail Running Shoes,Footwear,110.23,0.0,110.23,111.31,1080.72,72,49.0,7936.57,4408.57
2026-01-11,P101,Trail Running Shoes,Footwear,109.85,0.0,109.85,111.31,1409.92,65,49.0,7140.27,3955.27
2026-01-12,P101,Trail Running Shoes,Footwear,116.33,0.1,104.69,112.96,1811.21,60,49.0,6281.7,3341.7
2026-01-13,P101,Trail Running Shoes,Footwear,109.48,0.1,98.53,119.49,1258.17,66,49.0,6502.94,3268.94
2026-01-14,P101,Trail Running Shoes,Footwear,108.41,0.2,86.73,114.85,998.01,87,49.0,7545.56,3282.56
2026-01-15,P101,Trail Running Shoes,Footwear,108.01,0.0,108.01,114.69,1781.75,71,49.0,7668.69,4189.69
2026-01-16,P101,Trail Running Shoes,Footwear,109.99,0.05,104.49,109.84,1491.97,59,49.0,6164.71,3273.71
2026-01-17,P101,Trail Running Shoes,Footwear,108.54,0.05,103.12,114.3,890.47,67,49.0,6908.74,3625.74
2026-01-18,P101,Trail Running Shoes,Footwear,108.74,0.0,108.74,116.3,1518.54,70,49.0,7611.85,4181.85
2026-01-19,P101,Trail Running Shoes,Footwear,107.36,0.0,107.36,110.21,1116.08,63,49.0,6763.77,3676.77
2026-01-20,P101,Trail Running Shoes,Footwear,109.48,0.2,87.59,110.89,1733.62,96,49.0,8408.21,3704.21
2026-01-21,P101,Trail Running Shoes,Footwear,105.89,0.15,90.0,119.57,1289.58,94,49.0,8460.32,3854.32
2026-01-22,P101,Trail Running Shoes,Footwear,109.49,0.2,87.59,110.82,2063.8,107,49.0,9372.41,4129.41
2026-01-23,P101,Trail Running Shoes,Footwear,110.29,0.2,88.23,114.35,938.81,103,49.0,9087.65,4040.65
2026-01-24,P101,Trail Running Shoes,Footwear,106.88,0.0,106.88,108.03,565.29,66,49.0,7053.9,3819.9
2026-01-25,P101,Trail Running Shoes,Footwear,106.9,0.0,106.9,106.94,1494.62,83,49.0,8872.33,4805.33
2026-01-26,P101,Trail Running Shoes,Footwear,111.28,0.15,94.59,112.42,1619.57,94,49.0,8891.29,4285.29
2026-01-27,P101,Trail Running Shoes,Footwear,107.74,0.0,107.74,112.37,1408.22,67,49.0,7218.65,3935.65
2026-01-28,P101,Trail Running Shoes,Footwear,108.12,0.15,91.9,112.3,1796.74,99,49.0,9098.52,4247.52
2026-01-29,P101,Trail Running Shoes,Footwear,109.31,0.15,92.92,116.86,1160.88,100,49.0,9291.64,4391.64
2026-01-30,P101,Trail Running Shoes,Footwear,109.41,0.0,109.41,108.59,1051.84,62,49.0,6783.25,3745.25
2026-01-31,P101,Trail Running Shoes,Footwear,109.08,0.1,98.17,117.28,1059.39,93,49.0,9129.97,4572.97
2026-02-01,P101,Trail Running Shoes,Footwear,110.59,0.1,99.53,109.01,1806.79,94,49.0,9355.95,4749.95
2026-02-02,P101,Trail Running Shoes,Footwear,109.43,0.2,87.54,112.17,1381.4,96,49.0,8403.95,3699.95
2026-02-03,P101,Trail Running Shoes,Footwear,109.48,0.2,87.59,109.11,922.51,86,49.0,7532.44,3318.44
2026-02-04,P101,Trail Running Shoes,Footwear,108.62,0.0,108.62,111.3,1377.52,66,49.0,7168.62,3934.62
2026-02-05,P101,Trail Running Shoes,Footwear,106.88,0.2,85.51,110.51,1143.97,101,49.0,8636.07,3687.07
2026-02-06,P101,Trail Running Shoes,Footwear,104.43,0.0,104.43,108.94,1653.19,57,49.0,5952.3,3159.3
2026-02-07,P101,Trail Running Shoes,Footwear,110.37,0.1,99.33,110.01,1405.05,93,49.0,9237.67,4680.67
2026-02-08,P101,Trail Running Shoes,Footwear,107.16,0.0,107.16,113.37,1058.39,68,49.0,7286.88,3954.88
2026-02-09,P101,Trail Running Shoes,Footwear,106.48,0.0,106.48,114.08,1233.72,59,49.0,6282.32,3391.32
2026-02-10,P101,Trail Running Shoes,Footwear,105.9,0.0,105.9,111.84,1963.88,71,49.0,7519.05,4040.05
2026-02-11,P101,Trail Running Shoes,Footwear,107.3,0.0,107.3,109.96,1163.82,58,49.0,6223.46,3381.46
2026-02-12,P101,Trail Running Shoes,Footwear,110.92,0.0,110.92,103.42,1587.23,58,49.0,6433.33,3591.33
2026-02-13,P101,Trail Running Shoes,Footwear,107.25,0.15,91.17,108.43,1055.18,85,49.0,7749.15,3584.15
2026-02-14,P101,Trail Running Shoes,Footwear,108.92,0.15,92.58,109.09,733.41,84,49.0,7776.96,3660.96
2026-02-15,P101,Trail Running Shoes,Footwear,110.68,0.05,105.14,111.5,1205.89,72,49.0,7570.34,4042.34
2026-02-16,P101,Trail Running Shoes,Footwear,111.49,0.15,94.76,109.61,1140.39,92,49.0,8718.27,4210.27
2026-02-17,P101,Trail Running Shoes,Footwear,106.66,0.05,101.33,110.07,1300.1,74,49.0,7498.33,3872.33
2026-02-18,P101,Trail Running Shoes,Footwear,112.35,0.2,89.88,110.89,443.9,91,49.0,8179.16,3720.16
2026-02-19,P101,Trail Running Shoes,Footwear,108.23,0.2,86.58,110.9,1388.54,99,49.0,8571.79,3720.79
2026-02-20,P101,Trail Running Shoes,Footwear,108.07,0.15,91.86,111.49,1104.85,81,49.0,7440.55,3471.55
2026-02-21,P101,Trail Running Shoes,Footwear,114.3,0.0,114.3,109.97,761.56,64,49.0,7314.92,4178.92
2026-02-22,P101,Trail Running Shoes,Footwear,106.35,0.1,95.71,108.36,1676.22,94,49.0,8996.84,4390.84
2026-02-23,P101,Trail Running Shoes,Footwear,109.4,0.0,109.4,114.66,870.92,73,49.0,7986.42,4409.42
2026-02-24,P101,Trail Running Shoes,Footwear,110.35,0.0,110.35,111.05,992.21,63,49.0,6952.01,3865.01
2026-02-25,P101,Trail Running Shoes,Footwear,107.38,0.0,107.38,108.66,566.1,68,49.0,7301.58,3969.58
2026-02-26,P101,Trail Running Shoes,Footwear,108.2,0.2,86.56,107.92,1098.28,100,49.0,8656.02,3756.02
2026-02-27,P101,Trail Running Shoes,Footwear,106.6,0.05,101.27,110.35,1486.88,73,49.0,7392.9,3815.9
2026-02-28,P101,Trail Running Shoes,Footwear,106.13,0.2,84.91,109.38,772.77,98,49.0,8320.9,3518.9
2026-03-01,P101,Trail Running Shoes,Footwear,106.98,0.15,90.93,108.05,1138.77,116,49.0,10548.31,4864.31
2026-03-02,P101,Trail Running Shoes,Footwear,109.25,0.0,109.25,109.94,1166.91,60,49.0,6555.21,3615.21
2026-03-03,P101,Trail Running Shoes,Footwear,104.19,0.2,83.35,110.18,1235.5,103,49.0,8584.95,3537.95
2026-03-04,P101,Trail Running Shoes,Footwear,110.13,0.0,110.13,104.51,1087.64,55,49.0,6057.25,3362.25
2026-03-05,P101,Trail Running Shoes,Footwear,112.28,0.1,101.05,102.64,755.05,70,49.0,7073.35,3643.35
2026-03-06,P101,Trail Running Shoes,Footwear,107.81,0.15,91.64,105.03,2000.11,94,49.0,8614.03,4008.03
2026-03-07,P101,Trail Running Shoes,Footwear,109.78,0.0,109.78,110.71,1163.04,69,49.0,7574.87,4193.87
2026-03-08,P101,Trail Running Shoes,Footwear,110.12,0.0,110.12,104.07,1874.93,72,49.0,7928.53,4400.53
2026-03-09,P101,Trail Running Shoes,Footwear,111.53,0.2,89.23,105.99,881.72,94,49.0,8387.4,3781.4
2026-03-10,P101,Trail Running Shoes,Footwear,109.15,0.05,103.7,107.23,934.94,62,49.0,6429.11,3391.11
2026-03-11,P101,Trail Running Shoes,Footwear,108.99,0.05,103.54,106.56,1856.95,73,49.0,7558.6,3981.6
2026-03-12,P101,Trail Running Shoes,Footwear,111.72,0.0,111.72,106.95,1388.12,62,49.0,6926.78,3888.78
2026-03-13,P101,Trail Running Shoes,Footwear,105.81,0.1,95.23,108.02,1568.71,78,49.0,7428.11,3606.11
2026-03-14,P101,Trail Running Shoes,Footwear,108.98,0.0,108.98,105.93,1744.96,74,49.0,8064.5,4438.5
2026-03-15,P101,Trail Running Shoes,Footwear,110.13,0.2,88.1,111.56,1575.52,98,49.0,8634.2,3832.2
2026-03-16,P101,Trail Running Shoes,Footwear,108.07,0.15,91.86,105.47,1561.91,91,49.0,8359.03,3900.03
2026-03-17,P101,Trail Running Shoes,Footwear,106.75,0.1,96.07,104.07,1280.86,68,49.0,6533.02,3201.02
2026-03-18,P101,Trail Running Shoes,Footwear,110.7,0.1,99.63,109.28,1986.86,89,49.0,8867.21,4506.21
2026-03-19,P101,Trail Running Shoes,Footwear,108.87,0.0,108.87,104.28,953.51,64,49.0,6967.58,3831.58
2026-03-20,P101,Trail Running Shoes,Footwear,105.46,0.2,84.37,108.07,932.71,102,49.0,8605.29,3607.29
2026-03-21,P101,Trail Running Shoes,Footwear,107.72,0.05,102.34,108.21,1804.13,83,49.0,8494.03,4427.03
2026-03-22,P101,Trail Running Shoes,Footwear,108.44,0.1,97.59,107.44,816.07,88,49.0,8588.23,4276.23
2026-03-23,P101,Trail Running Shoes,Footwear,111.27,0.1,100.14,106.38,1203.59,73,49.0,7310.28,3733.28
2026-03-24,P101,Trail Running Shoes,Footwear,110.6,0.2,88.48,109.17,1280.79,108,49.0,9555.76,4263.76
2026-03-25,P101,Trail Running Shoes,Footwear,109.02,0.2,87.22,109.6,1295.67,98,49.0,8547.32,3745.32
2026-03-26,P101,Trail Running Shoes,Footwear,115.25,0.1,103.73,105.8,1407.26,69,49.0,7157.25,3776.25
2026-03-27,P101,Trail Running Shoes,Footwear,114.06,0.15,96.95,106.18,1484.53,86,49.0,8337.65,4123.65
2026-03-28,P101,Trail Running Shoes,Footwear,109.51,0.05,104.04,110.2,1440.15,82,49.0,8531.2,4513.2
2026-03-29,P101,Trail Running Shoes,Footwear,110.57,0.0,110.57,108.72,1321.27,67,49.0,7408.24,4125.24
2026-03-30,P101,Trail Running Shoes,Footwear,114.17,0.2,91.34,105.14,1453.95,90,49.0,8220.23,3810.23
2026-03-31,P101,Trail Running Shoes,Footwear,114.4,0.2,91.52,106.03,950.87,93,49.0,8511.61,3954.61
2026-04-01,P101,Trail Running Shoes,Footwear,108.19,0.05,102.78,106.76,525.15,70,49.0,7194.62,3764.62
2026-04-02,P101,Trail Running Shoes,Footwear,110.05,0.15,93.54,111.15,829.24,94,49.0,8793.15,4187.15
2026-04-03,P101,Trail Running Shoes,Footwear,109.75,0.0,109.75,112.61,1569.84,62,49.0,6804.52,3766.52
2026-04-04,P101,Trail Running Shoes,Footwear,109.42,0.15,93.01,107.41,1239.04,109,49.0,10137.63,4796.63
2026-04-05,P101,Trail Running Shoes,Footwear,109.86,0.0,109.86,108.42,1643.67,78,49.0,8569.27,4747.27
2026-04-06,P101,Trail Running Shoes,Footwear,111.15,0.2,88.92,103.31,919.75,95,49.0,8447.76,3792.76
2026-04-07,P101,Trail Running Shoes,Footwear,111.3,0.2,89.04,108.42,1674.13,90,49.0,8013.87,3603.87
2026-04-08,P101,Trail Running Shoes,Footwear,111.21,0.1,100.09,106.26,1815.33,87,49.0,8707.83,4444.83
2026-04-09,P101,Trail Running Shoes,Footwear,112.38,0.1,101.14,113.29,760.4,77,49.0,7787.78,4014.78
2026-04-10,P101,Trail Running Shoes,Footwear,112.64,0.05,107.01,109.14,901.63,72,49.0,7704.39,4176.39
2026-04-11,P101,Trail Running Shoes,Footwear,114.14,0.0,114.14,109.1,632.99,59,49.0,6734.1,3843.1
2026-04-12,P101,Trail Running Shoes,Footwear,113.25,0.05,107.59,100.83,1747.42,75,49.0,8069.0,4394.0
2026-04-13,P101,Trail Running Shoes,Footwear,110.57,0.0,110.57,111.2,1056.09,60,49.0,6633.91,3693.91
2026-04-14,P101,Trail Running Shoes,Footwear,113.04,0.0,113.04,113.0,1429.5,67,49.0,7573.99,4290.99
2026-04-15,P101,Trail Running Shoes,Footwear,114.02,0.05,108.32,104.98,1531.89,63,49.0,6824.29,3737.29
2026-04-16,P101,Trail Running Shoes,Footwear,113.17,0.15,96.2,109.95,1342.52,65,49.0,6252.91,3067.91
2026-04-17,P101,Trail Running Shoes,Footwear,113.0,0.0,113.0,110.4,1460.53,63,49.0,7118.88,4031.88
2026-04-18,P101,Trail Running Shoes,Footwear,116.05,0.15,98.64,104.89,1412.09,93,49.0,9173.94,4616.94
2026-04-19,P101,Trail Running Shoes,Footwear,114.95,0.2,91.96,109.72,976.71,81,49.0,7448.84,3479.84
2026-04-20,P101,Trail Running Shoes,Footwear,111.99,0.15,95.19,107.78,1588.42,89,49.0,8471.8,4110.8
2026-04-21,P101,Trail Running Shoes,Footwear,115.65,0.15,98.3,108.0,1468.34,87,49.0,8552.16,4289.16
2026-04-22,P101,Trail Running Shoes,Footwear,116.18,0.15,98.75,107.6,1605.47,96,49.0,9480.29,4776.29
2026-04-23,P101,Trail Running Shoes,Footwear,113.74,0.0,113.74,108.13,1572.56,68,49.0,7734.16,4402.16
2026-04-24,P101,Trail Running Shoes,Footwear,112.63,0.05,107.0,112.33,1980.57,79,49.0,8452.77,4581.77
2026-04-25,P101,Trail Running Shoes,Footwear,113.54,0.05,107.86,108.94,1500.66,76,49.0,8197.69,4473.69
2026-04-26,P101,Trail Running Shoes,Footwear,113.93,0.2,91.15,112.79,889.53,99,49.0,9023.47,4172.47
2026-04-27,P101,Trail Running Shoes,Footwear,113.84,0.1,102.46,114.81,1147.83,73,49.0,7479.54,3902.54
2026-04-28,P101,Trail Running Shoes,Footwear,112.63,0.0,112.63,101.44,939.01,74,49.0,8334.78,4708.78
2026-04-29,P101,Trail Running Shoes,Footwear,115.03,0.0,115.03,106.29,1284.91,60,49.0,6901.68,3961.68
2026-04-30,P101,Trail Running Shoes,Footwear,115.64,0.0,115.64,110.56,1105.68,64,49.0,7400.67,4264.67
2026-05-01,P101,Trail Running Shoes,Footwear,112.61,0.0,112.61,106.66,666.43,51,49.0,5743.29,3244.29
2026-05-02,P101,Trail Running Shoes,Footwear,112.3,0.2,89.84,110.51,868.22,78,49.0,7007.77,3185.77
2026-05-03,P101,Trail Running Shoes,Footwear,112.1,0.0,112.1,108.4,1082.04,77,49.0,8631.33,4858.33
2026-05-04,P101,Trail Running Shoes,Footwear,113.05,0.2,90.44,109.75,1284.77,88,49.0,7958.7,3646.7
2026-05-05,P101,Trail Running Shoes,Footwear,114.25,0.2,91.4,107.75,1361.21,91,49.0,8317.64,3858.64
2026-05-06,P101,Trail Running Shoes,Footwear,112.55,0.15,95.67,111.18,1138.7,87,49.0,8323.14,4060.14
2026-05-07,P101,Trail Running Shoes,Footwear,114.37,0.0,114.37,107.65,1325.38,57,49.0,6518.98,3725.98
2026-05-08,P101,Trail Running Shoes,Footwear,112.71,0.05,107.08,109.17,1504.11,65,49.0,6959.96,3774.96
2026-05-09,P101,Trail Running Shoes,Footwear,119.78,0.0,119.78,112.75,1769.56,71,49.0,8504.13,5025.13
2026-05-10,P101,Trail Running Shoes,Footwear,118.51,0.0,118.51,103.2,1139.39,64,49.0,7584.39,4448.39
2026-05-11,P101,Trail Running Shoes,Footwear,115.15,0.0,115.15,111.24,1775.53,65,49.0,7484.76,4299.76
2026-05-12,P101,Trail Running Shoes,Footwear,116.53,0.2,93.22,107.5,1881.08,94,49.0,8762.84,4156.84
2026-05-13,P101,Trail Running Shoes,Footwear,113.73,0.0,113.73,108.93,1066.32,56,49.0,6368.87,3624.87
2026-05-14,P101,Trail Running Shoes,Footwear,112.47,0.2,89.97,110.22,1086.55,104,49.0,9357.25,4261.25
2026-05-15,P101,Trail Running Shoes,Footwear,115.71,0.15,98.35,111.62,1032.48,81,49.0,7966.62,3997.62
2026-05-16,P101,Trail Running Shoes,Footwear,115.91,0.1,104.32,110.72,1688.48,83,49.0,8658.46,4591.46
2026-05-17,P101,Trail Running Shoes,Footwear,116.84,0.0,116.84,109.72,647.47,63,49.0,7360.99,4273.99
2026-05-18,P101,Trail Running Shoes,Footwear,116.76,0.0,116.76,112.38,1174.51,55,49.0,6421.98,3726.98
2026-05-19,P101,Trail Running Shoes,Footwear,116.47,0.1,104.82,112.5,1098.08,81,49.0,8490.61,4521.61
2026-05-20,P101,Trail Running Shoes,Footwear,113.63,0.0,113.63,116.0,1612.69,62,49.0,7045.1,4007.1
2026-05-21,P101,Trail Running Shoes,Footwear,116.04,0.1,104.44,111.96,311.58,63,49.0,6579.52,3492.52
2026-05-22,P101,Trail Running Shoes,Footwear,115.41,0.05,109.64,112.33,1706.61,67,49.0,7345.68,4062.68
2026-05-23,P101,Trail Running Shoes,Footwear,113.42,0.0,113.42,112.66,1182.42,66,49.0,7485.96,4251.96
2026-05-24,P101,Trail Running Shoes,Footwear,115.01,0.0,115.01,105.59,1160.2,63,49.0,7245.69,4158.69
2026-05-25,P101,Trail Running Shoes,Footwear,114.06,0.0,114.06,114.49,1592.77,63,49.0,7186.09,4099.09
2026-05-26,P101,Trail Running Shoes,Footwear,115.13,0.05,109.38,111.8,1271.79,65,49.0,7109.41,3924.41
2026-05-27,P101,Trail Running Shoes,Footwear,116.22,0.0,116.22,114.31,857.11,53,49.0,6159.77,3562.77
2026-05-28,P101,Trail Running Shoes,Footwear,112.22,0.0,112.22,113.02,1481.9,55,49.0,6172.14,3477.14
2026-05-29,P101,Trail Running Shoes,Footwear,119.37,0.05,113.41,110.73,1360.55,68,49.0,7711.56,4379.56
2026-05-30,P101,Trail Running Shoes,Footwear,113.81,0.1,102.43,113.05,2328.69,91,49.0,9321.28,4862.28
2026-05-31,P101,Trail Running Shoes,Footwear,119.07,0.1,107.16,116.04,1432.48,73,49.0,7822.6,4245.6
2026-06-01,P101,Trail Running Shoes,Footwear,117.99,0.15,100.29,117.27,1372.0,65,49.0,6518.67,3333.67
2026-06-02,P101,Trail Running Shoes,Footwear,115.18,0.0,115.18,114.73,1214.67,64,49.0,7371.57,4235.57
2026-06-03,P101,Trail Running Shoes,Footwear,114.17,0.0,114.17,112.82,1311.36,58,49.0,6621.83,3779.83
2026-06-04,P101,Trail Running Shoes,Footwear,118.37,0.0,118.37,110.76,1412.74,58,49.0,6865.49,4023.49
2026-06-05,P101,Trail Running Shoes,Footwear,112.77,0.2,90.21,113.29,2013.23,104,49.0,9382.31,4286.31
2026-06-06,P101,Trail Running Shoes,Footwear,112.43,0.1,101.19,104.66,1563.9,79,49.0,7994.13,4123.13
2026-06-07,P101,Trail Running Shoes,Footwear,118.22,0.2,94.58,114.47,1604.62,96,49.0,9079.23,4375.23
2026-06-08,P101,Trail Running Shoes,Footwear,115.06,0.0,115.06,113.68,1495.36,60,49.0,6903.66,3963.66
2026-06-09,P101,Trail Running Shoes,Footwear,117.88,0.0,117.88,110.0,2011.71,56,49.0,6601.41,3857.41
2026-06-10,P101,Trail Running Shoes,Footwear,114.77,0.0,114.77,113.65,1324.19,58,49.0,6656.59,3814.59
2026-06-11,P101,Trail Running Shoes,Footwear,115.87,0.05,110.08,114.44,451.3,73,49.0,8035.77,4458.77
2026-06-12,P101,Trail Running Shoes,Footwear,115.6,0.1,104.04,115.69,803.88,68,49.0,7074.78,3742.78
2026-06-13,P101,Trail Running Shoes,Footwear,114.53,0.1,103.08,112.54,1572.91,77,49.0,7936.92,4163.92
2026-06-14,P101,Trail Running Shoes,Footwear,114.96,0.2,91.97,113.61,1762.18,87,49.0,8001.03,3738.03
2026-06-15,P101,Trail Running Shoes,Footwear,113.2,0.1,101.88,111.37,1007.82,62,49.0,6316.51,3278.51
2026-06-16,P101,Trail Running Shoes,Footwear,114.35,0.0,114.35,108.88,933.52,62,49.0,7089.72,4051.72
2026-06-17,P101,Trail Running Shoes,Footwear,116.62,0.1,104.96,111.83,747.01,61,49.0,6402.45,3413.45
2026-06-18,P101,Trail Running Shoes,Footwear,115.69,0.0,115.69,117.18,1624.85,64,49.0,7404.33,4268.33
2026-06-19,P101,Trail Running Shoes,Footwear,114.26,0.1,102.84,113.96,1227.57,87,49.0,8946.83,4683.83
2026-06-20,P101,Trail Running Shoes,Footwear,112.17,0.1,100.95,114.31,1736.23,74,49.0,7470.25,3844.25
2026-06-21,P101,Trail Running Shoes,Footwear,114.39,0.0,114.39,114.45,725.46,66,49.0,7549.44,4315.44
2026-06-22,P101,Trail Running Shoes,Footwear,116.99,0.2,93.59,116.61,986.67,88,49.0,8236.02,3924.02
2026-06-23,P101,Trail Running Shoes,Footwear,113.79,0.0,113.79,121.32,1334.45,55,49.0,6258.57,3563.57
2026-06-24,P101,Trail Running Shoes,Footwear,115.93,0.2,92.74,111.61,868.36,77,49.0,7141.04,3368.04
2026-06-25,P101,Trail Running Shoes,Footwear,114.62,0.2,91.7,117.12,1488.28,83,49.0,7610.85,3543.85
2026-06-26,P101,Trail Running Shoes,Footwear,114.38,0.05,108.66,116.36,1073.8,63,49.0,6845.5,3758.5
2026-06-27,P101,Trail Running Shoes,Footwear,116.31,0.1,104.68,116.34,1873.38,80,49.0,8374.18,4454.18
2026-06-28,P101,Trail Running Shoes,Footwear,117.74,0.15,100.08,117.37,771.79,75,49.0,7506.1,3831.1
2026-06-29,P101,Trail Running Shoes,Footwear,113.63,0.0,113.63,115.65,1521.27,67,49.0,7613.15,4330.15
2026-06-30,P101,Trail Running Shoes,Footwear,115.87,0.0,115.87,114.75,550.39,55,49.0,6373.01,3678.01
2025-01-01,P200,Classic Hoodie,Apparel,58.03,0.0,58.03,62.89,1746.61,111,20.0,6440.99,4220.99
2025-01-02,P200,Classic Hoodie,Apparel,57.05,0.1,51.35,59.14,1265.86,121,20.0,6212.79,3792.79
2025-01-03,P200,Classic Hoodie,Apparel,58.63,0.15,49.84,58.36,1730.85,147,20.0,7326.09,4386.09
2025-01-04,P200,Classic Hoodie,Apparel,56.36,0.05,53.54,59.91,1401.23,142,20.0,7602.86,4762.86
2025-01-05,P200,Classic Hoodie,Apparel,57.87,0.0,57.87,60.31,826.58,92,20.0,5323.74,3483.74
2025-01-06,P200,Classic Hoodie,Apparel,59.45,0.0,59.45,61.82,1416.25,110,20.0,6539.0,4339.0
2025-01-07,P200,Classic Hoodie,Apparel,59.43,0.2,47.54,58.82,1923.31,177,20.0,8415.41,4875.41
2025-01-08,P200,Classic Hoodie,Apparel,57.98,0.0,57.98,59.22,1392.44,84,20.0,4870.23,3190.23
2025-01-09,P200,Classic Hoodie,Apparel,59.17,0.05,56.21,60.77,1112.22,106,20.0,5958.01,3838.01
2025-01-10,P200,Classic Hoodie,Apparel,57.7,0.0,57.7,60.05,1980.18,118,20.0,6808.45,4448.45
2025-01-11,P200,Classic Hoodie,Apparel,58.91,0.0,58.91,61.55,1706.79,103,20.0,6067.94,4007.94
2025-01-12,P200,Classic Hoodie,Apparel,58.51,0.05,55.59,57.73,1704.32,148,20.0,8227.04,5267.04
2025-01-13,P200,Classic Hoodie,Apparel,58.73,0.0,58.73,61.3,974.53,91,20.0,5344.48,3524.48
2025-01-14,P200,Classic Hoodie,Apparel,59.35,0.0,59.35,60.83,1124.28,90,20.0,5341.75,3541.75
2025-01-15,P200,Classic Hoodie,Apparel,58.88,0.2,47.11,58.89,1180.28,172,20.0,8102.06,4662.06
2025-01-16,P200,Classic Hoodie,Apparel,58.61,0.0,58.61,58.49,1656.06,77,20.0,4513.33,2973.33
2025-01-17,P200,Classic Hoodie,Apparel,58.38,0.0,58.38,60.79,1502.2,112,20.0,6539.09,4299.09
2025-01-18,P200,Classic Hoodie,Apparel,58.16,0.1,52.34,61.47,1370.49,127,20.0,6647.29,4107.29
2025-01-19,P200,Classic Hoodie,Apparel,60.93,0.0,60.93,61.26,1440.39,106,20.0,6458.92,4338.92
2025-01-20,P200,Classic Hoodie,Apparel,58.48,0.05,55.56,61.89,738.27,111,20.0,6166.81,3946.81
2025-01-21,P200,Classic Hoodie,Apparel,58.46,0.0,58.46,61.35,1687.89,101,20.0,5904.05,3884.05
2025-01-22,P200,Classic Hoodie,Apparel,59.91,0.0,59.91,60.83,978.62,92,20.0,5511.38,3671.38
2025-01-23,P200,Classic Hoodie,Apparel,58.82,0.0,58.82,61.41,1384.47,88,20.0,5176.55,3416.55
2025-01-24,P200,Classic Hoodie,Apparel,57.46,0.05,54.59,61.44,1006.5,121,20.0,6604.8,4184.8
2025-01-25,P200,Classic Hoodie,Apparel,60.04,0.1,54.04,58.81,1902.8,146,20.0,7889.47,4969.47
2025-01-26,P200,Classic Hoodie,Apparel,58.83,0.0,58.83,59.53,1116.24,97,20.0,5706.7,3766.7
2025-01-27,P200,Classic Hoodie,Apparel,60.23,0.05,57.22,62.5,1155.77,101,20.0,5779.47,3759.47
2025-01-28,P200,Classic Hoodie,Apparel,58.91,0.0,58.91,57.13,1256.52,95,20.0,5596.29,3696.29
2025-01-29,P200,Classic Hoodie,Apparel,60.25,0.0,60.25,62.65,1595.42,113,20.0,6808.79,4548.79
2025-01-30,P200,Classic Hoodie,Apparel,59.38,0.0,59.38,62.46,770.35,104,20.0,6175.32,4095.32
2025-01-31,P200,Classic Hoodie,Apparel,58.67,0.2,46.93,59.38,1301.99,163,20.0,7650.09,4390.09
2025-02-01,P200,Classic Hoodie,Apparel,59.9,0.2,47.92,58.41,534.24,198,20.0,9488.37,5528.37
2025-02-02,P200,Classic Hoodie,Apparel,60.49,0.1,54.44,61.05,1667.02,149,20.0,8111.5,5131.5
2025-02-03,P200,Classic Hoodie,Apparel,59.73,0.15,50.77,62.66,1036.94,151,20.0,7666.94,4646.94
2025-02-04,P200,Classic Hoodie,Apparel,59.6,0.2,47.68,60.52,1326.23,175,20.0,8343.31,4843.31
2025-02-05,P200,Classic Hoodie,Apparel,58.55,0.05,55.62,62.27,948.5,115,20.0,6396.79,4096.79
2025-02-06,P200,Classic Hoodie,Apparel,59.37,0.05,56.4,58.05,1620.73,107,20.0,6034.92,3894.92
2025-02-07,P200,Classic Hoodie,Apparel,60.98,0.2,48.79,60.44,1282.42,199,20.0,9708.31,5728.31
2025-02-08,P200,Classic Hoodie,Apparel,59.45,0.0,59.45,61.2,1449.55,113,20.0,6717.59,4457.59
2025-02-09,P200,Classic Hoodie,Apparel,60.65,0.0,60.65,60.16,945.74,98,20.0,5943.71,3983.71
2025-02-10,P200,Classic Hoodie,Apparel,59.9,0.2,47.92,62.19,1769.7,168,20.0,8049.96,4689.96
2025-02-11,P200,Classic Hoodie,Apparel,59.05,0.0,59.05,59.09,2030.93,108,20.0,6377.43,4217.43
2025-02-12,P200,Classic Hoodie,Apparel,60.34,0.1,54.31,61.18,1483.33,129,20.0,7005.62,4425.62
2025-02-13,P200,Classic Hoodie,Apparel,60.99,0.05,57.94,64.54,959.06,103,20.0,5967.47,3907.47
2025-02-14,P200,Classic Hoodie,Apparel,58.97,0.05,56.02,62.7,1251.21,121,20.0,6778.33,4358.33
2025-02-15,P200,Classic Hoodie,Apparel,59.05,0.05,56.1,62.48,1163.24,128,20.0,7180.63,4620.63
2025-02-16,P200,Classic Hoodie,Apparel,60.56,0.0,60.56,60.85,1303.81,117,20.0,7085.24,4745.24
2025-02-17,P200,Classic Hoodie,Apparel,61.66,0.0,61.66,62.04,1589.19,97,20.0,5980.82,4040.82
2025-02-18,P200,Classic Hoodie,Apparel,59.22,0.0,59.22,61.44,787.85,98,20.0,5803.13,3843.13
2025-02-19,P200,Classic Hoodie,Apparel,59.88,0.0,59.88,60.44,1833.42,109,20.0,6527.15,4347.15
2025-02-20,P200,Classic Hoodie,Apparel,61.41,0.1,55.27,61.3,962.82,125,20.0,6909.18,4409.18
2025-02-21,P200,Classic Hoodie,Apparel,60.01,0.0,60.01,59.19,1105.77,95,20.0,5700.59,3800.59
2025-02-22,P200,Classic Hoodie,Apparel,60.43,0.2,48.35,60.32,1468.79,191,20.0,9234.31,5414.31
2025-02-23,P200,Classic Hoodie,Apparel,57.01,0.1,51.31,60.45,1688.44,141,20.0,7235.17,4415.17
2025-02-24,P200,Classic Hoodie,Apparel,60.14,0.0,60.14,60.04,1300.77,89,20.0,5352.02,3572.02
2025-02-25,P200,Classic Hoodie,Apparel,61.72,0.05,58.64,61.01,1316.79,125,20.0,7329.44,4829.44
2025-02-26,P200,Classic Hoodie,Apparel,60.72,0.15,51.61,60.18,1478.18,143,20.0,7380.18,4520.18
2025-02-27,P200,Classic Hoodie,Apparel,57.82,0.0,57.82,61.03,767.12,122,20.0,7053.88,4613.88
2025-02-28,P200,Classic Hoodie,Apparel,60.21,0.1,54.19,60.08,619.82,114,20.0,6178.01,3898.01
2025-03-01,P200,Classic Hoodie,Apparel,61.09,0.05,58.04,64.31,1561.5,131,20.0,7602.71,4982.71
2025-03-02,P200,Classic Hoodie,Apparel,59.58,0.0,59.58,64.04,1232.05,143,20.0,8519.43,5659.43
2025-03-03,P200,Classic Hoodie,Apparel,61.48,0.2,49.18,58.51,1060.26,155,20.0,7623.36,4523.36
2025-03-04,P200,Classic Hoodie,Apparel,59.94,0.0,59.94,65.36,912.2,108,20.0,6473.03,4313.03
2025-03-05,P200,Classic Hoodie,Apparel,60.66,0.1,54.59,60.99,1339.67,121,20.0,6605.44,4185.44
2025-03-06,P200,Classic Hoodie,Apparel,60.12,0.05,57.11,61.44,1505.27,136,20.0,7766.93,5046.93
2025-03-07,P200,Classic Hoodie,Apparel,60.97,0.0,60.97,61.04,878.17,92,20.0,5609.53,3769.53
2025-03-08,P200,Classic Hoodie,Apparel,59.75,0.05,56.77,60.22,963.14,114,20.0,6471.45,4191.45
2025-03-09,P200,Classic Hoodie,Apparel,58.25,0.0,58.25,60.55,770.92,105,20.0,6116.04,4016.04
2025-03-10,P200,Classic Hoodie,Apparel,59.55,0.0,59.55,61.41,1566.48,102,20.0,6073.78,4033.78
2025-03-11,P200,Classic Hoodie,Apparel,59.49,0.0,59.49,61.61,1042.96,97,20.0,5770.2,3830.2
2025-03-12,P200,Classic Hoodie,Apparel,61.18,0.1,55.06,61.67,1633.23,113,20.0,6221.54,3961.54
2025-03-13,P200,Classic Hoodie,Apparel,61.32,0.1,55.19,61.33,1663.88,139,20.0,7671.34,4891.34
2025-03-14,P200,Classic Hoodie,Apparel,59.94,0.05,56.94,61.26,1187.77,128,20.0,7288.69,4728.69
2025-03-15,P200,Classic Hoodie,Apparel,58.21,0.1,52.39,59.91,2036.14,155,20.0,8120.54,5020.54
2025-03-16,P200,Classic Hoodie,Apparel,59.6,0.0,59.6,61.14,1034.94,112,20.0,6674.83,4434.83
2025-03-17,P200,Classic Hoodie,Apparel,60.71,0.0,60.71,59.61,1583.9,110,20.0,6677.94,4477.94
2025-03-18,P200,Classic Hoodie,Apparel,60.9,0.1,54.81,65.28,1679.63,147,20.0,8056.93,5116.93
2025-03-19,P200,Classic Hoodie,Apparel,58.86,0.0,58.86,60.4,1813.48,129,20.0,7592.54,5012.54
2025-03-20,P200,Classic Hoodie,Apparel,61.29,0.0,61.29,58.68,1475.38,88,20.0,5393.28,3633.28
2025-03-21,P200,Classic Hoodie,Apparel,58.16,0.0,58.16,60.81,1488.35,121,20.0,7037.64,4617.64
2025-03-22,P200,Classic Hoodie,Apparel,60.2,0.0,60.2,58.99,1262.21,97,20.0,5839.81,3899.81
2025-03-23,P200,Classic Hoodie,Apparel,57.56,0.2,46.05,61.45,1028.88,232,20.0,10683.61,6043.61
2025-03-24,P200,Classic Hoodie,Apparel,60.78,0.0,60.78,61.19,1061.98,85,20.0,5166.2,3466.2
2025-03-25,P200,Classic Hoodie,Apparel,59.72,0.1,53.75,59.6,1141.57,161,20.0,8652.96,5432.96
2025-03-26,P200,Classic Hoodie,Apparel,57.96,0.0,57.96,58.8,1626.97,114,20.0,6607.48,4327.48
2025-03-27,P200,Classic Hoodie,Apparel,59.91,0.0,59.91,58.82,1024.39,109,20.0,6530.57,4350.57
2025-03-28,P200,Classic Hoodie,Apparel,61.33,0.0,61.33,58.84,1422.02,123,20.0,7543.49,5083.49
2025-03-29,P200,Classic Hoodie,Apparel,59.55,0.0,59.55,62.21,1033.48,116,20.0,6907.72,4587.72
2025-03-30,P200,Classic Hoodie,Apparel,60.05,0.0,60.05,58.93,1008.57,120,20.0,7206.01,4806.01
2025-03-31,P200,Classic Hoodie,Apparel,60.61,0.1,54.55,62.19,1949.41,144,20.0,7854.67,4974.67
2025-04-01,P200,Classic Hoodie,Apparel,59.0,0.0,59.0,60.97,946.32,96,20.0,5663.72,3743.72
2025-04-02,P200,Classic Hoodie,Apparel,59.79,0.15,50.82,59.63,1290.49,173,20.0,8792.62,5332.62
2025-04-03,P200,Classic Hoodie,Apparel,60.03,0.0,60.03,57.04,1391.22,107,20.0,6423.12,4283.12
2025-04-04,P200,Classic Hoodie,Apparel,57.6,0.15,48.96,58.83,997.43,164,20.0,8029.31,4749.31
2025-04-05,P200,Classic Hoodie,Apparel,60.85,0.05,57.81,58.55,1489.56,133,20.0,7688.08,5028.08
2025-04-06,P200,Classic Hoodie,Apparel,59.51,0.15,50.58,60.25,1409.35,206,20.0,10419.68,6299.68
2025-04-07,P200,Classic Hoodie,Apparel,60.21,0.1,54.19,60.77,1621.25,143,20.0,7748.62,4888.62
2025-04-08,P200,Classic Hoodie,Apparel,60.19,0.0,60.19,59.83,1372.17,104,20.0,6259.74,4179.74
2025-04-09,P200,Classic Hoodie,Apparel,56.85,0.0,56.85,58.54,872.88,124,20.0,7049.85,4569.85
2025-04-10,P200,Classic Hoodie,Apparel,59.44,0.1,53.49,59.41,1096.67,139,20.0,7435.74,4655.74
2025-04-11,P200,Classic Hoodie,Apparel,59.9,0.1,53.91,59.1,1298.26,146,20.0,7870.55,4950.55
2025-04-12,P200,Classic Hoodie,Apparel,56.79,0.2,45.43,59.25,1145.46,214,20.0,9722.7,5442.7
2025-04-13,P200,Classic Hoodie,Apparel,58.24,0.1,52.41,62.06,1183.39,165,20.0,8648.4,5348.4
2025-04-14,P200,Classic Hoodie,Apparel,60.79,0.0,60.79,58.42,1953.28,103,20.0,6261.73,4201.73
2025-04-15,P200,Classic Hoodie,Apparel,60.52,0.0,60.52,59.6,1276.37,96,20.0,5809.88,3889.88
2025-04-16,P200,Classic Hoodie,Apparel,58.69,0.0,58.69,60.4,1295.28,105,20.0,6162.06,4062.06
2025-04-17,P200,Classic Hoodie,Apparel,58.29,0.2,46.63,60.81,1059.83,179,20.0,8347.53,4767.53
2025-04-18,P200,Classic Hoodie,Apparel,58.9,0.15,50.06,61.19,1712.56,151,20.0,7559.52,4539.52
2025-04-19,P200,Classic Hoodie,Apparel,58.17,0.05,55.26,58.53,1877.59,124,20.0,6852.73,4372.73
2025-04-20,P200,Classic Hoodie,Apparel,56.7,0.0,56.7,57.66,1403.43,131,20.0,7428.29,4808.29
2025-04-21,P200,Classic Hoodie,Apparel,58.8,0.0,58.8,59.65,1723.25,94,20.0,5526.95,3646.95
2025-04-22,P200,Classic Hoodie,Apparel,59.53,0.0,59.53,58.28,1563.34,93,20.0,5536.02,3676.02
2025-04-23,P200,Classic Hoodie,Apparel,58.24,0.05,55.33,60.35,729.31,121,20.0,6694.37,4274.37
2025-04-24,P200,Classic Hoodie,Apparel,57.04,0.0,57.04,59.35,1579.8,129,20.0,7358.74,4778.74
2025-04-25,P200,Classic Hoodie,Apparel,57.56,0.1,51.81,60.53,708.43,149,20.0,7719.36,4739.36
2025-04-26,P200,Classic Hoodie,Apparel,59.07,0.0,59.07,58.12,864.12,121,20.0,7147.31,4727.31
2025-04-27,P200,Classic Hoodie,Apparel,56.76,0.0,56.76,58.38,1557.59,118,20.0,6697.78,4337.78
2025-04-28,P200,Classic Hoodie,Apparel,57.24,0.1,51.52,58.52,1662.3,182,20.0,9376.49,5736.49
2025-04-29,P200,Classic Hoodie,Apparel,56.33,0.0,56.33,56.74,1666.77,105,20.0,5914.61,3814.61
2025-04-30,P200,Classic Hoodie,Apparel,57.14,0.0,57.14,57.4,1272.57,112,20.0,6400.16,4160.16
2025-05-01,P200,Classic Hoodie,Apparel,58.3,0.1,52.47,56.26,1562.0,138,20.0,7240.73,4480.73
2025-05-02,P200,Classic Hoodie,Apparel,58.95,0.05,56.0,57.11,723.18,112,20.0,6272.53,4032.53
2025-05-03,P200,Classic Hoodie,Apparel,59.04,0.05,56.09,57.78,986.68,149,20.0,8356.85,5376.85
2025-05-04,P200,Classic Hoodie,Apparel,56.56,0.0,56.56,56.96,1505.21,104,20.0,5881.85,3801.85
2025-05-05,P200,Classic Hoodie,Apparel,58.91,0.0,58.91,59.26,1500.92,105,20.0,6185.34,4085.34
2025-05-06,P200,Classic Hoodie,Apparel,56.41,0.0,56.41,57.69,948.91,114,20.0,6431.18,4151.18
2025-05-07,P200,Classic Hoodie,Apparel,58.31,0.05,55.4,58.38,1632.85,120,20.0,6647.67,4247.67
2025-05-08,P200,Classic Hoodie,Apparel,56.92,0.05,54.07,58.47,1160.87,128,20.0,6921.3,4361.3
2025-05-09,P200,Classic Hoodie,Apparel,56.26,0.05,53.44,58.64,1619.21,121,20.0,6466.82,4046.82
2025-05-10,P200,Classic Hoodie,Apparel,58.01,0.05,55.11,56.89,1305.94,149,20.0,8211.85,5231.85
2025-05-11,P200,Classic Hoodie,Apparel,58.11,0.0,58.11,60.38,1046.6,107,20.0,6217.27,4077.27
2025-05-12,P200,Classic Hoodie,Apparel,56.46,0.15,47.99,57.18,452.36,154,20.0,7390.29,4310.29
2025-05-13,P200,Classic Hoodie,Apparel,56.59,0.0,56.59,58.01,1083.75,115,20.0,6508.16,4208.16
2025-05-14,P200,Classic Hoodie,Apparel,57.87,0.15,49.19,56.33,1122.51,127,20.0,6246.7,3706.7
2025-05-15,P200,Classic Hoodie,Apparel,55.92,0.0,55.92,57.49,959.66,105,20.0,5872.01,3772.01
2025-05-16,P200,Classic Hoodie,Apparel,55.73,0.1,50.16,57.58,1453.26,155,20.0,7775.03,4675.03
2025-05-17,P200,Classic Hoodie,Apparel,56.98,0.0,56.98,59.17,745.21,110,20.0,6267.75,4067.75
2025-05-18,P200,Classic Hoodie,Apparel,56.49,0.1,50.85,56.64,1326.99,178,20.0,9050.43,5490.43
2025-05-19,P200,Classic Hoodie,Apparel,57.72,0.0,57.72,58.16,1530.51,100,20.0,5772.16,3772.16
2025-05-20,P200,Classic Hoodie,Apparel,57.71,0.0,57.71,56.89,792.42,105,20.0,6060.05,3960.05
2025-05-21,P200,Classic Hoodie,Apparel,57.01,0.0,57.01,57.02,1041.13,111,20.0,6328.18,4108.18
2025-05-22,P200,Classic Hoodie,Apparel,56.7,0.05,53.86,57.27,1428.57,112,20.0,6032.38,3792.38
2025-05-23,P200,Classic Hoodie,Apparel,55.76,0.1,50.19,57.8,863.6,144,20.0,7227.07,4347.07
2025-05-24,P200,Classic Hoodie,Apparel,57.04,0.2,45.64,57.8,866.55,200,20.0,9127.0,5127.0
2025-05-25,P200,Classic Hoodie,Apparel,58.36,0.15,49.61,58.32,1421.5,158,20.0,7837.69,4677.69
2025-05-26,P200,Classic Hoodie,Apparel,57.33,0.2,45.86,56.61,1501.79,175,20.0,8025.7,4525.7
2025-05-27,P200,Classic Hoodie,Apparel,56.36,0.0,56.36,57.15,1477.74,104,20.0,5861.14,3781.14
2025-05-28,P200,Classic Hoodie,Apparel,55.1,0.2,44.08,59.11,2196.13,223,20.0,9829.43,5369.43
2025-05-29,P200,Classic Hoodie,Apparel,55.08,0.1,49.57,57.45,1782.8,137,20.0,6791.54,4051.54
2025-05-30,P200,Classic Hoodie,Apparel,56.3,0.0,56.3,56.95,1611.25,107,20.0,6023.95,3883.95
2025-05-31,P200,Classic Hoodie,Apparel,54.76,0.15,46.55,58.26,1270.27,199,20.0,9262.93,5282.93
2025-06-01,P200,Classic Hoodie,Apparel,55.87,0.0,55.87,55.36,1669.51,125,20.0,6983.24,4483.24
2025-06-02,P200,Classic Hoodie,Apparel,56.84,0.0,56.84,55.02,1101.27,103,20.0,5854.67,3794.67
2025-06-03,P200,Classic Hoodie,Apparel,55.71,0.2,44.57,57.64,1232.54,176,20.0,7843.94,4323.94
2025-06-04,P200,Classic Hoodie,Apparel,56.34,0.15,47.89,57.83,1441.53,172,20.0,8236.66,4796.66
2025-06-05,P200,Classic Hoodie,Apparel,56.58,0.1,50.92,56.16,1042.16,139,20.0,7077.65,4297.65
2025-06-06,P200,Classic Hoodie,Apparel,55.87,0.05,53.07,58.35,1527.82,132,20.0,7005.72,4365.72
2025-06-07,P200,Classic Hoodie,Apparel,56.1,0.2,44.88,54.54,1222.18,202,20.0,9065.36,5025.36
2025-06-08,P200,Classic Hoodie,Apparel,56.4,0.0,56.4,57.67,1050.82,109,20.0,6148.12,3968.12
2025-06-09,P200,Classic Hoodie,Apparel,57.66,0.1,51.89,57.43,1159.32,132,20.0,6849.66,4209.66
2025-06-10,P200,Classic Hoodie,Apparel,56.01,0.0,56.01,56.96,2212.6,115,20.0,6441.58,4141.58
2025-06-11,P200,Classic Hoodie,Apparel,56.79,0.15,48.27,53.81,1125.44,167,20.0,8061.71,4721.71
2025-06-12,P200,Classic Hoodie,Apparel,56.5,0.0,56.5,57.64,660.39,108,20.0,6102.24,3942.24
2025-06-13,P200,Classic Hoodie,Apparel,58.07,0.15,49.36,53.3,1846.98,116,20.0,5725.45,3405.45
2025-06-14,P200,Classic Hoodie,Apparel,57.03,0.0,57.03,52.77,1460.61,120,20.0,6843.4,4443.4
2025-06-15,P200,Classic Hoodie,Apparel,56.41,0.2,45.13,57.0,1151.8,169,20.0,7627.24,4247.24
2025-06-16,P200,Classic Hoodie,Apparel,56.74,0.0,56.74,57.77,584.36,87,20.0,4936.72,3196.72
2025-06-17,P200,Classic Hoodie,Apparel,55.13,0.2,44.1,53.8,1315.91,190,20.0,8379.28,4579.28
2025-06-18,P200,Classic Hoodie,Apparel,54.51,0.2,43.61,56.96,1102.66,189,20.0,8241.42,4461.42
2025-06-19,P200,Classic Hoodie,Apparel,53.96,0.05,51.26,55.59,1302.66,129,20.0,6612.27,4032.27
2025-06-20,P200,Classic Hoodie,Apparel,56.38,0.05,53.56,55.67,1403.03,129,20.0,6909.32,4329.32
2025-06-21,P200,Classic Hoodie,Apparel,55.88,0.1,50.29,56.5,1232.98,142,20.0,7141.29,4301.29
2025-06-22,P200,Classic Hoodie,Apparel,56.52,0.15,48.04,56.59,1310.17,166,20.0,7974.97,4654.97
2025-06-23,P200,Classic Hoodie,Apparel,55.63,0.15,47.28,55.28,707.51,156,20.0,7376.38,4256.38
2025-06-24,P200,Classic Hoodie,Apparel,56.21,0.0,56.21,55.24,1982.34,103,20.0,5789.82,3729.82
2025-06-25,P200,Classic Hoodie,Apparel,55.06,0.0,55.06,54.56,675.79,115,20.0,6331.52,4031.52
2025-06-26,P200,Classic Hoodie,Apparel,57.4,0.05,54.53,54.69,1952.06,112,20.0,6107.72,3867.72
2025-06-27,P200,Classic Hoodie,Apparel,55.69,0.0,55.69,58.07,1537.21,132,20.0,7351.65,4711.65
2025-06-28,P200,Classic Hoodie,Apparel,56.24,0.1,50.62,55.09,635.08,135,20.0,6833.1,4133.1
2025-06-29,P200,Classic Hoodie,Apparel,57.18,0.05,54.32,56.84,1307.31,115,20.0,6247.01,3947.01
2025-06-30,P200,Classic Hoodie,Apparel,56.23,0.1,50.61,56.6,1360.02,125,20.0,6325.92,3825.92
2025-07-01,P200,Classic Hoodie,Apparel,56.91,0.05,54.06,51.43,1437.82,136,20.0,7352.51,4632.51
2025-07-02,P200,Classic Hoodie,Apparel,54.44,0.0,54.44,55.96,1133.47,116,20.0,6314.85,3994.85
2025-07-03,P200,Classic Hoodie,Apparel,56.52,0.0,56.52,56.19,1587.02,102,20.0,5764.87,3724.87
2025-07-04,P200,Classic Hoodie,Apparel,59.36,0.05,56.39,56.26,684.23,95,20.0,5357.09,3457.09
2025-07-05,P200,Classic Hoodie,Apparel,57.25,0.0,57.25,54.04,523.28,99,20.0,5667.87,3687.87
2025-07-06,P200,Classic Hoodie,Apparel,57.5,0.1,51.75,55.5,630.94,137,20.0,7089.84,4349.84
2025-07-07,P200,Classic Hoodie,Apparel,56.78,0.1,51.1,53.41,1708.43,137,20.0,7000.69,4260.69
2025-07-08,P200,Classic Hoodie,Apparel,57.29,0.2,45.83,56.95,1487.46,187,20.0,8570.37,4830.37
2025-07-09,P200,Classic Hoodie,Apparel,54.23,0.0,54.23,53.84,1035.04,101,20.0,5477.04,3457.04
2025-07-10,P200,Classic Hoodie,Apparel,56.55,0.15,48.07,57.65,1713.46,144,20.0,6922.2,4042.2
2025-07-11,P200,Classic Hoodie,Apparel,56.42,0.15,47.96,54.81,1232.23,151,20.0,7241.63,4221.63
2025-07-12,P200,Classic Hoodie,Apparel,52.64,0.0,52.64,56.87,1085.55,146,20.0,7685.11,4765.11
2025-07-13,P200,Classic Hoodie,Apparel,55.86,0.15,47.48,56.26,1124.64,192,20.0,9116.27,5276.27
2025-07-14,P200,Classic Hoodie,Apparel,56.14,0.05,53.33,57.83,1510.65,117,20.0,6239.94,3899.94
2025-07-15,P200,Classic Hoodie,Apparel,57.44,0.1,51.69,59.79,1414.27,133,20.0,6875.21,4215.21
2025-07-16,P200,Classic Hoodie,Apparel,56.49,0.05,53.66,55.26,1199.81,96,20.0,5151.49,3231.49
2025-07-17,P200,Classic Hoodie,Apparel,55.1,0.1,49.59,55.39,1279.86,156,20.0,7736.38,4616.38
2025-07-18,P200,Classic Hoodie,Apparel,56.93,0.0,56.93,55.11,1794.91,108,20.0,6148.45,3988.45
2025-07-19,P200,Classic Hoodie,Apparel,56.43,0.05,53.61,55.55,1704.98,114,20.0,6111.71,3831.71
2025-07-20,P200,Classic Hoodie,Apparel,56.85,0.1,51.16,55.86,1373.93,129,20.0,6600.0,4020.0
2025-07-21,P200,Classic Hoodie,Apparel,56.9,0.0,56.9,55.56,798.12,98,20.0,5576.43,3616.43
2025-07-22,P200,Classic Hoodie,Apparel,57.68,0.15,49.03,55.72,953.84,135,20.0,6618.51,3918.51
2025-07-23,P200,Classic Hoodie,Apparel,55.96,0.0,55.96,54.83,1981.18,105,20.0,5875.94,3775.94
2025-07-24,P200,Classic Hoodie,Apparel,57.18,0.0,57.18,57.45,1151.28,97,20.0,5546.94,3606.94
2025-07-25,P200,Classic Hoodie,Apparel,56.35,0.05,53.53,57.0,1423.01,109,20.0,5834.67,3654.67
2025-07-26,P200,Classic Hoodie,Apparel,55.28,0.2,44.22,56.1,619.47,192,20.0,8491.06,4651.06
2025-07-27,P200,Classic Hoodie,Apparel,57.72,0.0,57.72,60.09,1159.17,100,20.0,5771.79,3771.79
2025-07-28,P200,Classic Hoodie,Apparel,55.59,0.1,50.04,56.76,1007.93,126,20.0,6304.43,3784.43
2025-07-29,P200,Classic Hoodie,Apparel,54.73,0.15,46.52,57.84,1022.56,153,20.0,7117.75,4057.75
2025-07-30,P200,Classic Hoodie,Apparel,55.35,0.15,47.05,56.13,1295.94,156,20.0,7339.64,4219.64
2025-07-31,P200,Classic Hoodie,Apparel,58.39,0.0,58.39,57.64,1646.38,106,20.0,6189.24,4069.24
2025-08-01,P200,Classic Hoodie,Apparel,57.53,0.0,57.53,58.08,1686.28,102,20.0,5867.83,3827.83
2025-08-02,P200,Classic Hoodie,Apparel,55.46,0.0,55.46,55.43,1201.05,114,20.0,6322.6,4042.6
2025-08-03,P200,Classic Hoodie,Apparel,57.01,0.15,48.45,58.6,1731.7,183,20.0,8867.21,5207.21
2025-08-04,P200,Classic Hoodie,Apparel,55.99,0.1,50.39,57.44,1081.29,109,20.0,5492.98,3312.98
2025-08-05,P200,Classic Hoodie,Apparel,56.83,0.2,45.46,57.45,2026.41,177,20.0,8046.48,4506.48
2025-08-06,P200,Classic Hoodie,Apparel,59.73,0.15,50.77,57.08,1308.09,116,20.0,5889.46,3569.46
2025-08-07,P200,Classic Hoodie,Apparel,58.39,0.2,46.71,55.93,1761.24,177,20.0,8267.35,4727.35
2025-08-08,P200,Classic Hoodie,Apparel,58.46,0.0,58.46,56.39,1281.65,88,20.0,5144.36,3384.36
2025-08-09,P200,Classic Hoodie,Apparel,58.15,0.0,58.15,57.5,2010.96,113,20.0,6570.41,4310.41
2025-08-10,P200,Classic Hoodie,Apparel,57.14,0.2,45.71,58.22,1914.14,226,20.0,10330.04,5810.04
2025-08-11,P200,Classic Hoodie,Apparel,58.67,0.0,58.67,56.75,1507.39,103,20.0,6043.21,3983.21
2025-08-12,P200,Classic Hoodie,Apparel,57.94,0.2,46.35,57.77,1318.5,155,20.0,7184.38,4084.38
2025-08-13,P200,Classic Hoodie,Apparel,57.37,0.15,48.76,59.65,1213.7,143,20.0,6973.28,4113.28
2025-08-14,P200,Classic Hoodie,Apparel,56.69,0.0,56.69,58.25,1792.0,113,20.0,6405.86,4145.86
2025-08-15,P200,Classic Hoodie,Apparel,57.86,0.0,57.86,57.04,1490.09,94,20.0,5438.72,3558.72
2025-08-16,P200,Classic Hoodie,Apparel,57.76,0.0,57.76,57.52,1462.69,98,20.0,5660.62,3700.62
2025-08-17,P200,Classic Hoodie,Apparel,57.5,0.15,48.88,61.3,866.43,138,20.0,6744.96,3984.96
2025-08-18,P200,Classic Hoodie,Apparel,56.81,0.0,56.81,57.28,1622.48,100,20.0,5681.02,3681.02
2025-08-19,P200,Classic Hoodie,Apparel,58.04,0.0,58.04,56.48,1212.12,88,20.0,5107.85,3347.85
2025-08-20,P200,Classic Hoodie,Apparel,56.27,0.0,56.27,55.85,896.24,97,20.0,5457.71,3517.71
2025-08-21,P200,Classic Hoodie,Apparel,58.23,0.0,58.23,54.93,765.92,88,20.0,5124.23,3364.23
2025-08-22,P200,Classic Hoodie,Apparel,55.13,0.1,49.61,59.43,643.61,136,20.0,6747.63,4027.63
2025-08-23,P200,Classic Hoodie,Apparel,57.16,0.0,57.16,62.36,481.66,107,20.0,6115.67,3975.67
2025-08-24,P200,Classic Hoodie,Apparel,56.25,0.0,56.25,58.38,1225.56,105,20.0,5906.31,3806.31
2025-08-25,P200,Classic Hoodie,Apparel,57.24,0.15,48.65,55.72,1746.99,134,20.0,6519.77,3839.77
2025-08-26,P200,Classic Hoodie,Apparel,56.78,0.0,56.78,60.19,1275.76,113,20.0,6416.49,4156.49
2025-08-27,P200,Classic Hoodie,Apparel,59.58,0.1,53.62,57.82,1343.57,128,20.0,6863.26,4303.26
2025-08-28,P200,Classic Hoodie,Apparel,58.81,0.0,58.81,58.25,1228.04,86,20.0,5057.9,3337.9
2025-08-29,P200,Classic Hoodie,Apparel,59.77,0.05,56.78,57.48,1096.78,90,20.0,5110.49,3310.49
2025-08-30,P200,Classic Hoodie,Apparel,57.0,0.0,57.0,57.03,1839.43,101,20.0,5756.97,3736.97
2025-08-31,P200,Classic Hoodie,Apparel,59.25,0.0,59.25,59.0,1241.91,91,20.0,5391.94,3571.94
2025-09-01,P200,Classic Hoodie,Apparel,58.76,0.0,58.76,57.52,535.41,89,20.0,5229.5,3449.5
2025-09-02,P200,Classic Hoodie,Apparel,58.88,0.2,47.1,56.9,770.85,147,20.0,6923.78,3983.78
2025-09-03,P200,Classic Hoodie,Apparel,60.36,0.0,60.36,58.65,802.21,82,20.0,4949.39,3309.39
2025-09-04,P200,Classic Hoodie,Apparel,58.67,0.15,49.87,59.3,225.1,129,20.0,6433.14,3853.14
2025-09-05,P200,Classic Hoodie,Apparel,57.73,0.0,57.73,56.42,1232.15,90,20.0,5195.59,3395.59
2025-09-06,P200,Classic Hoodie,Apparel,57.11,0.05,54.26,59.65,1316.91,108,20.0,5859.89,3699.89
2025-09-07,P200,Classic Hoodie,Apparel,57.85,0.05,54.96,60.09,755.96,121,20.0,6650.34,4230.34
2025-09-08,P200,Classic Hoodie,Apparel,58.75,0.15,49.94,56.18,1247.18,134,20.0,6692.01,4012.01
2025-09-09,P200,Classic Hoodie,Apparel,57.58,0.1,51.82,59.44,1332.04,113,20.0,5855.79,3595.79
2025-09-10,P200,Classic Hoodie,Apparel,59.91,0.0,59.91,59.28,1883.0,99,20.0,5931.52,3951.52
2025-09-11,P200,Classic Hoodie,Apparel,59.48,0.2,47.58,58.4,1071.11,142,20.0,6756.48,3916.48
2025-09-12,P200,Classic Hoodie,Apparel,59.68,0.1,53.71,60.0,2067.94,117,20.0,6284.63,3944.63
2025-09-13,P200,Classic Hoodie,Apparel,57.76,0.0,57.76,57.01,1579.56,98,20.0,5660.21,3700.21
2025-09-14,P200,Classic Hoodie,Apparel,60.12,0.05,57.11,60.23,1243.01,99,20.0,5654.36,3674.36
2025-09-15,P200,Classic Hoodie,Apparel,58.83,0.05,55.89,57.35,2016.17,101,20.0,5644.78,3624.78
2025-09-16,P200,Classic Hoodie,Apparel,59.96,0.0,59.96,57.62,1215.8,90,20.0,5396.82,3596.82
2025-09-17,P200,Classic Hoodie,Apparel,58.79,0.0,58.79,57.94,1355.97,90,20.0,5291.1,3491.1
2025-09-18,P200,Classic Hoodie,Apparel,61.09,0.0,61.09,60.19,1558.94,75,20.0,4581.73,3081.73
2025-09-19,P200,Classic Hoodie,Apparel,58.41,0.0,58.41,57.75,820.43,90,20.0,5256.78,3456.78
2025-09-20,P200,Classic Hoodie,Apparel,59.76,0.05,56.77,55.62,2039.97,98,20.0,5563.29,3603.29
2025-09-21,P200,Classic Hoodie,Apparel,61.63,0.05,58.55,57.33,1007.54,79,20.0,4625.57,3045.57
2025-09-22,P200,Classic Hoodie,Apparel,59.91,0.15,50.92,57.93,805.89,129,20.0,6568.67,3988.67
2025-09-23,P200,Classic Hoodie,Apparel,60.31,0.0,60.31,62.17,1053.15,86,20.0,5186.32,3466.32
2025-09-24,P200,Classic Hoodie,Apparel,58.25,0.0,58.25,58.85,1467.2,97,20.0,5650.41,3710.41
2025-09-25,P200,Classic Hoodie,Apparel,60.67,0.0,60.67,58.44,1659.45,83,20.0,5035.25,3375.25
2025-09-26,P200,Classic Hoodie,Apparel,59.32,0.0,59.32,58.9,1927.23,91,20.0,5398.5,3578.5
2025-09-27,P200,Classic Hoodie,Apparel,59.88,0.0,59.88,59.39,2180.55,110,20.0,6586.38,4386.38
2025-09-28,P200,Classic Hoodie,Apparel,58.97,0.0,58.97,59.51,1352.51,90,20.0,5307.36,3507.36
2025-09-29,P200,Classic Hoodie,Apparel,60.21,0.2,48.17,61.98,827.09,131,20.0,6310.01,3690.01
2025-09-30,P200,Classic Hoodie,Apparel,59.27,0.0,59.27,62.83,1660.62,99,20.0,5868.18,3888.18
2025-10-01,P200,Classic Hoodie,Apparel,59.53,0.0,59.53,59.56,777.39,88,20.0,5238.53,3478.53
2025-10-02,P200,Classic Hoodie,Apparel,60.34,0.0,60.34,60.62,1224.1,83,20.0,5008.37,3348.37
2025-10-03,P200,Classic Hoodie,Apparel,60.03,0.15,51.03,61.37,770.72,133,20.0,6786.37,4126.37
2025-10-04,P200,Classic Hoodie,Apparel,59.85,0.0,59.85,57.11,1250.87,102,20.0,6104.97,4064.97
2025-10-05,P200,Classic Hoodie,Apparel,61.64,0.2,49.31,60.69,2006.32,163,20.0,8038.22,4778.22
2025-10-06,P200,Classic Hoodie,Apparel,60.91,0.0,60.91,59.48,1056.1,67,20.0,4080.88,2740.88
2025-10-07,P200,Classic Hoodie,Apparel,61.27,0.15,52.08,59.34,1011.48,108,20.0,5625.03,3465.03
2025-10-08,P200,Classic Hoodie,Apparel,59.73,0.05,56.75,63.35,702.09,94,20.0,5334.24,3454.24
2025-10-09,P200,Classic Hoodie,Apparel,58.88,0.15,50.05,61.8,1403.17,129,20.0,6456.44,3876.44
2025-10-10,P200,Classic Hoodie,Apparel,60.05,0.0,60.05,62.75,1496.91,94,20.0,5644.81,3764.81
2025-10-11,P200,Classic Hoodie,Apparel,57.2,0.05,54.34,60.35,2049.96,138,20.0,7499.33,4739.33
2025-10-12,P200,Classic Hoodie,Apparel,58.07,0.0,58.07,58.75,1916.0,104,20.0,6039.22,3959.22
2025-10-13,P200,Classic Hoodie,Apparel,59.21,0.0,59.21,60.58,361.35,74,20.0,4381.19,2901.19
2025-10-14,P200,Classic Hoodie,Apparel,60.05,0.0,60.05,57.76,1162.78,89,20.0,5344.66,3564.66
2025-10-15,P200,Classic Hoodie,Apparel,58.51,0.0,58.51,60.94,1323.75,105,20.0,6143.04,4043.04
2025-10-16,P200,Classic Hoodie,Apparel,59.78,0.2,47.83,61.89,822.51,145,20.0,6935.03,4035.03
2025-10-17,P200,Classic Hoodie,Apparel,59.55,0.1,53.6,60.48,1605.43,122,20.0,6538.85,4098.85
2025-10-18,P200,Classic Hoodie,Apparel,59.25,0.0,59.25,62.88,1000.71,98,20.0,5806.31,3846.31
2025-10-19,P200,Classic Hoodie,Apparel,59.83,0.05,56.84,60.66,712.96,118,20.0,6706.74,4346.74
2025-10-20,P200,Classic Hoodie,Apparel,59.22,0.0,59.22,59.89,1074.82,96,20.0,5685.13,3765.13
2025-10-21,P200,Classic Hoodie,Apparel,61.06,0.0,61.06,61.12,1574.01,83,20.0,5068.26,3408.26
2025-10-22,P200,Classic Hoodie,Apparel,60.01,0.0,60.01,62.16,1050.37,98,20.0,5881.24,3921.24
2025-10-23,P200,Classic Hoodie,Apparel,59.69,0.0,59.69,60.91,1573.14,89,20.0,5312.05,3532.05
2025-10-24,P200,Classic Hoodie,Apparel,59.7,0.0,59.7,62.2,1061.37,86,20.0,5133.97,3413.97
2025-10-25,P200,Classic Hoodie,Apparel,60.01,0.0,60.01,62.19,1264.06,113,20.0,6781.18,4521.18
2025-10-26,P200,Classic Hoodie,Apparel,59.83,0.05,56.83,60.71,826.01,96,20.0,5456.14,3536.14
2025-10-27,P200,Classic Hoodie,Apparel,59.42,0.15,50.51,62.63,1288.07,130,20.0,6566.34,3966.34
2025-10-28,P200,Classic Hoodie,Apparel,61.25,0.0,61.25,62.83,992.89,80,20.0,4899.62,3299.62
2025-10-29,P200,Classic Hoodie,Apparel,61.84,0.15,52.57,61.38,1203.65,133,20.0,6991.45,4331.45
2025-10-30,P200,Classic Hoodie,Apparel,60.99,0.05,57.94,61.37,1633.56,89,20.0,5156.36,3376.36
2025-10-31,P200,Classic Hoodie,Apparel,59.93,0.05,56.93,59.45,945.91,91,20.0,5180.94,3360.94
2025-11-01,P200,Classic Hoodie,Apparel,60.4,0.0,60.4,60.15,1318.56,110,20.0,6643.6,4443.6
2025-11-02,P200,Classic Hoodie,Apparel,60.33,0.15,51.28,62.74,1271.49,187,20.0,9588.79,5848.79
2025-11-03,P200,Classic Hoodie,Apparel,60.25,0.0,60.25,61.89,2416.68,121,20.0,7289.83,4869.83
2025-11-04,P200,Classic Hoodie,Apparel,59.71,0.0,59.71,62.21,1892.32,132,20.0,7881.64,5241.64
2025-11-05,P200,Classic Hoodie,Apparel,57.56,0.1,51.8,64.87,1524.08,155,20.0,8029.5,4929.5
2025-11-06,P200,Classic Hoodie,Apparel,60.08,0.2,48.06,59.3,1743.81,185,20.0,8891.58,5191.58
2025-11-07,P200,Classic Hoodie,Apparel,59.83,0.0,59.83,60.37,1835.01,120,20.0,7180.17,4780.17
2025-11-08,P200,Classic Hoodie,Apparel,59.15,0.0,59.15,59.51,626.19,109,20.0,6446.84,4266.84
2025-11-09,P200,Classic Hoodie,Apparel,59.82,0.0,59.82,60.36,1865.4,123,20.0,7357.45,4897.45
2025-11-10,P200,Classic Hoodie,Apparel,59.42,0.1,53.48,59.62,1656.67,187,20.0,10000.49,6260.49
2025-11-11,P200,Classic Hoodie,Apparel,57.8,0.15,49.13,63.02,779.1,194,20.0,9530.88,5650.88
2025-11-12,P200,Classic Hoodie,Apparel,60.88,0.0,60.88,61.3,1498.09,134,20.0,8157.85,5477.85
2025-11-13,P200,Classic Hoodie,Apparel,61.6,0.1,55.44,60.42,968.81,154,20.0,8538.35,5458.35
2025-11-14,P200,Classic Hoodie,Apparel,58.1,0.15,49.39,60.82,1336.97,178,20.0,8790.92,5230.92
2025-11-15,P200,Classic Hoodie,Apparel,59.79,0.0,59.79,61.01,1143.25,140,20.0,8370.65,5570.65
2025-11-16,P200,Classic Hoodie,Apparel,59.71,0.2,47.77,63.27,1359.29,228,20.0,10891.25,6331.25
2025-11-17,P200,Classic Hoodie,Apparel,57.56,0.0,57.56,58.52,1436.56,109,20.0,6274.02,4094.02
2025-11-18,P200,Classic Hoodie,Apparel,60.69,0.0,60.69,61.22,1212.09,106,20.0,6433.48,4313.48
2025-11-19,P200,Classic Hoodie,Apparel,59.99,0.0,59.99,59.74,1727.81,122,20.0,7318.95,4878.95
2025-11-20,P200,Classic Hoodie,Apparel,59.05,0.0,59.05,62.09,1303.22,127,20.0,7499.96,4959.96
2025-11-21,P200,Classic Hoodie,Apparel,58.4,0.1,52.56,60.31,1860.17,164,20.0,8620.53,5340.53
2025-11-22,P200,Classic Hoodie,Apparel,60.06,0.15,51.05,62.2,1712.87,189,20.0,9648.08,5868.08
2025-11-23,P200,Classic Hoodie,Apparel,60.29,0.0,60.29,61.63,1206.87,129,20.0,7777.73,5197.73
2025-11-24,P200,Classic Hoodie,Apparel,58.58,0.2,46.86,60.61,1916.11,205,20.0,9606.75,5506.75
2025-11-25,P200,Classic Hoodie,Apparel,58.09,0.05,55.19,62.0,2063.33,147,20.0,8112.91,5172.91
2025-11-26,P200,Classic Hoodie,Apparel,59.16,0.05,56.2,60.12,1351.59,118,20.0,6632.19,4272.19
2025-11-27,P200,Classic Hoodie,Apparel,59.7,0.15,50.74,60.97,1159.47,166,20.0,8423.49,5103.49
2025-11-28,P200,Classic Hoodie,Apparel,59.7,0.05,56.71,59.34,1484.28,165,20.0,9357.2,6057.2
2025-11-29,P200,Classic Hoodie,Apparel,60.44,0.0,60.44,60.24,1451.72,129,20.0,7796.39,5216.39
2025-11-30,P200,Classic Hoodie,Apparel,57.38,0.15,48.77,61.55,1296.39,258,20.0,12582.47,7422.47
2025-12-01,P200,Classic Hoodie,Apparel,58.52,0.05,55.6,59.13,929.92,146,20.0,8116.99,5196.99
2025-12-02,P200,Classic Hoodie,Apparel,59.87,0.0,59.87,59.56,1308.67,105,20.0,6286.02,4186.02
2025-12-03,P200,Classic Hoodie,Apparel,58.49,0.0,58.49,60.29,1210.35,112,20.0,6551.42,4311.42
2025-12-04,P200,Classic Hoodie,Apparel,57.96,0.1,52.16,63.44,1326.25,159,20.0,8293.4,5113.4
2025-12-05,P200,Classic Hoodie,Apparel,58.25,0.0,58.25,59.39,1789.72,128,20.0,7456.15,4896.15
2025-12-06,P200,Classic Hoodie,Apparel,60.5,0.15,51.43,60.69,1287.05,209,20.0,10747.99,6567.99
2025-12-07,P200,Classic Hoodie,Apparel,55.68,0.0,55.68,60.73,1834.97,173,20.0,9633.27,6173.27
2025-12-08,P200,Classic Hoodie,Apparel,57.24,0.05,54.37,62.57,1205.57,142,20.0,7721.24,4881.24
2025-12-09,P200,Classic Hoodie,Apparel,58.57,0.05,55.64,62.97,1422.62,153,20.0,8513.48,5453.48
2025-12-10,P200,Classic Hoodie,Apparel,59.25,0.0,59.25,62.28,1582.1,147,20.0,8710.14,5770.14
2025-12-11,P200,Classic Hoodie,Apparel,58.89,0.0,58.89,62.46,1267.28,129,20.0,7597.27,5017.27
2025-12-12,P200,Classic Hoodie,Apparel,60.0,0.0,60.0,62.98,1297.06,121,20.0,7260.11,4840.11
2025-12-13,P200,Classic Hoodie,Apparel,59.68,0.2,47.74,61.05,1184.13,245,20.0,11696.59,6796.59
2025-12-14,P200,Classic Hoodie,Apparel,58.07,0.0,58.07,59.59,1346.46,146,20.0,8478.44,5558.44
2025-12-15,P200,Classic Hoodie,Apparel,57.65,0.05,54.77,62.38,1649.16,154,20.0,8433.82,5353.82
2025-12-16,P200,Classic Hoodie,Apparel,58.77,0.1,52.9,60.58,855.13,173,20.0,9151.04,5691.04
2025-12-17,P200,Classic Hoodie,Apparel,58.08,0.05,55.18,62.54,1556.01,160,20.0,8828.49,5628.49
2025-12-18,P200,Classic Hoodie,Apparel,58.05,0.0,58.05,58.93,673.96,114,20.0,6617.21,4337.21
2025-12-19,P200,Classic Hoodie,Apparel,57.77,0.0,57.77,59.55,1210.86,128,20.0,7394.6,4834.6
2025-12-20,P200,Classic Hoodie,Apparel,57.07,0.0,57.07,59.8,1920.6,164,20.0,9360.25,6080.25
2025-12-21,P200,Classic Hoodie,Apparel,57.13,0.0,57.13,60.2,1023.54,137,20.0,7826.28,5086.28
2025-12-22,P200,Classic Hoodie,Apparel,58.71,0.05,55.78,59.59,905.91,143,20.0,7976.01,5116.01
2025-12-23,P200,Classic Hoodie,Apparel,57.73,0.15,49.07,60.09,1612.47,215,20.0,10549.46,6249.46
2025-12-24,P200,Classic Hoodie,Apparel,59.88,0.15,50.9,61.92,1821.62,258,20.0,13131.08,7971.08
2025-12-25,P200,Classic Hoodie,Apparel,58.29,0.1,52.46,61.46,1098.67,175,20.0,9180.28,5680.28
2025-12-26,P200,Classic Hoodie,Apparel,56.77,0.05,53.93,60.58,1065.31,148,20.0,7981.41,5021.41
2025-12-27,P200,Classic Hoodie,Apparel,57.82,0.0,57.82,57.16,776.0,124,20.0,7169.95,4689.95
2025-12-28,P200,Classic Hoodie,Apparel,56.42,0.2,45.13,60.5,1378.82,303,20.0,13675.38,7615.38
2025-12-29,P200,Classic Hoodie,Apparel,58.07,0.1,52.27,60.73,1375.48,197,20.0,10296.29,6356.29
2025-12-30,P200,Classic Hoodie,Apparel,58.2,0.05,55.29,60.34,1757.59,128,20.0,7076.58,4516.58
2025-12-31,P200,Classic Hoodie,Apparel,56.88,0.1,51.19,61.41,1865.7,170,20.0,8702.93,5302.93
2026-01-01,P200,Classic Hoodie,Apparel,58.61,0.05,55.68,57.98,889.16,108,20.0,6013.23,3853.23
2026-01-02,P200,Classic Hoodie,Apparel,56.75,0.1,51.08,60.57,1544.58,160,20.0,8172.53,4972.53
2026-01-03,P200,Classic Hoodie,Apparel,56.58,0.1,50.93,59.51,1289.05,183,20.0,9319.5,5659.5
2026-01-04,P200,Classic Hoodie,Apparel,54.03,0.0,54.03,59.52,909.19,124,20.0,6699.76,4219.76
2026-01-05,P200,Classic Hoodie,Apparel,56.81,0.15,48.29,58.51,1323.21,172,20.0,8305.69,4865.69
2026-01-06,P200,Classic Hoodie,Apparel,56.65,0.0,56.65,59.16,1297.32,93,20.0,5268.35,3408.35
2026-01-07,P200,Classic Hoodie,Apparel,57.33,0.0,57.33,58.69,1754.15,115,20.0,6593.17,4293.17
2026-01-08,P200,Classic Hoodie,Apparel,58.03,0.1,52.22,58.75,852.71,124,20.0,6475.79,3995.79
2026-01-09,P200,Classic Hoodie,Apparel,58.07,0.2,46.45,61.38,886.67,176,20.0,8176.05,4656.05
2026-01-10,P200,Classic Hoodie,Apparel,56.64,0.2,45.31,56.62,722.92,206,20.0,9334.07,5214.07
2026-01-11,P200,Classic Hoodie,Apparel,54.64,0.0,54.64,58.46,1358.35,134,20.0,7321.95,4641.95
2026-01-12,P200,Classic Hoodie,Apparel,56.49,0.1,50.84,60.27,1402.67,140,20.0,7117.38,4317.38
2026-01-13,P200,Classic Hoodie,Apparel,56.63,0.2,45.31,59.54,1918.57,217,20.0,9831.73,5491.73
2026-01-14,P200,Classic Hoodie,Apparel,57.82,0.1,52.04,58.17,1215.26,136,20.0,7077.65,4357.65
2026-01-15,P200,Classic Hoodie,Apparel,55.47,0.2,44.37,60.7,1618.01,204,20.0,9051.97,4971.97
2026-01-16,P200,Classic Hoodie,Apparel,57.15,0.0,57.15,59.85,816.05,105,20.0,6000.84,3900.84
2026-01-17,P200,Classic Hoodie,Apparel,56.38,0.1,50.75,59.65,1073.76,128,20.0,6495.5,3935.5
2026-01-18,P200,Classic Hoodie,Apparel,55.28,0.0,55.28,58.78,1906.15,140,20.0,7739.36,4939.36
2026-01-19,P200,Classic Hoodie,Apparel,56.46,0.0,56.46,58.58,1697.51,109,20.0,6154.36,3974.36
2026-01-20,P200,Classic Hoodie,Apparel,56.2,0.0,56.2,60.62,1441.3,110,20.0,6181.79,3981.79
2026-01-21,P200,Classic Hoodie,Apparel,56.19,0.15,47.76,59.24,1209.74,164,20.0,7833.43,4553.43
2026-01-22,P200,Classic Hoodie,Apparel,55.6,0.2,44.48,57.93,1136.65,176,20.0,7828.54,4308.54
2026-01-23,P200,Classic Hoodie,Apparel,56.34,0.0,56.34,58.12,1184.21,114,20.0,6422.29,4142.29
2026-01-24,P200,Classic Hoodie,Apparel,57.01,0.1,51.31,59.12,1213.36,152,20.0,7798.74,4758.74
2026-01-25,P200,Classic Hoodie,Apparel,55.11,0.0,55.11,57.4,1307.07,120,20.0,6613.38,4213.38
2026-01-26,P200,Classic Hoodie,Apparel,56.28,0.1,50.65,55.79,1594.99,141,20.0,7141.53,4321.53
2026-01-27,P200,Classic Hoodie,Apparel,55.28,0.0,55.28,56.56,1452.29,132,20.0,7296.86,4656.86
2026-01-28,P200,Classic Hoodie,Apparel,55.71,0.15,47.35,59.64,648.24,204,20.0,9660.15,5580.15
2026-01-29,P200,Classic Hoodie,Apparel,58.66,0.0,58.66,54.1,1264.9,94,20.0,5514.22,3634.22
2026-01-30,P200,Classic Hoodie,Apparel,55.81,0.2,44.65,59.14,1259.47,189,20.0,8439.16,4659.16
2026-01-31,P200,Classic Hoodie,Apparel,55.89,0.0,55.89,58.65,873.86,108,20.0,6036.47,3876.47
2026-02-01,P200,Classic Hoodie,Apparel,58.14,0.0,58.14,57.65,1156.79,123,20.0,7150.83,4690.83
2026-02-02,P200,Classic Hoodie,Apparel,57.89,0.1,52.1,58.63,753.39,122,20.0,6356.55,3916.55
2026-02-03,P200,Classic Hoodie,Apparel,55.61,0.0,55.61,55.23,1594.96,105,20.0,5839.17,3739.17
2026-02-04,P200,Classic Hoodie,Apparel,57.57,0.0,57.57,60.31,1210.63,117,20.0,6736.2,4396.2
2026-02-05,P200,Classic Hoodie,Apparel,54.72,0.0,54.72,56.9,908.6,114,20.0,6237.9,3957.9
2026-02-06,P200,Classic Hoodie,Apparel,55.51,0.0,55.51,57.09,1641.88,112,20.0,6217.0,3977.0
2026-02-07,P200,Classic Hoodie,Apparel,57.8,0.0,57.8,59.85,934.06,121,20.0,6993.64,4573.64
2026-02-08,P200,Classic Hoodie,Apparel,55.47,0.05,52.7,56.95,1588.49,173,20.0,9116.35,5656.35
2026-02-09,P200,Classic Hoodie,Apparel,57.22,0.2,45.78,57.66,1018.45,176,20.0,8056.42,4536.42
2026-02-10,P200,Classic Hoodie,Apparel,54.78,0.1,49.3,56.71,1389.86,134,20.0,6605.96,3925.96
2026-02-11,P200,Classic Hoodie,Apparel,55.92,0.0,55.92,58.92,1089.33,104,20.0,5815.9,3735.9
2026-02-12,P200,Classic Hoodie,Apparel,56.45,0.1,50.81,53.88,1699.66,146,20.0,7417.54,4497.54
2026-02-13,P200,Classic Hoodie,Apparel,57.88,0.05,54.99,58.52,1263.82,124,20.0,6818.6,4338.6
2026-02-14,P200,Classic Hoodie,Apparel,54.54,0.2,43.63,58.0,1543.41,285,20.0,12435.88,6735.88
2026-02-15,P200,Classic Hoodie,Apparel,57.03,0.15,48.48,55.63,807.34,204,20.0,9888.97,5808.97
2026-02-16,P200,Classic Hoodie,Apparel,55.17,0.2,44.14,59.18,1489.03,226,20.0,9974.81,5454.81
2026-02-17,P200,Classic Hoodie,Apparel,55.67,0.1,50.1,56.96,1167.08,164,20.0,8216.8,4936.8
2026-02-18,P200,Classic Hoodie,Apparel,55.85,0.1,50.26,55.78,1515.94,154,20.0,7740.5,4660.5
2026-02-19,P200,Classic Hoodie,Apparel,56.52,0.0,56.52,55.14,1924.63,135,20.0,7629.98,4929.98
2026-02-20,P200,Classic Hoodie,Apparel,56.94,0.0,56.94,56.28,1191.89,127,20.0,7231.62,4691.62
2026-02-21,P200,Classic Hoodie,Apparel,55.66,0.2,44.53,59.52,1282.84,278,20.0,12379.35,6819.35
2026-02-22,P200,Classic Hoodie,Apparel,54.59,0.05,51.86,57.51,2045.59,165,20.0,8556.38,5256.38
2026-02-23,P200,Classic Hoodie,Apparel,55.79,0.15,47.42,58.28,1022.75,178,20.0,8440.43,4880.43
2026-02-24,P200,Classic Hoodie,Apparel,54.79,0.15,46.57,58.93,1715.76,196,20.0,9128.0,5208.0
2026-02-25,P200,Classic Hoodie,Apparel,54.89,0.0,54.89,56.1,902.13,101,20.0,5544.11,3524.11
2026-02-26,P200,Classic Hoodie,Apparel,55.44,0.05,52.67,54.48,1075.78,141,20.0,7426.53,4606.53
2026-02-27,P200,Classic Hoodie,Apparel,55.75,0.1,50.17,55.5,1323.46,184,20.0,9231.57,5551.57
2026-02-28,P200,Classic Hoodie,Apparel,55.8,0.0,55.8,57.07,736.41,145,20.0,8090.54,5190.54
2026-03-01,P200,Classic Hoodie,Apparel,55.69,0.0,55.69,56.3,1520.17,141,20.0,7851.77,5031.77
2026-03-02,P200,Classic Hoodie,Apparel,55.74,0.05,52.95,58.03,1026.77,147,20.0,7783.73,4843.73
2026-03-03,P200,Classic Hoodie,Apparel,55.83,0.0,55.83,55.74,1317.99,107,20.0,5973.69,3833.69
2026-03-04,P200,Classic Hoodie,Apparel,56.52,0.15,48.04,56.44,1105.54,173,20.0,8311.63,4851.63
2026-03-05,P200,Classic Hoodie,Apparel,56.43,0.15,47.97,56.16,938.0,213,20.0,10217.2,5957.2
2026-03-06,P200,Classic Hoodie,Apparel,57.43,0.2,45.94,56.71,1721.96,172,20.0,7902.25,4462.25
2026-03-07,P200,Classic Hoodie,Apparel,53.68,0.0,53.68,54.29,1214.82,140,20.0,7515.87,4715.87
2026-03-08,P200,Classic Hoodie,Apparel,57.35,0.2,45.88,54.61,1443.87,217,20.0,9955.73,5615.73
2026-03-09,P200,Classic Hoodie,Apparel,56.78,0.05,53.95,58.23,1262.74,159,20.0,8577.29,5397.29
2026-03-10,P200,Classic Hoodie,Apparel,55.63,0.0,55.63,57.28,1278.52,118,20.0,6564.52,4204.52
2026-03-11,P200,Classic Hoodie,Apparel,57.15,0.0,57.15,52.32,197.37,113,20.0,6458.3,4198.3
2026-03-12,P200,Classic Hoodie,Apparel,57.81,0.05,54.92,58.89,1293.69,118,20.0,6481.02,4121.02
2026-03-13,P200,Classic Hoodie,Apparel,56.13,0.15,47.71,54.67,1893.49,224,20.0,10687.26,6207.26
2026-03-14,P200,Classic Hoodie,Apparel,57.11,0.0,57.11,56.1,833.81,141,20.0,8052.14,5232.14
2026-03-15,P200,Classic Hoodie,Apparel,56.73,0.0,56.73,56.79,1089.14,129,20.0,7317.93,4737.93
2026-03-16,P200,Classic Hoodie,Apparel,55.18,0.2,44.15,57.65,1262.41,243,20.0,10727.76,5867.76
2026-03-17,P200,Classic Hoodie,Apparel,56.52,0.05,53.7,54.3,1573.51,124,20.0,6658.33,4178.33
2026-03-18,P200,Classic Hoodie,Apparel,56.27,0.0,56.27,56.05,1343.64,102,20.0,5739.31,3699.31
2026-03-19,P200,Classic Hoodie,Apparel,56.58,0.2,45.26,55.48,1219.1,206,20.0,9324.19,5204.19
2026-03-20,P200,Classic Hoodie,Apparel,56.73,0.1,51.06,54.52,1286.92,164,20.0,8373.84,5093.84
2026-03-21,P200,Classic Hoodie,Apparel,55.81,0.05,53.02,54.0,1638.9,150,20.0,7953.4,4953.4
2026-03-22,P200,Classic Hoodie,Apparel,56.07,0.2,44.86,56.13,866.7,204,20.0,9150.6,5070.6
2026-03-23,P200,Classic Hoodie,Apparel,55.48,0.05,52.71,57.96,1036.08,146,20.0,7695.15,4775.15
2026-03-24,P200,Classic Hoodie,Apparel,56.18,0.2,44.94,57.08,930.61,207,20.0,9303.4,5163.4
2026-03-25,P200,Classic Hoodie,Apparel,57.16,0.0,57.16,56.89,1086.55,122,20.0,6973.17,4533.17
2026-03-26,P200,Classic Hoodie,Apparel,59.38,0.15,50.48,53.61,996.71,151,20.0,7621.9,4601.9
2026-03-27,P200,Classic Hoodie,Apparel,56.77,0.0,56.77,54.08,1805.42,104,20.0,5903.68,3823.68
2026-03-28,P200,Classic Hoodie,Apparel,57.04,0.0,57.04,57.49,1289.13,119,20.0,6788.16,4408.16
2026-03-29,P200,Classic Hoodie,Apparel,55.9,0.15,47.51,54.87,1373.88,175,20.0,8314.47,4814.47
2026-03-30,P200,Classic Hoodie,Apparel,58.2,0.0,58.2,56.14,1368.34,128,20.0,7450.14,4890.14
2026-03-31,P200,Classic Hoodie,Apparel,56.95,0.0,56.95,55.18,1230.69,114,20.0,6492.37,4212.37
2026-04-01,P200,Classic Hoodie,Apparel,56.59,0.05,53.76,53.05,1098.07,132,20.0,7096.77,4456.77
2026-04-02,P200,Classic Hoodie,Apparel,57.66,0.0,57.66,58.82,1573.36,136,20.0,7841.17,5121.17
2026-04-03,P200,Classic Hoodie,Apparel,58.37,0.2,46.69,58.47,1966.31,229,20.0,10692.9,6112.9
2026-04-04,P200,Classic Hoodie,Apparel,58.36,0.05,55.44,55.94,1178.38,147,20.0,8149.71,5209.71
2026-04-05,P200,Classic Hoodie,Apparel,56.92,0.1,51.23,55.73,452.14,185,20.0,9477.61,5777.61
2026-04-06,P200,Classic Hoodie,Apparel,57.5,0.1,51.75,58.14,1408.11,177,20.0,9159.55,5619.55
2026-04-07,P200,Classic Hoodie,Apparel,56.49,0.0,56.49,59.51,1691.36,129,20.0,7286.82,4706.82
2026-04-08,P200,Classic Hoodie,Apparel,59.33,0.0,59.33,55.63,1819.93,94,20.0,5576.62,3696.62
2026-04-09,P200,Classic Hoodie,Apparel,58.48,0.1,52.63,56.84,2008.92,134,20.0,7052.43,4372.43
2026-04-10,P200,Classic Hoodie,Apparel,59.63,0.05,56.65,55.43,860.08,107,20.0,6061.19,3921.19
2026-04-11,P200,Classic Hoodie,Apparel,58.42,0.0,58.42,54.49,1566.5,115,20.0,6718.73,4418.73
2026-04-12,P200,Classic Hoodie,Apparel,56.79,0.1,51.11,56.61,1200.15,170,20.0,8689.0,5289.0
2026-04-13,P200,Classic Hoodie,Apparel,58.84,0.0,58.84,57.71,1188.37,101,20.0,5942.73,3922.73
2026-04-14,P200,Classic Hoodie,Apparel,58.25,0.0,58.25,54.05,979.38,100,20.0,5824.63,3824.63
2026-04-15,P200,Classic Hoodie,Apparel,58.0,0.0,58.0,55.08,1554.53,98,20.0,5684.44,3724.44
2026-04-16,P200,Classic Hoodie,Apparel,56.63,0.0,56.63,55.96,776.33,107,20.0,6059.05,3919.05
2026-04-17,P200,Classic Hoodie,Apparel,57.91,0.0,57.91,55.67,1354.68,106,20.0,6138.61,4018.61
2026-04-18,P200,Classic Hoodie,Apparel,59.93,0.0,59.93,55.1,1334.02,117,20.0,7011.46,4671.46
2026-04-19,P200,Classic Hoodie,Apparel,59.71,0.15,50.75,55.42,1576.24,180,20.0,9135.03,5535.03
2026-04-20,P200,Classic Hoodie,Apparel,60.05,0.2,48.04,56.61,1205.58,194,20.0,9319.52,5439.52
2026-04-21,P200,Classic Hoodie,Apparel,58.36,0.1,52.52,58.79,1328.25,146,20.0,7667.97,4747.97
2026-04-22,P200,Classic Hoodie,Apparel,58.12,0.2,46.49,57.2,1004.8,215,20.0,9996.15,5696.15
2026-04-23,P200,Classic Hoodie,Apparel,57.3,0.1,51.57,56.61,1714.08,128,20.0,6600.89,4040.89
2026-04-24,P200,Classic Hoodie,Apparel,60.81,0.0,60.81,56.66,1505.72,112,20.0,6810.5,4570.5
2026-04-25,P200,Classic Hoodie,Apparel,59.04,0.05,56.09,57.94,1486.87,166,20.0,9310.31,5990.31
2026-04-26,P200,Classic Hoodie,Apparel,59.35,0.0,59.35,57.84,649.93,146,20.0,8664.83,5744.83
2026-04-27,P200,Classic Hoodie,Apparel,58.25,0.0,58.25,58.74,1309.65,126,20.0,7339.92,4819.92
2026-04-28,P200,Classic Hoodie,Apparel,58.18,0.2,46.55,56.24,1868.44,211,20.0,9821.4,5601.4
2026-04-29,P200,Classic Hoodie,Apparel,59.93,0.05,56.93,53.51,1269.19,121,20.0,6888.76,4468.76
2026-04-30,P200,Classic Hoodie,Apparel,59.23,0.2,47.39,56.16,1317.56,210,20.0,9951.11,5751.11
2026-05-01,P200,Classic Hoodie,Apparel,56.67,0.1,51.0,57.59,1179.8,143,20.0,7293.14,4433.14
2026-05-02,P200,Classic Hoodie,Apparel,59.44,0.2,47.56,58.28,1251.36,228,20.0,10842.71,6282.71
2026-05-03,P200,Classic Hoodie,Apparel,60.05,0.1,54.04,56.69,1050.49,141,20.0,7619.76,4799.76
2026-05-04,P200,Classic Hoodie,Apparel,60.06,0.0,60.06,55.35,693.45,107,20.0,6426.3,4286.3
2026-05-05,P200,Classic Hoodie,Apparel,58.66,0.1,52.79,57.39,1746.29,133,20.0,7021.3,4361.3
2026-05-06,P200,Classic Hoodie,Apparel,59.22,0.0,59.22,57.51,1746.1,100,20.0,5922.44,3922.44
2026-05-07,P200,Classic Hoodie,Apparel,59.91,0.0,59.91,58.5,1232.9,106,20.0,6350.32,4230.32
2026-05-08,P200,Classic Hoodie,Apparel,59.79,0.0,59.79,57.9,1502.06,100,20.0,5979.2,3979.2
2026-05-09,P200,Classic Hoodie,Apparel,60.43,0.2,48.34,58.8,1366.99,180,20.0,8701.82,5101.82
2026-05-10,P200,Classic Hoodie,Apparel,59.32,0.05,56.35,55.49,1170.35,116,20.0,6536.52,4216.52
2026-05-11,P200,Classic Hoodie,Apparel,60.11,0.1,54.1,57.45,707.52,137,20.0,7411.21,4671.21
2026-05-12,P200,Classic Hoodie,Apparel,59.45,0.2,47.56,56.69,1011.47,171,20.0,8132.94,4712.94
2026-05-13,P200,Classic Hoodie,Apparel,58.98,0.05,56.04,57.34,1353.27,123,20.0,6892.35,4432.35
2026-05-14,P200,Classic Hoodie,Apparel,59.14,0.0,59.14,61.0,1022.54,105,20.0,6209.64,4109.64
2026-05-15,P200,Classic Hoodie,Apparel,63.05,0.0,63.05,58.03,803.21,101,20.0,6368.45,4348.45
2026-05-16,P200,Classic Hoodie,Apparel,58.7,0.15,49.89,57.17,1141.67,208,20.0,10377.77,6217.77
2026-05-17,P200,Classic Hoodie,Apparel,60.27,0.0,60.27,58.94,1456.57,113,20.0,6810.58,4550.58
2026-05-18,P200,Classic Hoodie,Apparel,60.35,0.1,54.31,57.78,1948.59,154,20.0,8364.2,5284.2
2026-05-19,P200,Classic Hoodie,Apparel,59.96,0.0,59.96,58.0,1349.41,95,20.0,5696.18,3796.18
2026-05-20,P200,Classic Hoodie,Apparel,59.67,0.1,53.7,57.09,1421.56,140,20.0,7518.69,4718.69
2026-05-21,P200,Classic Hoodie,Apparel,60.6,0.2,48.48,58.72,1360.18,162,20.0,7853.8,4613.8
2026-05-22,P200,Classic Hoodie,Apparel,61.69,0.05,58.6,57.69,1176.69,108,20.0,6329.1,4169.1
2026-05-23,P200,Classic Hoodie,Apparel,61.45,0.0,61.45,59.88,1459.98,113,20.0,6944.23,4684.23
2026-05-24,P200,Classic Hoodie,Apparel,60.51,0.0,60.51,57.65,1421.72,110,20.0,6656.12,4456.12
2026-05-25,P200,Classic Hoodie,Apparel,60.15,0.0,60.15,58.28,1517.06,100,20.0,6014.82,4014.82
2026-05-26,P200,Classic Hoodie,Apparel,60.65,0.2,48.52,57.22,1109.59,160,20.0,7762.68,4562.68
2026-05-27,P200,Classic Hoodie,Apparel,60.98,0.0,60.98,56.7,1048.39,110,20.0,6708.15,4508.15
2026-05-28,P200,Classic Hoodie,Apparel,59.34,0.1,53.41,56.7,1599.86,151,20.0,8064.86,5044.86
2026-05-29,P200,Classic Hoodie,Apparel,60.73,0.0,60.73,59.01,1326.49,99,20.0,6011.94,4031.94
2026-05-30,P200,Classic Hoodie,Apparel,59.12,0.05,56.16,59.39,1050.41,135,20.0,7581.94,4881.94
2026-05-31,P200,Classic Hoodie,Apparel,59.67,0.0,59.67,56.71,1363.95,110,20.0,6563.54,4363.54
2026-06-01,P200,Classic Hoodie,Apparel,59.0,0.0,59.0,56.14,1166.29,103,20.0,6076.85,4016.85
2026-06-02,P200,Classic Hoodie,Apparel,59.09,0.15,50.23,59.41,1276.4,172,20.0,8638.79,5198.79
2026-06-03,P200,Classic Hoodie,Apparel,59.82,0.0,59.82,58.69,845.44,107,20.0,6400.74,4260.74
2026-06-04,P200,Classic Hoodie,Apparel,59.04,0.05,56.09,59.92,1178.16,136,20.0,7627.88,4907.88
2026-06-05,P200,Classic Hoodie,Apparel,58.85,0.0,58.85,59.2,1721.38,129,20.0,7591.78,5011.78
2026-06-06,P200,Classic Hoodie,Apparel,60.07,0.1,54.06,61.37,1195.72,169,20.0,9136.65,5756.65
2026-06-07,P200,Classic Hoodie,Apparel,59.05,0.0,59.05,55.38,896.23,114,20.0,6731.19,4451.19
2026-06-08,P200,Classic Hoodie,Apparel,58.66,0.0,58.66,59.45,1626.32,106,20.0,6217.94,4097.94
2026-06-09,P200,Classic Hoodie,Apparel,59.02,0.1,53.12,57.49,1263.56,139,20.0,7383.12,4603.12
2026-06-10,P200,Classic Hoodie,Apparel,59.71,0.1,53.74,61.38,1041.01,157,20.0,8436.71,5296.71
2026-06-11,P200,Classic Hoodie,Apparel,58.94,0.0,58.94,60.73,1707.29,108,20.0,6365.15,4205.15
2026-06-12,P200,Classic Hoodie,Apparel,60.6,0.2,48.48,59.68,1105.62,187,20.0,9065.47,5325.47
2026-06-13,P200,Classic Hoodie,Apparel,61.96,0.1,55.76,59.95,1541.98,126,20.0,7025.87,4505.87
2026-06-14,P200,Classic Hoodie,Apparel,60.48,0.0,60.48,57.72,1087.64,131,20.0,7923.47,5303.47
2026-06-15,P200,Classic Hoodie,Apparel,59.73,0.05,56.74,60.92,958.84,114,20.0,6468.77,4188.77
2026-06-16,P200,Classic Hoodie,Apparel,61.29,0.05,58.22,59.37,737.83,114,20.0,6637.45,4357.45
2026-06-17,P200,Classic Hoodie,Apparel,59.56,0.0,59.56,58.49,1678.44,124,20.0,7385.11,4905.11
2026-06-18,P200,Classic Hoodie,Apparel,59.07,0.1,53.16,59.14,1439.91,129,20.0,6857.91,4277.91
2026-06-19,P200,Classic Hoodie,Apparel,60.22,0.0,60.22,59.13,1317.62,102,20.0,6142.88,4102.88
2026-06-20,P200,Classic Hoodie,Apparel,60.1,0.0,60.1,58.67,1100.14,108,20.0,6490.43,4330.43
2026-06-21,P200,Classic Hoodie,Apparel,59.86,0.05,56.87,60.06,646.69,116,20.0,6596.65,4276.65
2026-06-22,P200,Classic Hoodie,Apparel,59.6,0.0,59.6,58.41,1886.51,106,20.0,6317.14,4197.14
2026-06-23,P200,Classic Hoodie,Apparel,60.05,0.05,57.05,59.68,862.51,111,20.0,6332.44,4112.44
2026-06-24,P200,Classic Hoodie,Apparel,58.87,0.0,58.87,59.36,378.43,89,20.0,5239.13,3459.13
2026-06-25,P200,Classic Hoodie,Apparel,61.35,0.15,52.15,61.73,1799.58,166,20.0,8656.43,5336.43
2026-06-26,P200,Classic Hoodie,Apparel,59.32,0.1,53.39,58.36,1712.83,138,20.0,7367.99,4607.99
2026-06-27,P200,Classic Hoodie,Apparel,62.37,0.05,59.26,62.78,1243.55,138,20.0,8177.23,5417.23
2026-06-28,P200,Classic Hoodie,Apparel,61.51,0.1,55.36,58.49,1125.4,124,20.0,6864.97,4384.97
2026-06-29,P200,Classic Hoodie,Apparel,58.43,0.1,52.59,59.74,1318.85,146,20.0,7677.68,4757.68
2026-06-30,P200,Classic Hoodie,Apparel,57.74,0.15,49.08,61.94,1174.33,175,20.0,8589.54,5089.54
2025-01-01,P201,Performance Leggings,Apparel,74.83,0.15,63.6,76.14,535.49,97,24.0,6169.47,3841.47
2025-01-02,P201,Performance Leggings,Apparel,74.34,0.2,59.47,74.49,1353.1,111,24.0,6601.16,3937.16
2025-01-03,P201,Performance Leggings,Apparel,72.35,0.05,68.73,75.43,1153.7,80,24.0,5498.71,3578.71
2025-01-04,P201,Performance Leggings,Apparel,75.86,0.05,72.06,76.46,1328.48,84,24.0,6053.26,4037.26
2025-01-05,P201,Performance Leggings,Apparel,74.9,0.1,67.41,77.8,1547.27,109,24.0,7347.3,4731.3
2025-01-06,P201,Performance Leggings,Apparel,72.51,0.0,72.51,75.04,1226.2,70,24.0,5075.73,3395.73
2025-01-07,P201,Performance Leggings,Apparel,73.0,0.0,73.0,74.24,1207.65,73,24.0,5329.01,3577.01
2025-01-08,P201,Performance Leggings,Apparel,73.43,0.0,73.43,76.94,1143.82,82,24.0,6021.32,4053.32
2025-01-09,P201,Performance Leggings,Apparel,74.34,0.0,74.34,77.23,795.25,71,24.0,5278.17,3574.17
2025-01-10,P201,Performance Leggings,Apparel,72.98,0.2,58.38,76.71,1031.75,124,24.0,7239.41,4263.41
2025-01-11,P201,Performance Leggings,Apparel,72.9,0.0,72.9,72.45,1506.07,89,24.0,6488.41,4352.41
2025-01-12,P201,Performance Leggings,Apparel,73.74,0.0,73.74,77.06,1366.29,96,24.0,7079.12,4775.12
2025-01-13,P201,Performance Leggings,Apparel,72.85,0.0,72.85,82.27,1201.68,68,24.0,4953.95,3321.95
2025-01-14,P201,Performance Leggings,Apparel,74.12,0.05,70.41,72.01,1386.73,87,24.0,6125.64,4037.64
2025-01-15,P201,Performance Leggings,Apparel,73.74,0.05,70.06,78.9,669.92,74,24.0,5184.09,3408.09
2025-01-16,P201,Performance Leggings,Apparel,74.72,0.0,74.72,75.85,1194.21,66,24.0,4931.36,3347.36
2025-01-17,P201,Performance Leggings,Apparel,75.37,0.0,75.37,78.31,1372.14,77,24.0,5803.56,3955.56
2025-01-18,P201,Performance Leggings,Apparel,73.22,0.0,73.22,78.25,1180.89,84,24.0,6150.66,4134.66
2025-01-19,P201,Performance Leggings,Apparel,76.61,0.0,76.61,79.89,1820.01,91,24.0,6971.25,4787.25
2025-01-20,P201,Performance Leggings,Apparel,73.97,0.0,73.97,73.39,1688.38,77,24.0,5695.39,3847.39
2025-01-21,P201,Performance Leggings,Apparel,74.34,0.0,74.34,75.88,1147.3,78,24.0,5798.54,3926.54
2025-01-22,P201,Performance Leggings,Apparel,73.91,0.0,73.91,77.32,1692.09,81,24.0,5986.63,4042.63
2025-01-23,P201,Performance Leggings,Apparel,77.11,0.0,77.11,77.58,458.77,62,24.0,4780.97,3292.97
2025-01-24,P201,Performance Leggings,Apparel,76.53,0.0,76.53,74.74,1182.39,74,24.0,5662.85,3886.85
2025-01-25,P201,Performance Leggings,Apparel,77.52,0.1,69.77,76.45,1281.12,103,24.0,7186.3,4714.3
2025-01-26,P201,Performance Leggings,Apparel,75.41,0.1,67.87,79.62,1012.31,106,24.0,7194.53,4650.53
2025-01-27,P201,Performance Leggings,Apparel,76.27,0.2,61.01,79.27,1353.63,131,24.0,7992.77,4848.77
2025-01-28,P201,Performance Leggings,Apparel,75.99,0.0,75.99,78.45,1072.34,71,24.0,5394.95,3690.95
2025-01-29,P201,Performance Leggings,Apparel,77.41,0.2,61.93,75.89,1365.11,94,24.0,5821.16,3565.16
2025-01-30,P201,Performance Leggings,Apparel,75.06,0.1,67.56,79.59,1254.95,99,24.0,6688.2,4312.2
2025-01-31,P201,Performance Leggings,Apparel,71.86,0.0,71.86,78.47,1467.5,91,24.0,6539.22,4355.22
2025-02-01,P201,Performance Leggings,Apparel,75.64,0.0,75.64,77.56,820.44,80,24.0,6051.59,4131.59
2025-02-02,P201,Performance Leggings,Apparel,74.29,0.0,74.29,75.89,1843.13,86,24.0,6388.99,4324.99
2025-02-03,P201,Performance Leggings,Apparel,76.31,0.2,61.05,76.97,655.4,126,24.0,7691.9,4667.9
2025-02-04,P201,Performance Leggings,Apparel,73.17,0.0,73.17,77.84,1382.98,76,24.0,5560.58,3736.58
2025-02-05,P201,Performance Leggings,Apparel,73.65,0.0,73.65,76.48,1030.45,73,24.0,5376.63,3624.63
2025-02-06,P201,Performance Leggings,Apparel,77.43,0.0,77.43,78.54,1356.99,82,24.0,6349.5,4381.5
2025-02-07,P201,Performance Leggings,Apparel,76.0,0.1,68.4,79.46,1238.0,102,24.0,6976.99,4528.99
2025-02-08,P201,Performance Leggings,Apparel,74.21,0.1,66.79,78.71,1455.23,117,24.0,7814.79,5006.79
2025-02-09,P201,Performance Leggings,Apparel,75.55,0.0,75.55,80.78,1134.44,90,24.0,6799.74,4639.74
2025-02-10,P201,Performance Leggings,Apparel,77.08,0.0,77.08,77.45,1064.85,65,24.0,5010.05,3450.05
2025-02-11,P201,Performance Leggings,Apparel,78.39,0.15,66.63,78.83,1463.1,142,24.0,9461.12,6053.12
2025-02-12,P201,Performance Leggings,Apparel,76.78,0.2,61.42,77.69,949.08,115,24.0,7063.85,4303.85
2025-02-13,P201,Performance Leggings,Apparel,75.84,0.0,75.84,76.98,798.42,86,24.0,6522.28,4458.28
2025-02-14,P201,Performance Leggings,Apparel,76.8,0.05,72.96,79.47,1469.58,90,24.0,6566.55,4406.55
2025-02-15,P201,Performance Leggings,Apparel,77.34,0.0,77.34,78.32,1541.28,91,24.0,7038.06,4854.06
2025-02-16,P201,Performance Leggings,Apparel,76.67,0.0,76.67,80.9,1127.96,89,24.0,6823.54,4687.54
2025-02-17,P201,Performance Leggings,Apparel,77.03,0.15,65.47,76.94,1009.18,102,24.0,6678.09,4230.09
2025-02-18,P201,Performance Leggings,Apparel,75.84,0.1,68.25,76.86,1395.84,110,24.0,7507.97,4867.97
2025-02-19,P201,Performance Leggings,Apparel,77.25,0.15,65.66,73.25,1530.87,100,24.0,6566.27,4166.27
2025-02-20,P201,Performance Leggings,Apparel,77.13,0.15,65.56,77.7,1263.2,108,24.0,7080.66,4488.66
2025-02-21,P201,Performance Leggings,Apparel,78.33,0.0,78.33,78.01,1690.79,84,24.0,6579.97,4563.97
2025-02-22,P201,Performance Leggings,Apparel,77.44,0.0,77.44,80.1,1135.16,91,24.0,7047.33,4863.33
2025-02-23,P201,Performance Leggings,Apparel,75.27,0.0,75.27,75.83,2011.5,83,24.0,6247.4,4255.4
2025-02-24,P201,Performance Leggings,Apparel,78.1,0.0,78.1,77.24,1283.86,67,24.0,5232.74,3624.74
2025-02-25,P201,Performance Leggings,Apparel,76.56,0.15,65.08,75.99,1157.64,117,24.0,7614.14,4806.14
2025-02-26,P201,Performance Leggings,Apparel,76.92,0.2,61.54,79.56,1297.44,121,24.0,7446.28,4542.28
2025-02-27,P201,Performance Leggings,Apparel,77.58,0.0,77.58,77.65,880.36,88,24.0,6827.34,4715.34
2025-02-28,P201,Performance Leggings,Apparel,76.57,0.0,76.57,77.19,1724.79,76,24.0,5819.09,3995.09
2025-03-01,P201,Performance Leggings,Apparel,74.53,0.0,74.53,76.66,1777.64,99,24.0,7378.6,5002.6
2025-03-02,P201,Performance Leggings,Apparel,76.25,0.1,68.62,79.28,1204.03,109,24.0,7479.83,4863.83
2025-03-03,P201,Performance Leggings,Apparel,77.02,0.0,77.02,76.33,1301.62,79,24.0,6084.64,4188.64
2025-03-04,P201,Performance Leggings,Apparel,74.33,0.0,74.33,77.28,1670.1,71,24.0,5277.34,3573.34
2025-03-05,P201,Performance Leggings,Apparel,76.06,0.05,72.26,76.92,1645.63,90,24.0,6503.07,4343.07
2025-03-06,P201,Performance Leggings,Apparel,78.95,0.1,71.05,77.02,1386.28,92,24.0,6537.04,4329.04
2025-03-07,P201,Performance Leggings,Apparel,77.69,0.0,77.69,75.29,1003.47,77,24.0,5982.13,4134.13
2025-03-08,P201,Performance Leggings,Apparel,78.16,0.0,78.16,80.26,1249.55,73,24.0,5705.99,3953.99
2025-03-09,P201,Performance Leggings,Apparel,72.52,0.1,65.27,74.85,1292.91,115,24.0,7505.56,4745.56
2025-03-10,P201,Performance Leggings,Apparel,77.34,0.05,73.47,75.6,1151.29,85,24.0,6245.34,4205.34
2025-03-11,P201,Performance Leggings,Apparel,76.79,0.1,69.11,76.15,1624.52,95,24.0,6565.22,4285.22
2025-03-12,P201,Performance Leggings,Apparel,75.3,0.0,75.3,79.55,1252.19,77,24.0,5798.04,3950.04
2025-03-13,P201,Performance Leggings,Apparel,77.67,0.1,69.9,81.49,1375.49,114,24.0,7968.76,5232.76
2025-03-14,P201,Performance Leggings,Apparel,77.79,0.2,62.23,77.53,838.28,118,24.0,7343.37,4511.37
2025-03-15,P201,Performance Leggings,Apparel,75.55,0.0,75.55,76.69,1030.04,85,24.0,6421.69,4381.69
2025-03-16,P201,Performance Leggings,Apparel,77.06,0.2,61.65,73.94,1031.4,115,24.0,7089.89,4329.89
2025-03-17,P201,Performance Leggings,Apparel,76.65,0.0,76.65,78.27,1392.36,75,24.0,5748.76,3948.76
2025-03-18,P201,Performance Leggings,Apparel,76.62,0.05,72.79,75.19,1567.09,95,24.0,6915.16,4635.16
2025-03-19,P201,Performance Leggings,Apparel,77.52,0.0,77.52,76.12,1724.57,76,24.0,5891.82,4067.82
2025-03-20,P201,Performance Leggings,Apparel,77.1,0.0,77.1,76.78,428.38,72,24.0,5550.88,3822.88
2025-03-21,P201,Performance Leggings,Apparel,76.31,0.05,72.49,76.38,1932.23,83,24.0,6017.02,4025.02
2025-03-22,P201,Performance Leggings,Apparel,75.4,0.2,60.32,76.04,1671.31,166,24.0,10013.05,6029.05
2025-03-23,P201,Performance Leggings,Apparel,75.18,0.0,75.18,75.69,883.43,97,24.0,7292.16,4964.16
2025-03-24,P201,Performance Leggings,Apparel,77.56,0.0,77.56,74.39,829.6,75,24.0,5817.16,4017.16
2025-03-25,P201,Performance Leggings,Apparel,76.76,0.05,72.92,73.09,1184.33,98,24.0,7146.16,4794.16
2025-03-26,P201,Performance Leggings,Apparel,75.69,0.05,71.91,78.06,909.66,87,24.0,6255.95,4167.95
2025-03-27,P201,Performance Leggings,Apparel,75.76,0.0,75.76,75.03,950.85,89,24.0,6743.05,4607.05
2025-03-28,P201,Performance Leggings,Apparel,74.59,0.0,74.59,75.93,1290.77,86,24.0,6414.48,4350.48
2025-03-29,P201,Performance Leggings,Apparel,75.04,0.0,75.04,77.72,563.29,90,24.0,6753.87,4593.87
2025-03-30,P201,Performance Leggings,Apparel,72.5,0.0,72.5,78.19,1524.03,86,24.0,6235.19,4171.19
2025-03-31,P201,Performance Leggings,Apparel,74.18,0.0,74.18,75.27,1367.04,69,24.0,5118.5,3462.5
2025-04-01,P201,Performance Leggings,Apparel,75.67,0.15,64.32,75.95,1489.12,118,24.0,7589.6,4757.6
2025-04-02,P201,Performance Leggings,Apparel,74.91,0.2,59.93,72.83,1348.03,117,24.0,7011.71,4203.71
2025-04-03,P201,Performance Leggings,Apparel,74.81,0.15,63.59,78.96,1286.3,125,24.0,7948.31,4948.31
2025-04-04,P201,Performance Leggings,Apparel,73.6,0.1,66.24,76.73,1278.43,118,24.0,7816.09,4984.09
2025-04-05,P201,Performance Leggings,Apparel,74.74,0.05,71.01,78.16,1266.87,93,24.0,6603.7,4371.7
2025-04-06,P201,Performance Leggings,Apparel,78.81,0.0,78.81,74.14,1276.71,84,24.0,6619.64,4603.64
2025-04-07,P201,Performance Leggings,Apparel,75.7,0.1,68.13,75.72,1215.42,91,24.0,6200.12,4016.12
2025-04-08,P201,Performance Leggings,Apparel,78.15,0.0,78.15,75.59,1514.9,75,24.0,5861.32,4061.32
2025-04-09,P201,Performance Leggings,Apparel,74.75,0.05,71.02,73.05,1242.18,86,24.0,6107.33,4043.33
2025-04-10,P201,Performance Leggings,Apparel,76.72,0.2,61.38,73.63,1092.23,112,24.0,6874.47,4186.47
2025-04-11,P201,Performance Leggings,Apparel,77.02,0.0,77.02,76.82,1649.26,80,24.0,6161.76,4241.76
2025-04-12,P201,Performance Leggings,Apparel,73.2,0.2,58.56,73.18,1609.52,132,24.0,7730.23,4562.23
2025-04-13,P201,Performance Leggings,Apparel,75.49,0.2,60.4,76.32,1469.77,132,24.0,7972.22,4804.22
2025-04-14,P201,Performance Leggings,Apparel,73.61,0.0,73.61,76.87,1073.44,65,24.0,4784.5,3224.5
2025-04-15,P201,Performance Leggings,Apparel,75.71,0.05,71.92,76.34,1801.42,93,24.0,6688.57,4456.57
2025-04-16,P201,Performance Leggings,Apparel,76.1,0.15,64.69,75.69,1871.47,106,24.0,6856.7,4312.7
2025-04-17,P201,Performance Leggings,Apparel,74.7,0.1,67.23,74.97,1714.8,101,24.0,6789.93,4365.93
2025-04-18,P201,Performance Leggings,Apparel,77.4,0.0,77.4,79.17,1401.55,85,24.0,6578.7,4538.7
2025-04-19,P201,Performance Leggings,Apparel,76.16,0.2,60.93,72.74,1752.31,143,24.0,8712.62,5280.62
2025-04-20,P201,Performance Leggings,Apparel,74.2,0.1,66.78,75.12,441.03,105,24.0,7012.07,4492.07
2025-04-21,P201,Performance Leggings,Apparel,73.43,0.2,58.75,76.86,1507.6,142,24.0,8341.83,4933.83
2025-04-22,P201,Performance Leggings,Apparel,72.37,0.0,72.37,76.03,1526.58,97,24.0,7019.99,4691.99
2025-04-23,P201,Performance Leggings,Apparel,77.12,0.0,77.12,74.14,1032.78,76,24.0,5860.93,4036.93
2025-04-24,P201,Performance Leggings,Apparel,74.24,0.2,59.4,74.35,1669.94,120,24.0,7127.45,4247.45
2025-04-25,P201,Performance Leggings,Apparel,72.77,0.0,72.77,74.04,857.71,80,24.0,5821.59,3901.59
2025-04-26,P201,Performance Leggings,Apparel,73.87,0.1,66.48,73.18,1614.56,113,24.0,7512.2,4800.2
2025-04-27,P201,Performance Leggings,Apparel,75.43,0.0,75.43,74.51,1097.4,86,24.0,6487.17,4423.17
2025-04-28,P201,Performance Leggings,Apparel,74.9,0.0,74.9,73.72,1486.63,75,24.0,5617.16,3817.16
2025-04-29,P201,Performance Leggings,Apparel,74.89,0.15,63.65,75.97,1321.95,132,24.0,8402.41,5234.41
2025-04-30,P201,Performance Leggings,Apparel,72.27,0.2,57.82,71.59,1078.16,114,24.0,6591.0,3855.0
2025-05-01,P201,Performance Leggings,Apparel,71.9,0.1,64.71,74.24,1127.31,101,24.0,6535.29,4111.29
2025-05-02,P201,Performance Leggings,Apparel,72.87,0.1,65.58,77.22,1035.22,93,24.0,6099.4,3867.4
2025-05-03,P201,Performance Leggings,Apparel,74.66,0.0,74.66,77.86,1110.57,97,24.0,7241.89,4913.89
2025-05-04,P201,Performance Leggings,Apparel,74.97,0.0,74.97,73.05,1032.55,90,24.0,6747.38,4587.38
2025-05-05,P201,Performance Leggings,Apparel,74.23,0.15,63.09,71.85,386.89,110,24.0,6940.17,4300.17
2025-05-06,P201,Performance Leggings,Apparel,73.04,0.0,73.04,73.57,691.08,71,24.0,5186.1,3482.1
2025-05-07,P201,Performance Leggings,Apparel,72.69,0.05,69.05,74.01,1510.05,115,24.0,7941.16,5181.16
2025-05-08,P201,Performance Leggings,Apparel,73.23,0.0,73.23,75.78,1001.21,70,24.0,5126.14,3446.14
2025-05-09,P201,Performance Leggings,Apparel,72.72,0.0,72.72,73.67,1019.04,67,24.0,4872.32,3264.32
2025-05-10,P201,Performance Leggings,Apparel,75.44,0.15,64.12,72.58,710.46,125,24.0,8015.15,5015.15
2025-05-11,P201,Performance Leggings,Apparel,72.09,0.0,72.09,72.14,1105.28,91,24.0,6560.03,4376.03
2025-05-12,P201,Performance Leggings,Apparel,73.78,0.1,66.41,74.85,1267.69,107,24.0,7105.41,4537.41
2025-05-13,P201,Performance Leggings,Apparel,73.92,0.0,73.92,73.09,779.69,81,24.0,5987.76,4043.76
2025-05-14,P201,Performance Leggings,Apparel,72.92,0.0,72.92,72.52,1760.0,73,24.0,5323.35,3571.35
2025-05-15,P201,Performance Leggings,Apparel,74.99,0.2,60.0,73.81,1157.78,107,24.0,6419.47,3851.47
2025-05-16,P201,Performance Leggings,Apparel,72.56,0.0,72.56,73.77,1543.44,82,24.0,5949.62,3981.62
2025-05-17,P201,Performance Leggings,Apparel,69.76,0.0,69.76,76.88,906.69,108,24.0,7534.2,4942.2
2025-05-18,P201,Performance Leggings,Apparel,71.38,0.2,57.1,72.68,1525.07,137,24.0,7822.98,4534.98
2025-05-19,P201,Performance Leggings,Apparel,74.68,0.2,59.75,73.8,1203.66,132,24.0,7886.62,4718.62
2025-05-20,P201,Performance Leggings,Apparel,74.61,0.0,74.61,72.64,1922.7,76,24.0,5670.23,3846.23
2025-05-21,P201,Performance Leggings,Apparel,73.47,0.0,73.47,70.84,1376.97,78,24.0,5730.39,3858.39
2025-05-22,P201,Performance Leggings,Apparel,71.26,0.05,67.69,73.42,1352.66,93,24.0,6295.54,4063.54
2025-05-23,P201,Performance Leggings,Apparel,72.25,0.2,57.8,72.02,1350.34,122,24.0,7051.36,4123.36
2025-05-24,P201,Performance Leggings,Apparel,75.82,0.05,72.03,70.03,1089.5,85,24.0,6122.84,4082.84
2025-05-25,P201,Performance Leggings,Apparel,74.95,0.0,74.95,73.36,1389.42,88,24.0,6595.77,4483.77
2025-05-26,P201,Performance Leggings,Apparel,73.83,0.0,73.83,74.77,1137.66,80,24.0,5906.42,3986.42
2025-05-27,P201,Performance Leggings,Apparel,69.65,0.15,59.2,70.99,1232.9,101,24.0,5979.56,3555.56
2025-05-28,P201,Performance Leggings,Apparel,72.63,0.0,72.63,69.27,1353.38,69,24.0,5011.17,3355.17
2025-05-29,P201,Performance Leggings,Apparel,70.91,0.0,70.91,73.44,1713.71,98,24.0,6949.0,4597.0
2025-05-30,P201,Performance Leggings,Apparel,70.97,0.2,56.77,75.07,772.42,139,24.0,7891.36,4555.36
2025-05-31,P201,Performance Leggings,Apparel,71.29,0.2,57.04,73.38,1640.18,160,24.0,9125.65,5285.65
2025-06-01,P201,Performance Leggings,Apparel,72.2,0.0,72.2,72.44,1489.67,91,24.0,6569.78,4385.78
2025-06-02,P201,Performance Leggings,Apparel,72.59,0.05,68.96,73.7,714.21,85,24.0,5861.62,3821.62
2025-06-03,P201,Performance Leggings,Apparel,69.99,0.1,62.99,72.61,1891.09,104,24.0,6550.73,4054.73
2025-06-04,P201,Performance Leggings,Apparel,71.96,0.1,64.77,68.23,1112.04,98,24.0,6347.03,3995.03
2025-06-05,P201,Performance Leggings,Apparel,67.9,0.1,61.11,70.2,1696.31,120,24.0,7332.95,4452.95
2025-06-06,P201,Performance Leggings,Apparel,72.22,0.15,61.39,72.36,1499.94,110,24.0,6752.66,4112.66
2025-06-07,P201,Performance Leggings,Apparel,71.84,0.0,71.84,70.75,1754.85,101,24.0,7256.25,4832.25
2025-06-08,P201,Performance Leggings,Apparel,73.5,0.05,69.82,70.12,1759.71,100,24.0,6982.22,4582.22
2025-06-09,P201,Performance Leggings,Apparel,72.07,0.15,61.26,70.67,1453.24,101,24.0,6187.01,3763.01
2025-06-10,P201,Performance Leggings,Apparel,72.45,0.2,57.96,74.82,1555.07,115,24.0,6665.14,3905.14
2025-06-11,P201,Performance Leggings,Apparel,71.84,0.0,71.84,75.73,987.3,79,24.0,5675.35,3779.35
2025-06-12,P201,Performance Leggings,Apparel,73.44,0.15,62.42,76.32,1036.17,101,24.0,6304.48,3880.48
2025-06-13,P201,Performance Leggings,Apparel,73.16,0.0,73.16,69.49,1229.16,74,24.0,5413.96,3637.96
2025-06-14,P201,Performance Leggings,Apparel,72.89,0.1,65.6,72.52,1155.12,118,24.0,7741.0,4909.0
2025-06-15,P201,Performance Leggings,Apparel,76.85,0.0,76.85,72.92,1335.88,70,24.0,5379.84,3699.84
2025-06-16,P201,Performance Leggings,Apparel,70.63,0.2,56.5,70.63,1294.21,148,24.0,8362.2,4810.2
2025-06-17,P201,Performance Leggings,Apparel,73.12,0.1,65.81,71.29,865.02,104,24.0,6844.25,4348.25
2025-06-18,P201,Performance Leggings,Apparel,71.38,0.15,60.68,72.88,1669.25,92,24.0,5582.14,3374.14
2025-06-19,P201,Performance Leggings,Apparel,70.34,0.0,70.34,71.34,1564.42,77,24.0,5416.09,3568.09
2025-06-20,P201,Performance Leggings,Apparel,70.32,0.2,56.26,70.65,1495.14,116,24.0,6525.65,3741.65
2025-06-21,P201,Performance Leggings,Apparel,69.62,0.0,69.62,72.9,1390.91,98,24.0,6822.7,4470.7
2025-06-22,P201,Performance Leggings,Apparel,70.71,0.15,60.1,74.0,751.73,135,24.0,8113.5,4873.5
2025-06-23,P201,Performance Leggings,Apparel,73.17,0.2,58.54,73.06,1052.39,111,24.0,6497.55,3833.55
2025-06-24,P201,Performance Leggings,Apparel,71.13,0.2,56.9,69.68,1532.1,131,24.0,7454.46,4310.46
2025-06-25,P201,Performance Leggings,Apparel,70.01,0.0,70.01,72.69,1463.55,93,24.0,6511.15,4279.15
2025-06-26,P201,Performance Leggings,Apparel,72.17,0.0,72.17,72.32,1652.77,69,24.0,4979.77,3323.77
2025-06-27,P201,Performance Leggings,Apparel,71.25,0.05,67.69,71.35,1212.25,89,24.0,6024.56,3888.56
2025-06-28,P201,Performance Leggings,Apparel,72.27,0.1,65.04,71.09,1035.14,112,24.0,7284.57,4596.57
2025-06-29,P201,Performance Leggings,Apparel,71.9,0.2,57.52,69.53,1230.27,111,24.0,6384.38,3720.38
2025-06-30,P201,Performance Leggings,Apparel,71.49,0.15,60.76,70.35,1870.46,100,24.0,6076.41,3676.41
2025-07-01,P201,Performance Leggings,Apparel,72.39,0.0,72.39,75.46,1687.82,79,24.0,5719.01,3823.01
2025-07-02,P201,Performance Leggings,Apparel,69.95,0.0,69.95,70.65,1052.68,72,24.0,5036.72,3308.72
2025-07-03,P201,Performance Leggings,Apparel,71.05,0.0,71.05,71.22,1474.68,69,24.0,4902.15,3246.15
2025-07-04,P201,Performance Leggings,Apparel,70.59,0.0,70.59,71.06,1961.11,82,24.0,5788.27,3820.27
2025-07-05,P201,Performance Leggings,Apparel,69.37,0.0,69.37,72.2,1496.44,87,24.0,6034.94,3946.94
2025-07-06,P201,Performance Leggings,Apparel,69.92,0.0,69.92,69.45,1537.88,87,24.0,6083.12,3995.12
2025-07-07,P201,Performance Leggings,Apparel,72.36,0.1,65.12,74.6,1502.19,92,24.0,5991.41,3783.41
2025-07-08,P201,Performance Leggings,Apparel,73.06,0.1,65.75,71.75,834.49,81,24.0,5325.87,3381.87
2025-07-09,P201,Performance Leggings,Apparel,71.68,0.05,68.09,72.15,687.14,84,24.0,5719.95,3703.95
2025-07-10,P201,Performance Leggings,Apparel,70.55,0.2,56.44,70.83,895.5,119,24.0,6716.03,3860.03
2025-07-11,P201,Performance Leggings,Apparel,70.45,0.15,59.88,73.84,1300.19,109,24.0,6526.93,3910.93
2025-07-12,P201,Performance Leggings,Apparel,72.49,0.0,72.49,69.13,1447.01,72,24.0,5219.07,3491.07
2025-07-13,P201,Performance Leggings,Apparel,70.27,0.0,70.27,73.08,1489.02,77,24.0,5410.53,3562.53
2025-07-14,P201,Performance Leggings,Apparel,70.94,0.1,63.85,74.84,1626.16,96,24.0,6129.37,3825.37
2025-07-15,P201,Performance Leggings,Apparel,72.57,0.2,58.06,69.07,1057.85,113,24.0,6560.35,3848.35
2025-07-16,P201,Performance Leggings,Apparel,72.44,0.05,68.82,72.07,1328.2,81,24.0,5574.48,3630.48
2025-07-17,P201,Performance Leggings,Apparel,71.49,0.2,57.19,70.85,1383.5,123,24.0,7034.18,4082.18
2025-07-18,P201,Performance Leggings,Apparel,72.19,0.1,64.97,69.81,1443.6,104,24.0,6756.53,4260.53
2025-07-19,P201,Performance Leggings,Apparel,72.17,0.0,72.17,70.93,1380.76,72,24.0,5195.99,3467.99
2025-07-20,P201,Performance Leggings,Apparel,73.75,0.2,59.0,70.49,1239.95,116,24.0,6844.09,4060.09
2025-07-21,P201,Performance Leggings,Apparel,73.8,0.0,73.8,71.39,1355.93,74,24.0,5461.2,3685.2
2025-07-22,P201,Performance Leggings,Apparel,71.11,0.05,67.56,72.3,740.53,82,24.0,5539.71,3571.71
2025-07-23,P201,Performance Leggings,Apparel,72.09,0.1,64.88,72.07,1312.83,93,24.0,6033.69,3801.69
2025-07-24,P201,Performance Leggings,Apparel,73.98,0.0,73.98,71.24,1539.98,73,24.0,5400.46,3648.46
2025-07-25,P201,Performance Leggings,Apparel,72.86,0.05,69.22,77.0,1521.09,94,24.0,6506.44,4250.44
2025-07-26,P201,Performance Leggings,Apparel,71.89,0.15,61.11,71.37,1556.31,118,24.0,7210.74,4378.74
2025-07-27,P201,Performance Leggings,Apparel,72.89,0.15,61.96,71.6,1165.43,107,24.0,6629.47,4061.47
2025-07-28,P201,Performance Leggings,Apparel,73.37,0.0,73.37,70.18,1574.44,66,24.0,4842.67,3258.67
2025-07-29,P201,Performance Leggings,Apparel,73.09,0.15,62.13,71.73,1863.68,99,24.0,6150.46,3774.46
2025-07-30,P201,Performance Leggings,Apparel,72.76,0.0,72.76,70.52,1273.77,68,24.0,4947.64,3315.64
2025-07-31,P201,Performance Leggings,Apparel,71.9,0.2,57.52,71.37,1700.33,111,24.0,6384.29,3720.29
2025-08-01,P201,Performance Leggings,Apparel,73.39,0.0,73.39,69.65,1486.9,60,24.0,4403.58,2963.58
2025-08-02,P201,Performance Leggings,Apparel,73.54,0.05,69.86,71.35,1303.01,75,24.0,5239.39,3439.39
2025-08-03,P201,Performance Leggings,Apparel,72.92,0.0,72.92,70.84,1081.42,78,24.0,5687.97,3815.97
2025-08-04,P201,Performance Leggings,Apparel,73.46,0.05,69.79,67.89,2025.55,81,24.0,5652.78,3708.78
2025-08-05,P201,Performance Leggings,Apparel,73.81,0.0,73.81,69.01,1542.9,64,24.0,4724.01,3188.01
2025-08-06,P201,Performance Leggings,Apparel,73.67,0.0,73.67,72.1,1385.69,64,24.0,4715.03,3179.03
2025-08-07,P201,Performance Leggings,Apparel,74.16,0.0,74.16,76.72,2105.66,86,24.0,6378.07,4314.07
2025-08-08,P201,Performance Leggings,Apparel,74.78,0.15,63.56,72.46,1719.96,97,24.0,6165.3,3837.3
2025-08-09,P201,Performance Leggings,Apparel,71.07,0.2,56.86,74.77,1288.72,116,24.0,6595.64,3811.64
2025-08-10,P201,Performance Leggings,Apparel,72.43,0.2,57.94,69.37,1640.23,106,24.0,6141.94,3597.94
2025-08-11,P201,Performance Leggings,Apparel,73.66,0.0,73.66,70.16,1385.81,65,24.0,4787.79,3227.79
2025-08-12,P201,Performance Leggings,Apparel,74.46,0.15,63.29,70.52,1027.37,74,24.0,4683.55,2907.55
2025-08-13,P201,Performance Leggings,Apparel,70.5,0.2,56.4,76.79,1333.38,113,24.0,6373.4,3661.4
2025-08-14,P201,Performance Leggings,Apparel,73.08,0.2,58.47,74.61,1114.82,113,24.0,6606.66,3894.66
2025-08-15,P201,Performance Leggings,Apparel,73.53,0.15,62.5,72.09,1405.6,89,24.0,5562.69,3426.69
2025-08-16,P201,Performance Leggings,Apparel,74.22,0.2,59.38,72.26,1345.85,134,24.0,7956.35,4740.35
2025-08-17,P201,Performance Leggings,Apparel,73.46,0.05,69.79,69.88,1130.67,81,24.0,5653.0,3709.0
2025-08-18,P201,Performance Leggings,Apparel,76.32,0.1,68.69,69.64,1265.36,89,24.0,6113.13,3977.13
2025-08-19,P201,Performance Leggings,Apparel,72.78,0.2,58.22,73.95,1366.42,129,24.0,7511.0,4415.0
2025-08-20,P201,Performance Leggings,Apparel,74.49,0.1,67.04,75.87,1170.4,80,24.0,5363.56,3443.56
2025-08-21,P201,Performance Leggings,Apparel,73.67,0.1,66.3,74.38,1161.08,80,24.0,5303.94,3383.94
2025-08-22,P201,Performance Leggings,Apparel,74.7,0.0,74.7,71.44,1577.38,64,24.0,4780.85,3244.85
2025-08-23,P201,Performance Leggings,Apparel,75.65,0.0,75.65,73.9,1527.49,74,24.0,5598.13,3822.13
2025-08-24,P201,Performance Leggings,Apparel,75.17,0.15,63.89,73.9,701.18,108,24.0,6900.36,4308.36
2025-08-25,P201,Performance Leggings,Apparel,74.13,0.15,63.01,75.05,1021.61,87,24.0,5481.87,3393.87
2025-08-26,P201,Performance Leggings,Apparel,75.19,0.05,71.43,73.29,1637.11,74,24.0,5285.77,3509.77
2025-08-27,P201,Performance Leggings,Apparel,75.75,0.15,64.39,74.45,1165.36,94,24.0,6052.29,3796.29
2025-08-28,P201,Performance Leggings,Apparel,76.04,0.0,76.04,73.9,1491.22,66,24.0,5018.84,3434.84
2025-08-29,P201,Performance Leggings,Apparel,74.69,0.05,70.95,76.3,1328.59,78,24.0,5534.45,3662.45
2025-08-30,P201,Performance Leggings,Apparel,73.66,0.0,73.66,73.83,1411.38,81,24.0,5966.17,4022.17
2025-08-31,P201,Performance Leggings,Apparel,75.66,0.0,75.66,76.03,1268.04,67,24.0,5069.03,3461.03
2025-09-01,P201,Performance Leggings,Apparel,76.51,0.0,76.51,77.01,1394.95,70,24.0,5355.47,3675.47
2025-09-02,P201,Performance Leggings,Apparel,75.82,0.2,60.65,75.73,822.03,122,24.0,7399.62,4471.62
2025-09-03,P201,Performance Leggings,Apparel,76.28,0.2,61.02,73.51,929.33,104,24.0,6346.44,3850.44
2025-09-04,P201,Performance Leggings,Apparel,74.55,0.0,74.55,75.91,1096.08,60,24.0,4473.3,3033.3
2025-09-05,P201,Performance Leggings,Apparel,75.5,0.0,75.5,73.62,1352.59,57,24.0,4303.76,2935.76
2025-09-06,P201,Performance Leggings,Apparel,74.72,0.0,74.72,75.81,1016.19,65,24.0,4856.74,3296.74
2025-09-07,P201,Performance Leggings,Apparel,75.14,0.0,75.14,75.8,1445.86,70,24.0,5259.76,3579.76
2025-09-08,P201,Performance Leggings,Apparel,75.58,0.1,68.02,75.22,712.07,80,24.0,5441.61,3521.61
2025-09-09,P201,Performance Leggings,Apparel,77.97,0.1,70.17,72.54,1310.7,75,24.0,5262.68,3462.68
2025-09-10,P201,Performance Leggings,Apparel,75.43,0.0,75.43,77.11,1330.52,75,24.0,5657.38,3857.38
2025-09-11,P201,Performance Leggings,Apparel,75.21,0.0,75.21,74.43,1059.09,54,24.0,4061.19,2765.19
2025-09-12,P201,Performance Leggings,Apparel,75.79,0.05,72.0,76.0,1547.23,72,24.0,5184.06,3456.06
2025-09-13,P201,Performance Leggings,Apparel,75.16,0.0,75.16,77.05,2023.13,88,24.0,6613.69,4501.69
2025-09-14,P201,Performance Leggings,Apparel,76.61,0.1,68.95,75.69,1028.74,77,24.0,5309.1,3461.1
2025-09-15,P201,Performance Leggings,Apparel,74.09,0.0,74.09,75.47,1194.88,58,24.0,4297.38,2905.38
2025-09-16,P201,Performance Leggings,Apparel,75.6,0.1,68.04,73.29,1166.74,77,24.0,5238.98,3390.98
2025-09-17,P201,Performance Leggings,Apparel,74.88,0.0,74.88,77.25,614.96,54,24.0,4043.53,2747.53
2025-09-18,P201,Performance Leggings,Apparel,75.76,0.1,68.18,76.35,1105.97,75,24.0,5113.67,3313.67
2025-09-19,P201,Performance Leggings,Apparel,75.79,0.05,72.01,74.86,1858.39,73,24.0,5256.37,3504.37
2025-09-20,P201,Performance Leggings,Apparel,75.78,0.15,64.42,75.4,1500.22,109,24.0,7021.32,4405.32
2025-09-21,P201,Performance Leggings,Apparel,76.88,0.05,73.03,76.36,1369.78,80,24.0,5842.62,3922.62
2025-09-22,P201,Performance Leggings,Apparel,75.18,0.1,67.66,79.65,1735.85,91,24.0,6157.4,3973.4
2025-09-23,P201,Performance Leggings,Apparel,77.13,0.0,77.13,74.37,1206.22,68,24.0,5245.15,3613.15
2025-09-24,P201,Performance Leggings,Apparel,78.02,0.05,74.12,75.15,2085.3,74,24.0,5484.76,3708.76
2025-09-25,P201,Performance Leggings,Apparel,78.51,0.0,78.51,76.5,1388.62,61,24.0,4789.09,3325.09
2025-09-26,P201,Performance Leggings,Apparel,77.38,0.2,61.9,74.27,1173.12,107,24.0,6623.49,4055.49
2025-09-27,P201,Performance Leggings,Apparel,75.99,0.1,68.39,75.34,1663.44,101,24.0,6907.36,4483.36
2025-09-28,P201,Performance Leggings,Apparel,75.6,0.1,68.04,74.09,977.63,88,24.0,5987.52,3875.52
2025-09-29,P201,Performance Leggings,Apparel,76.28,0.0,76.28,74.6,1042.25,57,24.0,4347.79,2979.79
2025-09-30,P201,Performance Leggings,Apparel,76.88,0.0,76.88,74.59,629.34,62,24.0,4766.3,3278.3
2025-10-01,P201,Performance Leggings,Apparel,73.9,0.2,59.12,76.58,1890.23,132,24.0,7803.98,4635.98
2025-10-02,P201,Performance Leggings,Apparel,73.93,0.0,73.93,74.76,870.47,64,24.0,4731.41,3195.41
2025-10-03,P201,Performance Leggings,Apparel,78.0,0.1,70.2,77.76,1042.55,84,24.0,5896.75,3880.75
2025-10-04,P201,Performance Leggings,Apparel,73.4,0.05,69.73,75.19,1328.2,82,24.0,5718.05,3750.05
2025-10-05,P201,Performance Leggings,Apparel,76.23,0.05,72.42,76.45,1308.07,84,24.0,6083.04,4067.04
2025-10-06,P201,Performance Leggings,Apparel,76.64,0.0,76.64,77.58,1597.4,63,24.0,4828.34,3316.34
2025-10-07,P201,Performance Leggings,Apparel,76.38,0.05,72.57,79.05,903.01,85,24.0,6168.06,4128.06
2025-10-08,P201,Performance Leggings,Apparel,74.7,0.1,67.23,75.2,2087.65,84,24.0,5647.38,3631.38
2025-10-09,P201,Performance Leggings,Apparel,75.84,0.2,60.67,76.33,1334.42,102,24.0,6188.24,3740.24
2025-10-10,P201,Performance Leggings,Apparel,76.34,0.15,64.89,77.18,1306.41,102,24.0,6618.97,4170.97
2025-10-11,P201,Performance Leggings,Apparel,78.28,0.15,66.54,76.78,1593.84,91,24.0,6054.9,3870.9
2025-10-12,P201,Performance Leggings,Apparel,77.57,0.05,73.69,74.99,1233.19,87,24.0,6411.25,4323.25
2025-10-13,P201,Performance Leggings,Apparel,76.8,0.0,76.8,80.0,1030.46,72,24.0,5529.71,3801.71
2025-10-14,P201,Performance Leggings,Apparel,75.7,0.0,75.7,77.68,1538.14,69,24.0,5223.39,3567.39
2025-10-15,P201,Performance Leggings,Apparel,75.59,0.0,75.59,78.96,1923.4,67,24.0,5064.74,3456.74
2025-10-16,P201,Performance Leggings,Apparel,74.14,0.0,74.14,76.77,1252.8,72,24.0,5338.01,3610.01
2025-10-17,P201,Performance Leggings,Apparel,75.98,0.0,75.98,76.93,1263.96,75,24.0,5698.48,3898.48
2025-10-18,P201,Performance Leggings,Apparel,76.63,0.0,76.63,75.26,1350.12,64,24.0,4904.3,3368.3
2025-10-19,P201,Performance Leggings,Apparel,74.51,0.0,74.51,78.69,1546.42,75,24.0,5588.16,3788.16
2025-10-20,P201,Performance Leggings,Apparel,76.98,0.05,73.13,78.67,1517.71,59,24.0,4314.69,2898.69
2025-10-21,P201,Performance Leggings,Apparel,76.26,0.0,76.26,78.55,1152.24,66,24.0,5033.44,3449.44
2025-10-22,P201,Performance Leggings,Apparel,77.58,0.1,69.82,75.23,1842.85,91,24.0,6353.72,4169.72
2025-10-23,P201,Performance Leggings,Apparel,76.41,0.0,76.41,77.31,273.88,60,24.0,4584.83,3144.83
2025-10-24,P201,Performance Leggings,Apparel,74.76,0.15,63.55,77.99,1550.51,112,24.0,7117.14,4429.14
2025-10-25,P201,Performance Leggings,Apparel,76.52,0.15,65.04,81.96,1383.68,96,24.0,6243.73,3939.73
2025-10-26,P201,Performance Leggings,Apparel,75.79,0.05,72.0,78.87,958.99,80,24.0,5760.01,3840.01
2025-10-27,P201,Performance Leggings,Apparel,76.31,0.0,76.31,76.98,1592.11,72,24.0,5494.25,3766.25
2025-10-28,P201,Performance Leggings,Apparel,78.06,0.2,62.45,80.06,808.96,90,24.0,5620.37,3460.37
2025-10-29,P201,Performance Leggings,Apparel,74.87,0.0,74.87,77.88,1732.86,67,24.0,5016.39,3408.39
2025-10-30,P201,Performance Leggings,Apparel,75.83,0.2,60.67,78.95,1128.05,103,24.0,6248.64,3776.64
2025-10-31,P201,Performance Leggings,Apparel,74.65,0.0,74.65,76.86,1723.89,71,24.0,5300.42,3596.42
2025-11-01,P201,Performance Leggings,Apparel,75.44,0.1,67.89,76.85,1811.18,143,24.0,9708.67,6276.67
2025-11-02,P201,Performance Leggings,Apparel,76.47,0.05,72.65,75.18,2124.22,115,24.0,8354.44,5594.44
2025-11-03,P201,Performance Leggings,Apparel,75.94,0.05,72.14,79.28,1771.94,97,24.0,6997.63,4669.63
2025-11-04,P201,Performance Leggings,Apparel,76.76,0.2,61.41,75.8,1539.88,139,24.0,8536.14,5200.14
2025-11-05,P201,Performance Leggings,Apparel,76.68,0.0,76.68,77.54,987.44,92,24.0,7054.84,4846.84
2025-11-06,P201,Performance Leggings,Apparel,78.26,0.15,66.52,76.99,1499.27,126,24.0,8381.7,5357.7
2025-11-07,P201,Performance Leggings,Apparel,76.25,0.05,72.44,75.63,1018.85,79,24.0,5722.77,3826.77
2025-11-08,P201,Performance Leggings,Apparel,78.08,0.0,78.08,78.73,1289.21,78,24.0,6090.37,4218.37
2025-11-09,P201,Performance Leggings,Apparel,73.74,0.2,58.99,81.7,1048.49,180,24.0,10618.45,6298.45
2025-11-10,P201,Performance Leggings,Apparel,75.49,0.0,75.49,78.16,1737.29,90,24.0,6794.13,4634.13
2025-11-11,P201,Performance Leggings,Apparel,75.17,0.05,71.41,78.15,1692.83,98,24.0,6998.3,4646.3
2025-11-12,P201,Performance Leggings,Apparel,77.92,0.2,62.34,78.57,1456.52,142,24.0,8851.77,5443.77
2025-11-13,P201,Performance Leggings,Apparel,75.33,0.0,75.33,77.25,1645.44,91,24.0,6855.02,4671.02
2025-11-14,P201,Performance Leggings,Apparel,73.96,0.1,66.57,74.96,678.38,116,24.0,7721.92,4937.92
2025-11-15,P201,Performance Leggings,Apparel,74.38,0.0,74.38,78.32,1276.7,107,24.0,7958.42,5390.42
2025-11-16,P201,Performance Leggings,Apparel,76.07,0.0,76.07,73.05,1183.49,98,24.0,7455.3,5103.3
2025-11-17,P201,Performance Leggings,Apparel,78.0,0.0,78.0,75.54,1174.1,73,24.0,5693.94,3941.94
2025-11-18,P201,Performance Leggings,Apparel,77.79,0.05,73.9,79.92,1426.21,102,24.0,7537.68,5089.68
2025-11-19,P201,Performance Leggings,Apparel,77.55,0.15,65.92,80.18,1464.4,125,24.0,8239.78,5239.78
2025-11-20,P201,Performance Leggings,Apparel,76.68,0.0,76.68,79.54,1231.37,88,24.0,6747.88,4635.88
2025-11-21,P201,Performance Leggings,Apparel,77.11,0.0,77.11,76.63,1205.18,90,24.0,6940.25,4780.25
2025-11-22,P201,Performance Leggings,Apparel,76.2,0.15,64.77,77.03,1978.07,152,24.0,9844.65,6196.65
2025-11-23,P201,Performance Leggings,Apparel,76.2,0.15,64.77,77.15,1268.16,126,24.0,8161.01,5137.01
2025-11-24,P201,Performance Leggings,Apparel,75.2,0.15,63.92,75.21,1569.23,136,24.0,8693.68,5429.68
2025-11-25,P201,Performance Leggings,Apparel,75.01,0.0,75.01,79.35,891.11,94,24.0,7050.61,4794.61
2025-11-26,P201,Performance Leggings,Apparel,76.25,0.2,61.0,74.63,1546.58,124,24.0,7563.75,4587.75
2025-11-27,P201,Performance Leggings,Apparel,75.1,0.1,67.59,80.55,883.44,101,24.0,6826.44,4402.44
2025-11-28,P201,Performance Leggings,Apparel,75.37,0.0,75.37,77.11,758.34,94,24.0,7084.87,4828.87
2025-11-29,P201,Performance Leggings,Apparel,72.48,0.0,72.48,76.78,1588.8,124,24.0,8987.28,6011.28
2025-11-30,P201,Performance Leggings,Apparel,76.54,0.1,68.88,77.54,426.17,123,24.0,8472.57,5520.57
2025-12-01,P201,Performance Leggings,Apparel,76.96,0.2,61.57,78.65,871.78,136,24.0,8373.47,5109.47
2025-12-02,P201,Performance Leggings,Apparel,77.51,0.15,65.89,75.14,886.78,132,24.0,8697.09,5529.09
2025-12-03,P201,Performance Leggings,Apparel,74.3,0.0,74.3,80.55,1465.98,96,24.0,7132.65,4828.65
2025-12-04,P201,Performance Leggings,Apparel,73.28,0.0,73.28,81.48,1291.2,115,24.0,8427.24,5667.24
2025-12-05,P201,Performance Leggings,Apparel,75.93,0.15,64.54,76.7,1820.67,155,24.0,10003.78,6283.78
2025-12-06,P201,Performance Leggings,Apparel,72.17,0.0,72.17,78.63,1256.36,102,24.0,7361.58,4913.58
2025-12-07,P201,Performance Leggings,Apparel,74.95,0.1,67.46,76.71,1012.55,123,24.0,8297.32,5345.32
2025-12-08,P201,Performance Leggings,Apparel,74.44,0.15,63.27,75.65,1866.34,146,24.0,9238.14,5734.14
2025-12-09,P201,Performance Leggings,Apparel,76.86,0.0,76.86,76.47,1933.03,91,24.0,6994.07,4810.07
2025-12-10,P201,Performance Leggings,Apparel,74.16,0.0,74.16,78.78,854.42,102,24.0,7564.43,5116.43
2025-12-11,P201,Performance Leggings,Apparel,75.11,0.0,75.11,79.05,1767.99,100,24.0,7510.63,5110.63
2025-12-12,P201,Performance Leggings,Apparel,73.11,0.0,73.11,81.26,750.39,88,24.0,6433.74,4321.74
2025-12-13,P201,Performance Leggings,Apparel,74.94,0.0,74.94,77.65,1659.75,91,24.0,6819.79,4635.79
2025-12-14,P201,Performance Leggings,Apparel,73.45,0.15,62.44,73.79,1580.95,134,24.0,8366.49,5150.49
2025-12-15,P201,Performance Leggings,Apparel,72.35,0.0,72.35,79.17,1242.77,109,24.0,7885.94,5269.94
2025-12-16,P201,Performance Leggings,Apparel,74.7,0.2,59.76,76.75,905.91,160,24.0,9561.15,5721.15
2025-12-17,P201,Performance Leggings,Apparel,74.73,0.0,74.73,77.67,879.34,102,24.0,7622.14,5174.14
2025-12-18,P201,Performance Leggings,Apparel,73.84,0.1,66.45,76.15,1193.93,116,24.0,7708.73,4924.73
2025-12-19,P201,Performance Leggings,Apparel,74.95,0.1,67.46,75.14,1181.64,139,24.0,9376.8,6040.8
2025-12-20,P201,Performance Leggings,Apparel,75.11,0.0,75.11,73.89,1786.48,122,24.0,9162.83,6234.83
2025-12-21,P201,Performance Leggings,Apparel,72.07,0.0,72.07,76.73,1704.07,135,24.0,9729.13,6489.13
2025-12-22,P201,Performance Leggings,Apparel,72.4,0.0,72.4,80.05,497.94,97,24.0,7023.03,4695.03
2025-12-23,P201,Performance Leggings,Apparel,72.94,0.0,72.94,79.15,1643.52,95,24.0,6929.08,4649.08
2025-12-24,P201,Performance Leggings,Apparel,74.57,0.0,74.57,77.62,698.36,80,24.0,5965.92,4045.92
2025-12-25,P201,Performance Leggings,Apparel,74.74,0.0,74.74,74.24,1225.06,100,24.0,7473.96,5073.96
2025-12-26,P201,Performance Leggings,Apparel,73.18,0.0,73.18,73.68,1978.8,114,24.0,8342.41,5606.41
2025-12-27,P201,Performance Leggings,Apparel,72.78,0.0,72.78,77.15,893.34,115,24.0,8369.2,5609.2
2025-12-28,P201,Performance Leggings,Apparel,71.38,0.0,71.38,76.29,879.31,103,24.0,7352.48,4880.48
2025-12-29,P201,Performance Leggings,Apparel,75.28,0.0,75.28,76.74,575.9,89,24.0,6700.11,4564.11
2025-12-30,P201,Performance Leggings,Apparel,73.64,0.15,62.59,76.65,524.55,140,24.0,8763.06,5403.06
2025-12-31,P201,Performance Leggings,Apparel,73.45,0.0,73.45,75.01,492.86,88,24.0,6463.48,4351.48
2026-01-01,P201,Performance Leggings,Apparel,71.44,0.0,71.44,77.51,321.97,75,24.0,5357.65,3557.65
2026-01-02,P201,Performance Leggings,Apparel,74.73,0.2,59.79,77.74,708.95,105,24.0,6277.56,3757.56
2026-01-03,P201,Performance Leggings,Apparel,74.69,0.1,67.22,76.19,1337.18,97,24.0,6520.09,4192.09
2026-01-04,P201,Performance Leggings,Apparel,72.84,0.15,61.92,78.13,2282.02,142,24.0,8792.35,5384.35
2026-01-05,P201,Performance Leggings,Apparel,71.8,0.15,61.03,71.17,693.59,123,24.0,7507.16,4555.16
2026-01-06,P201,Performance Leggings,Apparel,71.22,0.0,71.22,77.0,1833.62,86,24.0,6124.93,4060.93
2026-01-07,P201,Performance Leggings,Apparel,71.99,0.0,71.99,75.85,1074.05,77,24.0,5543.52,3695.52
2026-01-08,P201,Performance Leggings,Apparel,73.02,0.15,62.07,79.58,1457.99,133,24.0,8255.39,5063.39
2026-01-09,P201,Performance Leggings,Apparel,70.99,0.2,56.79,76.54,1039.73,139,24.0,7894.38,4558.38
2026-01-10,P201,Performance Leggings,Apparel,73.28,0.05,69.62,75.56,2166.64,119,24.0,8284.51,5428.51
2026-01-11,P201,Performance Leggings,Apparel,73.88,0.0,73.88,76.83,1934.81,81,24.0,5984.21,4040.21
2026-01-12,P201,Performance Leggings,Apparel,74.08,0.0,74.08,74.29,1502.1,89,24.0,6593.46,4457.46
2026-01-13,P201,Performance Leggings,Apparel,70.67,0.0,70.67,74.31,1335.11,83,24.0,5865.68,3873.68
2026-01-14,P201,Performance Leggings,Apparel,73.3,0.0,73.3,75.96,1035.33,71,24.0,5203.95,3499.95
2026-01-15,P201,Performance Leggings,Apparel,71.68,0.2,57.34,73.37,1468.32,139,24.0,7970.35,4634.35
2026-01-16,P201,Performance Leggings,Apparel,71.44,0.0,71.44,73.67,1257.0,88,24.0,6287.16,4175.16
2026-01-17,P201,Performance Leggings,Apparel,73.2,0.2,58.56,77.32,1454.26,163,24.0,9545.85,5633.85
2026-01-18,P201,Performance Leggings,Apparel,71.09,0.0,71.09,76.55,1844.64,85,24.0,6042.31,4002.31
2026-01-19,P201,Performance Leggings,Apparel,70.72,0.0,70.72,76.32,345.51,85,24.0,6011.26,3971.26
2026-01-20,P201,Performance Leggings,Apparel,73.3,0.0,73.3,73.93,913.31,75,24.0,5497.46,3697.46
2026-01-21,P201,Performance Leggings,Apparel,71.19,0.05,67.63,73.38,1034.44,91,24.0,6154.55,3970.55
2026-01-22,P201,Performance Leggings,Apparel,71.43,0.15,60.72,73.84,1423.89,115,24.0,6982.56,4222.56
2026-01-23,P201,Performance Leggings,Apparel,70.99,0.0,70.99,71.34,734.31,72,24.0,5111.14,3383.14
2026-01-24,P201,Performance Leggings,Apparel,71.98,0.15,61.19,71.11,1102.33,111,24.0,6791.61,4127.61
2026-01-25,P201,Performance Leggings,Apparel,71.35,0.05,67.79,76.33,1139.12,106,24.0,7185.26,4641.26
2026-01-26,P201,Performance Leggings,Apparel,73.61,0.15,62.57,72.85,1357.21,107,24.0,6695.0,4127.0
2026-01-27,P201,Performance Leggings,Apparel,72.2,0.0,72.2,75.14,807.82,83,24.0,5992.91,4000.91
2026-01-28,P201,Performance Leggings,Apparel,71.46,0.0,71.46,75.64,1471.88,85,24.0,6074.0,4034.0
2026-01-29,P201,Performance Leggings,Apparel,72.83,0.1,65.55,72.42,824.61,75,24.0,4916.17,3116.17
2026-01-30,P201,Performance Leggings,Apparel,71.47,0.0,71.47,74.69,590.36,78,24.0,5574.73,3702.73
2026-01-31,P201,Performance Leggings,Apparel,72.17,0.1,64.95,71.97,1447.33,110,24.0,7144.61,4504.61
2026-02-01,P201,Performance Leggings,Apparel,71.48,0.1,64.33,75.57,1333.3,113,24.0,7269.17,4557.17
2026-02-02,P201,Performance Leggings,Apparel,70.89,0.15,60.26,74.91,932.35,120,24.0,7230.87,4350.87
2026-02-03,P201,Performance Leggings,Apparel,70.97,0.0,70.97,71.79,633.3,86,24.0,6103.38,4039.38
2026-02-04,P201,Performance Leggings,Apparel,72.75,0.05,69.11,70.27,1432.81,101,24.0,6980.56,4556.56
2026-02-05,P201,Performance Leggings,Apparel,72.25,0.15,61.41,71.77,1329.15,121,24.0,7430.69,4526.69
2026-02-06,P201,Performance Leggings,Apparel,71.57,0.0,71.57,73.11,910.25,87,24.0,6226.57,4138.57
2026-02-07,P201,Performance Leggings,Apparel,72.06,0.0,72.06,73.58,1904.53,93,24.0,6701.51,4469.51
2026-02-08,P201,Performance Leggings,Apparel,73.13,0.15,62.16,71.94,1699.22,148,24.0,9199.85,5647.85
2026-02-09,P201,Performance Leggings,Apparel,71.03,0.0,71.03,74.1,984.18,83,24.0,5895.26,3903.26
2026-02-10,P201,Performance Leggings,Apparel,72.92,0.0,72.92,74.87,919.11,82,24.0,5979.61,4011.61
2026-02-11,P201,Performance Leggings,Apparel,71.68,0.0,71.68,77.46,1384.12,90,24.0,6451.36,4291.36
2026-02-12,P201,Performance Leggings,Apparel,73.0,0.15,62.05,72.35,1662.67,105,24.0,6514.91,3994.91
2026-02-13,P201,Performance Leggings,Apparel,70.81,0.0,70.81,75.87,1021.61,82,24.0,5806.18,3838.18
2026-02-14,P201,Performance Leggings,Apparel,72.17,0.05,68.56,71.74,1203.31,113,24.0,7747.48,5035.48
2026-02-15,P201,Performance Leggings,Apparel,70.69,0.0,70.69,70.43,1303.58,81,24.0,5726.27,3782.27
2026-02-16,P201,Performance Leggings,Apparel,71.03,0.1,63.93,70.19,1890.38,136,24.0,8694.14,5430.14
2026-02-17,P201,Performance Leggings,Apparel,70.03,0.15,59.52,70.93,1188.65,146,24.0,8690.18,5186.18
2026-02-18,P201,Performance Leggings,Apparel,70.82,0.0,70.82,72.12,960.69,95,24.0,6728.3,4448.3
2026-02-19,P201,Performance Leggings,Apparel,67.11,0.2,53.69,72.5,1062.01,163,24.0,8751.37,4839.37
2026-02-20,P201,Performance Leggings,Apparel,73.07,0.15,62.11,69.92,2053.66,108,24.0,6708.18,4116.18
2026-02-21,P201,Performance Leggings,Apparel,73.21,0.2,58.56,71.54,1152.63,146,24.0,8550.4,5046.4
2026-02-22,P201,Performance Leggings,Apparel,71.78,0.15,61.02,70.71,1215.78,124,24.0,7566.11,4590.11
2026-02-23,P201,Performance Leggings,Apparel,69.91,0.0,69.91,70.23,1148.74,91,24.0,6361.68,4177.68
2026-02-24,P201,Performance Leggings,Apparel,71.71,0.0,71.71,75.96,504.24,89,24.0,6382.14,4246.14
2026-02-25,P201,Performance Leggings,Apparel,71.58,0.1,64.42,73.58,1240.6,113,24.0,7279.76,4567.76
2026-02-26,P201,Performance Leggings,Apparel,70.61,0.15,60.02,73.34,623.6,131,24.0,7862.02,4718.02
2026-02-27,P201,Performance Leggings,Apparel,71.59,0.0,71.59,71.72,1242.69,98,24.0,7016.17,4664.17
2026-02-28,P201,Performance Leggings,Apparel,75.96,0.0,75.96,74.36,1096.48,95,24.0,7216.22,4936.22
2026-03-01,P201,Performance Leggings,Apparel,72.58,0.1,65.32,69.73,1277.22,125,24.0,8165.32,5165.32
2026-03-02,P201,Performance Leggings,Apparel,69.57,0.1,62.61,70.68,1506.15,116,24.0,7263.0,4479.0
2026-03-03,P201,Performance Leggings,Apparel,73.64,0.2,58.91,76.32,746.32,113,24.0,6656.71,3944.71
2026-03-04,P201,Performance Leggings,Apparel,71.71,0.15,60.95,69.83,1286.05,121,24.0,7375.03,4471.03
2026-03-05,P201,Performance Leggings,Apparel,71.56,0.0,71.56,72.69,1185.76,97,24.0,6941.47,4613.47
2026-03-06,P201,Performance Leggings,Apparel,71.62,0.2,57.3,70.06,692.42,131,24.0,7505.85,4361.85
2026-03-07,P201,Performance Leggings,Apparel,70.21,0.1,63.19,72.79,660.04,138,24.0,8720.16,5408.16
2026-03-08,P201,Performance Leggings,Apparel,72.16,0.0,72.16,71.69,927.48,100,24.0,7215.57,4815.57
2026-03-09,P201,Performance Leggings,Apparel,71.98,0.05,68.38,72.11,694.2,82,24.0,5607.43,3639.43
2026-03-10,P201,Performance Leggings,Apparel,70.54,0.05,67.01,72.35,1298.83,112,24.0,7505.34,4817.34
2026-03-11,P201,Performance Leggings,Apparel,70.85,0.05,67.31,71.47,960.5,102,24.0,6865.54,4417.54
2026-03-12,P201,Performance Leggings,Apparel,72.04,0.2,57.63,70.48,1315.12,138,24.0,7952.87,4640.87
2026-03-13,P201,Performance Leggings,Apparel,71.97,0.2,57.58,69.2,1326.92,128,24.0,7369.63,4297.63
2026-03-14,P201,Performance Leggings,Apparel,70.86,0.0,70.86,71.15,1564.25,102,24.0,7228.23,4780.23
2026-03-15,P201,Performance Leggings,Apparel,71.57,0.0,71.57,72.74,437.18,100,24.0,7156.82,4756.82
2026-03-16,P201,Performance Leggings,Apparel,69.83,0.05,66.34,68.93,1114.86,121,24.0,8027.22,5123.22
2026-03-17,P201,Performance Leggings,Apparel,74.62,0.0,74.62,72.18,629.58,81,24.0,6043.97,4099.97
2026-03-18,P201,Performance Leggings,Apparel,71.71,0.05,68.12,69.99,1355.73,94,24.0,6403.37,4147.37
2026-03-19,P201,Performance Leggings,Apparel,73.65,0.0,73.65,71.63,983.52,81,24.0,5965.82,4021.82
2026-03-20,P201,Performance Leggings,Apparel,72.96,0.0,72.96,69.4,1359.12,83,24.0,6055.47,4063.47
2026-03-21,P201,Performance Leggings,Apparel,71.73,0.1,64.56,71.17,1023.58,120,24.0,7746.88,4866.88
2026-03-22,P201,Performance Leggings,Apparel,72.3,0.1,65.07,70.31,1872.34,129,24.0,8393.95,5297.95
2026-03-23,P201,Performance Leggings,Apparel,72.22,0.0,72.22,69.54,1142.76,83,24.0,5994.31,4002.31
2026-03-24,P201,Performance Leggings,Apparel,71.13,0.1,64.02,72.14,1117.98,109,24.0,6977.96,4361.96
2026-03-25,P201,Performance Leggings,Apparel,72.1,0.05,68.49,70.19,555.28,80,24.0,5479.35,3559.35
2026-03-26,P201,Performance Leggings,Apparel,73.93,0.0,73.93,73.89,1054.55,96,24.0,7097.16,4793.16
2026-03-27,P201,Performance Leggings,Apparel,73.97,0.0,73.97,70.93,1365.11,92,24.0,6805.16,4597.16
2026-03-28,P201,Performance Leggings,Apparel,73.58,0.05,69.9,70.16,1237.29,124,24.0,8667.17,5691.17
2026-03-29,P201,Performance Leggings,Apparel,73.45,0.15,62.43,72.41,1398.41,138,24.0,8615.23,5303.23
2026-03-30,P201,Performance Leggings,Apparel,74.37,0.0,74.37,72.74,1395.0,81,24.0,6024.21,4080.21
2026-03-31,P201,Performance Leggings,Apparel,73.76,0.05,70.07,70.85,2264.36,88,24.0,6166.15,4054.15
2026-04-01,P201,Performance Leggings,Apparel,74.59,0.05,70.86,69.83,1347.23,117,24.0,8290.48,5482.48
2026-04-02,P201,Performance Leggings,Apparel,72.1,0.0,72.1,71.4,995.0,94,24.0,6777.15,4521.15
2026-04-03,P201,Performance Leggings,Apparel,72.74,0.05,69.1,72.65,821.49,81,24.0,5596.99,3652.99
2026-04-04,P201,Performance Leggings,Apparel,73.21,0.0,73.21,74.26,749.27,86,24.0,6296.14,4232.14
2026-04-05,P201,Performance Leggings,Apparel,74.14,0.1,66.72,70.38,753.38,135,24.0,9007.5,5767.5
2026-04-06,P201,Performance Leggings,Apparel,72.32,0.0,72.32,71.09,1555.71,93,24.0,6725.76,4493.76
2026-04-07,P201,Performance Leggings,Apparel,72.62,0.1,65.36,70.89,1218.31,117,24.0,7647.13,4839.13
2026-04-08,P201,Performance Leggings,Apparel,72.24,0.15,61.4,70.11,1296.85,111,24.0,6815.57,4151.57
2026-04-09,P201,Performance Leggings,Apparel,72.13,0.05,68.53,69.91,950.61,92,24.0,6304.51,4096.51
2026-04-10,P201,Performance Leggings,Apparel,72.63,0.0,72.63,70.11,978.23,82,24.0,5955.59,3987.59
2026-04-11,P201,Performance Leggings,Apparel,75.33,0.0,75.33,71.97,1264.11,80,24.0,6026.04,4106.04
2026-04-12,P201,Performance Leggings,Apparel,72.55,0.15,61.67,74.02,1491.0,131,24.0,8078.55,4934.55
2026-04-13,P201,Performance Leggings,Apparel,73.39,0.15,62.38,70.1,981.09,123,24.0,7673.06,4721.06
2026-04-14,P201,Performance Leggings,Apparel,73.83,0.05,70.14,73.97,1771.41,107,24.0,7504.81,4936.81
2026-04-15,P201,Performance Leggings,Apparel,73.72,0.0,73.72,72.79,1174.42,100,24.0,7371.96,4971.96
2026-04-16,P201,Performance Leggings,Apparel,74.89,0.1,67.4,71.95,1926.5,97,24.0,6537.94,4209.94
2026-04-17,P201,Performance Leggings,Apparel,76.87,0.0,76.87,71.41,793.79,73,24.0,5611.5,3859.5
2026-04-18,P201,Performance Leggings,Apparel,72.29,0.1,65.06,69.87,1360.72,133,24.0,8653.26,5461.26
2026-04-19,P201,Performance Leggings,Apparel,73.66,0.0,73.66,71.33,830.79,88,24.0,6482.39,4370.39
2026-04-20,P201,Performance Leggings,Apparel,78.06,0.0,78.06,71.37,1079.79,77,24.0,6010.27,4162.27
2026-04-21,P201,Performance Leggings,Apparel,74.87,0.2,59.89,71.13,1490.82,124,24.0,7426.88,4450.88
2026-04-22,P201,Performance Leggings,Apparel,73.49,0.05,69.81,69.78,1562.45,96,24.0,6701.84,4397.84
2026-04-23,P201,Performance Leggings,Apparel,72.39,0.0,72.39,72.19,693.35,90,24.0,6515.42,4355.42
2026-04-24,P201,Performance Leggings,Apparel,74.56,0.0,74.56,74.01,918.15,70,24.0,5219.41,3539.41
2026-04-25,P201,Performance Leggings,Apparel,73.95,0.15,62.86,69.82,1957.27,136,24.0,8549.07,5285.07
2026-04-26,P201,Performance Leggings,Apparel,76.27,0.15,64.83,71.79,1288.25,140,24.0,9075.85,5715.85
2026-04-27,P201,Performance Leggings,Apparel,75.5,0.2,60.4,70.22,1884.11,132,24.0,7973.15,4805.15
2026-04-28,P201,Performance Leggings,Apparel,74.54,0.0,74.54,73.4,1336.36,86,24.0,6410.84,4346.84
2026-04-29,P201,Performance Leggings,Apparel,74.68,0.1,67.21,71.21,1166.95,108,24.0,7258.61,4666.61
2026-04-30,P201,Performance Leggings,Apparel,76.13,0.2,60.9,74.08,1271.57,127,24.0,7734.43,4686.43
2026-05-01,P201,Performance Leggings,Apparel,75.6,0.2,60.48,69.87,1383.78,113,24.0,6834.22,4122.22
2026-05-02,P201,Performance Leggings,Apparel,74.03,0.2,59.22,72.03,1236.96,172,24.0,10185.98,6057.98
2026-05-03,P201,Performance Leggings,Apparel,75.3,0.15,64.0,73.68,2146.83,143,24.0,9152.41,5720.41
2026-05-04,P201,Performance Leggings,Apparel,74.49,0.0,74.49,72.55,1072.16,79,24.0,5884.83,3988.83
2026-05-05,P201,Performance Leggings,Apparel,76.88,0.05,73.04,74.51,707.12,82,24.0,5988.91,4020.91
2026-05-06,P201,Performance Leggings,Apparel,75.0,0.05,71.25,74.78,2272.71,97,24.0,6911.64,4583.64
2026-05-07,P201,Performance Leggings,Apparel,75.12,0.15,63.85,73.82,1054.4,116,24.0,7407.08,4623.08
2026-05-08,P201,Performance Leggings,Apparel,75.18,0.15,63.9,73.02,1234.35,132,24.0,8434.76,5266.76
2026-05-09,P201,Performance Leggings,Apparel,75.79,0.0,75.79,70.54,1207.08,73,24.0,5532.51,3780.51
2026-05-10,P201,Performance Leggings,Apparel,74.22,0.0,74.22,72.46,1632.1,79,24.0,5863.2,3967.2
2026-05-11,P201,Performance Leggings,Apparel,75.56,0.0,75.56,72.11,1644.11,89,24.0,6724.53,4588.53
2026-05-12,P201,Performance Leggings,Apparel,76.78,0.05,72.94,72.37,1780.63,84,24.0,6127.24,4111.24
2026-05-13,P201,Performance Leggings,Apparel,74.53,0.1,67.08,74.51,758.29,109,24.0,7311.72,4695.72
2026-05-14,P201,Performance Leggings,Apparel,76.15,0.15,64.73,73.08,1320.18,121,24.0,7832.29,4928.29
2026-05-15,P201,Performance Leggings,Apparel,75.18,0.0,75.18,71.95,1470.79,83,24.0,6239.79,4247.79
2026-05-16,P201,Performance Leggings,Apparel,75.56,0.0,75.56,76.28,1140.51,88,24.0,6649.27,4537.27
2026-05-17,P201,Performance Leggings,Apparel,73.87,0.2,59.09,73.32,1536.48,164,24.0,9691.51,5755.51
2026-05-18,P201,Performance Leggings,Apparel,76.33,0.0,76.33,74.82,1700.66,92,24.0,7021.92,4813.92
2026-05-19,P201,Performance Leggings,Apparel,78.31,0.15,66.56,73.23,822.26,113,24.0,7521.6,4809.6
2026-05-20,P201,Performance Leggings,Apparel,77.29,0.05,73.43,75.98,2000.37,101,24.0,7416.27,4992.27
2026-05-21,P201,Performance Leggings,Apparel,76.59,0.2,61.27,71.12,1410.91,121,24.0,7414.09,4510.09
2026-05-22,P201,Performance Leggings,Apparel,76.6,0.0,76.6,74.63,1264.96,88,24.0,6740.87,4628.87
2026-05-23,P201,Performance Leggings,Apparel,72.72,0.0,72.72,74.19,1732.9,116,24.0,8435.77,5651.77
2026-05-24,P201,Performance Leggings,Apparel,77.35,0.0,77.35,74.22,1301.03,92,24.0,7116.47,4908.47
2026-05-25,P201,Performance Leggings,Apparel,76.4,0.1,68.76,72.54,1114.51,89,24.0,6119.69,3983.69
2026-05-26,P201,Performance Leggings,Apparel,77.13,0.1,69.42,73.39,1095.99,102,24.0,7080.88,4632.88
2026-05-27,P201,Performance Leggings,Apparel,77.49,0.0,77.49,72.04,836.43,82,24.0,6354.41,4386.41
2026-05-28,P201,Performance Leggings,Apparel,74.64,0.05,70.91,77.2,1882.92,106,24.0,7516.57,4972.57
2026-05-29,P201,Performance Leggings,Apparel,77.44,0.0,77.44,78.45,459.62,74,24.0,5730.46,3954.46
2026-05-30,P201,Performance Leggings,Apparel,77.64,0.0,77.64,76.66,1285.83,89,24.0,6910.2,4774.2
2026-05-31,P201,Performance Leggings,Apparel,76.16,0.2,60.93,73.48,1103.04,142,24.0,8652.08,5244.08
2026-06-01,P201,Performance Leggings,Apparel,75.51,0.0,75.51,75.73,1695.79,76,24.0,5738.84,3914.84
2026-06-02,P201,Performance Leggings,Apparel,74.29,0.1,66.86,74.59,2343.57,125,24.0,8357.79,5357.79
2026-06-03,P201,Performance Leggings,Apparel,75.83,0.2,60.66,76.02,807.38,144,24.0,8735.29,5279.29
2026-06-04,P201,Performance Leggings,Apparel,76.35,0.15,64.9,74.58,1308.56,126,24.0,8177.22,5153.22
2026-06-05,P201,Performance Leggings,Apparel,75.58,0.0,75.58,75.43,564.28,75,24.0,5668.14,3868.14
2026-06-06,P201,Performance Leggings,Apparel,78.17,0.05,74.26,75.98,1675.25,104,24.0,7722.88,5226.88
2026-06-07,P201,Performance Leggings,Apparel,79.8,0.0,79.8,75.72,1142.28,89,24.0,7102.15,4966.15
2026-06-08,P201,Performance Leggings,Apparel,76.51,0.2,61.21,78.24,1108.91,147,24.0,8997.34,5469.34
2026-06-09,P201,Performance Leggings,Apparel,77.38,0.0,77.38,76.14,1394.06,82,24.0,6345.1,4377.1
2026-06-10,P201,Performance Leggings,Apparel,76.31,0.2,61.05,73.92,1179.37,107,24.0,6532.22,3964.22
2026-06-11,P201,Performance Leggings,Apparel,77.7,0.0,77.7,74.89,1533.3,85,24.0,6604.79,4564.79
2026-06-12,P201,Performance Leggings,Apparel,74.21,0.1,66.79,75.2,1465.51,106,24.0,7079.79,4535.79
2026-06-13,P201,Performance Leggings,Apparel,78.36,0.0,78.36,71.65,1591.72,79,24.0,6190.23,4294.23
2026-06-14,P201,Performance Leggings,Apparel,74.21,0.15,63.08,75.23,1743.0,118,24.0,7443.71,4611.71
2026-06-15,P201,Performance Leggings,Apparel,79.66,0.15,67.71,75.75,861.11,103,24.0,6973.91,4501.91
2026-06-16,P201,Performance Leggings,Apparel,76.35,0.05,72.54,72.91,2317.3,88,24.0,6383.08,4271.08
2026-06-17,P201,Performance Leggings,Apparel,75.86,0.2,60.69,79.1,1705.52,121,24.0,7342.9,4438.9
2026-06-18,P201,Performance Leggings,Apparel,76.78,0.15,65.26,72.34,1624.61,95,24.0,6200.17,3920.17
2026-06-19,P201,Performance Leggings,Apparel,75.41,0.15,64.1,76.71,1206.06,131,24.0,8396.69,5252.69
2026-06-20,P201,Performance Leggings,Apparel,77.42,0.0,77.42,77.15,857.42,97,24.0,7509.74,5181.74
2026-06-21,P201,Performance Leggings,Apparel,75.36,0.1,67.83,79.77,1484.56,127,24.0,8614.09,5566.09
2026-06-22,P201,Performance Leggings,Apparel,72.3,0.0,72.3,75.74,1696.78,94,24.0,6796.41,4540.41
2026-06-23,P201,Performance Leggings,Apparel,74.76,0.15,63.54,71.48,1448.68,93,24.0,5909.58,3677.58
2026-06-24,P201,Performance Leggings,Apparel,77.86,0.0,77.86,78.43,1129.23,81,24.0,6306.63,4362.63
2026-06-25,P201,Performance Leggings,Apparel,76.03,0.0,76.03,74.19,1524.1,68,24.0,5170.35,3538.35
2026-06-26,P201,Performance Leggings,Apparel,73.85,0.0,73.85,76.15,1223.95,83,24.0,6129.92,4137.92
2026-06-27,P201,Performance Leggings,Apparel,75.39,0.2,60.31,76.74,1383.84,144,24.0,8685.32,5229.32
2026-06-28,P201,Performance Leggings,Apparel,77.56,0.0,77.56,77.58,1459.13,91,24.0,7057.9,4873.9
2026-06-29,P201,Performance Leggings,Apparel,73.76,0.1,66.38,76.44,1228.84,108,24.0,7169.12,4577.12
2026-06-30,P201,Performance Leggings,Apparel,76.18,0.0,76.18,77.72,851.59,76,24.0,5789.31,3965.31
2025-01-01,P300,Insulated Bottle,Accessories,33.18,0.2,26.54,33.48,1425.39,193,10.0,5122.88,3192.88
2025-01-02,P300,Insulated Bottle,Accessories,33.8,0.0,33.8,35.87,1381.86,105,10.0,3548.73,2498.73
2025-01-03,P300,Insulated Bottle,Accessories,33.65,0.0,33.65,33.69,1342.36,123,10.0,4139.29,2909.29
2025-01-04,P300,Insulated Bottle,Accessories,34.37,0.0,34.37,35.68,1295.71,125,10.0,4295.75,3045.75
2025-01-05,P300,Insulated Bottle,Accessories,33.47,0.15,28.45,34.07,995.74,203,10.0,5775.54,3745.54
2025-01-06,P300,Insulated Bottle,Accessories,34.09,0.0,34.09,37.83,815.51,119,10.0,4056.5,2866.5
2025-01-07,P300,Insulated Bottle,Accessories,33.32,0.2,26.66,34.96,1604.16,221,10.0,5891.12,3681.12
2025-01-08,P300,Insulated Bottle,Accessories,34.11,0.15,28.99,34.92,795.62,168,10.0,4870.44,3190.44
2025-01-09,P300,Insulated Bottle,Accessories,34.02,0.05,32.32,35.78,1215.55,135,10.0,4363.26,3013.26
2025-01-10,P300,Insulated Bottle,Accessories,33.23,0.2,26.59,35.8,1049.48,245,10.0,6513.76,4063.76
2025-01-11,P300,Insulated Bottle,Accessories,35.12,0.0,35.12,34.49,1293.99,125,10.0,4390.42,3140.42
2025-01-12,P300,Insulated Bottle,Accessories,34.16,0.05,32.45,34.91,1502.87,159,10.0,5159.19,3569.19
2025-01-13,P300,Insulated Bottle,Accessories,34.17,0.0,34.17,35.8,1023.76,121,10.0,4134.24,2924.24
2025-01-14,P300,Insulated Bottle,Accessories,34.5,0.05,32.78,33.83,1329.19,138,10.0,4523.22,3143.22
2025-01-15,P300,Insulated Bottle,Accessories,34.83,0.2,27.86,33.78,1759.75,219,10.0,6102.14,3912.14
2025-01-16,P300,Insulated Bottle,Accessories,33.73,0.0,33.73,34.82,1383.24,131,10.0,4419.01,3109.01
2025-01-17,P300,Insulated Bottle,Accessories,34.2,0.0,34.2,33.99,924.71,95,10.0,3249.01,2299.01
2025-01-18,P300,Insulated Bottle,Accessories,33.98,0.2,27.18,36.82,2040.81,271,10.0,7366.54,4656.54
2025-01-19,P300,Insulated Bottle,Accessories,34.17,0.1,30.75,35.96,737.33,165,10.0,5073.6,3423.6
2025-01-20,P300,Insulated Bottle,Accessories,35.46,0.2,28.37,34.69,1030.35,200,10.0,5674.04,3674.04
2025-01-21,P300,Insulated Bottle,Accessories,34.79,0.0,34.79,35.66,1518.86,143,10.0,4974.35,3544.35
2025-01-22,P300,Insulated Bottle,Accessories,34.56,0.0,34.56,35.58,1849.88,118,10.0,4078.37,2898.37
2025-01-23,P300,Insulated Bottle,Accessories,33.86,0.0,33.86,36.55,1429.98,127,10.0,4299.72,3029.72
2025-01-24,P300,Insulated Bottle,Accessories,33.81,0.05,32.12,35.61,1743.94,134,10.0,4303.58,2963.58
2025-01-25,P300,Insulated Bottle,Accessories,34.57,0.1,31.11,35.08,1389.25,184,10.0,5724.64,3884.64
2025-01-26,P300,Insulated Bottle,Accessories,35.01,0.05,33.26,34.86,707.45,145,10.0,4822.51,3372.51
2025-01-27,P300,Insulated Bottle,Accessories,34.46,0.0,34.46,37.31,2016.65,121,10.0,4169.59,2959.59
2025-01-28,P300,Insulated Bottle,Accessories,35.14,0.0,35.14,36.46,1573.01,117,10.0,4111.59,2941.59
2025-01-29,P300,Insulated Bottle,Accessories,35.6,0.0,35.6,35.85,746.38,117,10.0,4165.18,2995.18
2025-01-30,P300,Insulated Bottle,Accessories,34.68,0.0,34.68,36.15,1384.64,125,10.0,4335.09,3085.09
2025-01-31,P300,Insulated Bottle,Accessories,34.83,0.2,27.87,35.6,776.13,223,10.0,6214.49,3984.49
2025-02-01,P300,Insulated Bottle,Accessories,34.39,0.0,34.39,34.65,931.99,133,10.0,4573.78,3243.78
2025-02-02,P300,Insulated Bottle,Accessories,34.85,0.1,31.36,35.46,1720.92,174,10.0,5456.97,3716.97
2025-02-03,P300,Insulated Bottle,Accessories,34.82,0.2,27.86,36.69,1586.38,252,10.0,7020.69,4500.69
2025-02-04,P300,Insulated Bottle,Accessories,33.25,0.05,31.59,36.35,2186.13,153,10.0,4832.77,3302.77
2025-02-05,P300,Insulated Bottle,Accessories,33.89,0.0,33.89,35.83,1200.87,135,10.0,4574.6,3224.6
2025-02-06,P300,Insulated Bottle,Accessories,35.64,0.2,28.51,35.62,1488.18,210,10.0,5987.77,3887.77
2025-02-07,P300,Insulated Bottle,Accessories,34.79,0.1,31.31,36.72,1753.52,189,10.0,5918.34,4028.34
2025-02-08,P300,Insulated Bottle,Accessories,34.92,0.0,34.92,35.72,1027.13,129,10.0,4504.09,3214.09
2025-02-09,P300,Insulated Bottle,Accessories,34.62,0.0,34.62,35.83,925.86,118,10.0,4085.62,2905.62
2025-02-10,P300,Insulated Bottle,Accessories,35.8,0.0,35.8,35.86,1643.63,129,10.0,4618.0,3328.0
2025-02-11,P300,Insulated Bottle,Accessories,35.55,0.1,32.0,36.12,1560.64,183,10.0,5855.3,4025.3
2025-02-12,P300,Insulated Bottle,Accessories,35.34,0.05,33.57,35.41,1550.69,131,10.0,4397.93,3087.93
2025-02-13,P300,Insulated Bottle,Accessories,36.08,0.15,30.67,35.81,1330.69,198,10.0,6072.86,4092.86
2025-02-14,P300,Insulated Bottle,Accessories,34.99,0.2,27.99,36.63,769.98,214,10.0,5990.72,3850.72
2025-02-15,P300,Insulated Bottle,Accessories,35.62,0.15,30.28,35.93,1828.24,182,10.0,5510.94,3690.94
2025-02-16,P300,Insulated Bottle,Accessories,34.09,0.05,32.39,36.61,1230.43,172,10.0,5570.71,3850.71
2025-02-17,P300,Insulated Bottle,Accessories,35.59,0.15,30.25,35.18,1045.53,183,10.0,5536.45,3706.45
2025-02-18,P300,Insulated Bottle,Accessories,35.7,0.0,35.7,35.7,1212.07,121,10.0,4319.59,3109.59
2025-02-19,P300,Insulated Bottle,Accessories,35.15,0.1,31.63,35.4,1749.48,159,10.0,5029.78,3439.78
2025-02-20,P300,Insulated Bottle,Accessories,34.98,0.0,34.98,35.26,1485.79,127,10.0,4442.8,3172.8
2025-02-21,P300,Insulated Bottle,Accessories,35.53,0.0,35.53,36.33,2051.58,118,10.0,4193.12,3013.12
2025-02-22,P300,Insulated Bottle,Accessories,34.18,0.15,29.06,35.26,949.24,217,10.0,6304.99,4134.99
2025-02-23,P300,Insulated Bottle,Accessories,35.95,0.1,32.35,37.16,1481.55,217,10.0,7020.11,4850.11
2025-02-24,P300,Insulated Bottle,Accessories,34.96,0.0,34.96,36.74,638.11,113,10.0,3950.99,2820.99
2025-02-25,P300,Insulated Bottle,Accessories,35.5,0.15,30.18,35.75,1231.26,168,10.0,5069.98,3389.98
2025-02-26,P300,Insulated Bottle,Accessories,35.18,0.0,35.18,35.85,1001.12,108,10.0,3799.6,2719.6
2025-02-27,P300,Insulated Bottle,Accessories,34.69,0.0,34.69,36.15,1423.7,119,10.0,4128.58,2938.58
2025-02-28,P300,Insulated Bottle,Accessories,33.84,0.15,28.76,34.64,976.83,212,10.0,6097.43,3977.43
2025-03-01,P300,Insulated Bottle,Accessories,34.73,0.0,34.73,34.96,1355.14,170,10.0,5903.58,4203.58
2025-03-02,P300,Insulated Bottle,Accessories,35.65,0.0,35.65,36.1,669.6,115,10.0,4099.39,2949.39
2025-03-03,P300,Insulated Bottle,Accessories,33.65,0.0,33.65,37.25,1849.86,149,10.0,5013.81,3523.81
2025-03-04,P300,Insulated Bottle,Accessories,35.27,0.0,35.27,35.58,1945.26,129,10.0,4549.33,3259.33
2025-03-05,P300,Insulated Bottle,Accessories,34.83,0.2,27.87,34.26,1796.91,230,10.0,6409.47,4109.47
2025-03-06,P300,Insulated Bottle,Accessories,34.1,0.0,34.1,34.65,1252.57,131,10.0,4467.08,3157.08
2025-03-07,P300,Insulated Bottle,Accessories,34.86,0.0,34.86,36.38,1328.37,141,10.0,4915.47,3505.47
2025-03-08,P300,Insulated Bottle,Accessories,34.94,0.05,33.2,35.23,974.8,141,10.0,4680.82,3270.82
2025-03-09,P300,Insulated Bottle,Accessories,35.03,0.1,31.52,34.23,1406.04,152,10.0,4791.67,3271.67
2025-03-10,P300,Insulated Bottle,Accessories,35.25,0.2,28.2,35.35,1517.63,281,10.0,7923.47,5113.47
2025-03-11,P300,Insulated Bottle,Accessories,34.48,0.15,29.31,35.53,1039.45,183,10.0,5363.24,3533.24
2025-03-12,P300,Insulated Bottle,Accessories,34.69,0.0,34.69,35.22,2109.75,139,10.0,4822.13,3432.13
2025-03-13,P300,Insulated Bottle,Accessories,34.5,0.05,32.78,35.31,1011.34,156,10.0,5112.97,3552.97
2025-03-14,P300,Insulated Bottle,Accessories,34.1,0.15,28.99,35.1,1545.86,233,10.0,6754.36,4424.36
2025-03-15,P300,Insulated Bottle,Accessories,35.94,0.0,35.94,36.03,1270.16,142,10.0,5103.47,3683.47
2025-03-16,P300,Insulated Bottle,Accessories,34.38,0.0,34.38,35.93,937.96,140,10.0,4813.43,3413.43
2025-03-17,P300,Insulated Bottle,Accessories,35.14,0.15,29.87,35.75,1637.6,216,10.0,6451.98,4291.98
2025-03-18,P300,Insulated Bottle,Accessories,35.17,0.2,28.14,35.61,1085.36,221,10.0,6218.6,4008.6
2025-03-19,P300,Insulated Bottle,Accessories,36.64,0.15,31.14,35.65,1462.09,170,10.0,5294.58,3594.58
2025-03-20,P300,Insulated Bottle,Accessories,35.65,0.1,32.08,36.12,1377.36,181,10.0,5806.83,3996.83
2025-03-21,P300,Insulated Bottle,Accessories,35.78,0.1,32.21,35.68,1258.74,175,10.0,5635.94,3885.94
2025-03-22,P300,Insulated Bottle,Accessories,34.43,0.2,27.55,35.37,673.11,270,10.0,7437.87,4737.87
2025-03-23,P300,Insulated Bottle,Accessories,34.38,0.0,34.38,34.99,1223.22,142,10.0,4882.01,3462.01
2025-03-24,P300,Insulated Bottle,Accessories,34.74,0.0,34.74,35.31,1139.07,118,10.0,4099.36,2919.36
2025-03-25,P300,Insulated Bottle,Accessories,35.59,0.0,35.59,33.55,1225.94,112,10.0,3986.39,2866.39
2025-03-26,P300,Insulated Bottle,Accessories,35.17,0.1,31.65,34.89,1263.15,182,10.0,5760.33,3940.33
2025-03-27,P300,Insulated Bottle,Accessories,35.09,0.0,35.09,34.28,1124.51,131,10.0,4597.16,3287.16
2025-03-28,P300,Insulated Bottle,Accessories,34.13,0.0,34.13,35.25,1161.12,167,10.0,5700.21,4030.21
2025-03-29,P300,Insulated Bottle,Accessories,34.59,0.0,34.59,35.61,1024.13,147,10.0,5085.16,3615.16
2025-03-30,P300,Insulated Bottle,Accessories,35.36,0.0,35.36,35.15,977.7,119,10.0,4207.31,3017.31
2025-03-31,P300,Insulated Bottle,Accessories,35.43,0.0,35.43,34.7,431.1,134,10.0,4748.1,3408.1
2025-04-01,P300,Insulated Bottle,Accessories,34.28,0.2,27.43,36.53,1248.97,242,10.0,6637.39,4217.39
2025-04-02,P300,Insulated Bottle,Accessories,34.0,0.0,34.0,33.72,1240.1,133,10.0,4521.81,3191.81
2025-04-03,P300,Insulated Bottle,Accessories,34.91,0.2,27.93,35.09,638.6,230,10.0,6423.8,4123.8
2025-04-04,P300,Insulated Bottle,Accessories,34.8,0.0,34.8,36.72,1302.69,120,10.0,4175.76,2975.76
2025-04-05,P300,Insulated Bottle,Accessories,34.64,0.2,27.71,35.38,1309.68,232,10.0,6429.54,4109.54
2025-04-06,P300,Insulated Bottle,Accessories,33.65,0.0,33.65,35.2,1797.92,156,10.0,5248.64,3688.64
2025-04-07,P300,Insulated Bottle,Accessories,35.12,0.05,33.36,35.18,1006.78,144,10.0,4803.96,3363.96
2025-04-08,P300,Insulated Bottle,Accessories,35.33,0.05,33.56,35.37,1569.37,140,10.0,4698.89,3298.89
2025-04-09,P300,Insulated Bottle,Accessories,34.44,0.2,27.55,34.84,1720.46,197,10.0,5427.63,3457.63
2025-04-10,P300,Insulated Bottle,Accessories,34.55,0.1,31.1,34.78,806.26,176,10.0,5473.24,3713.24
2025-04-11,P300,Insulated Bottle,Accessories,34.06,0.15,28.95,36.39,1663.59,229,10.0,6630.22,4340.22
2025-04-12,P300,Insulated Bottle,Accessories,34.71,0.2,27.77,34.64,2019.78,287,10.0,7969.28,5099.28
2025-04-13,P300,Insulated Bottle,Accessories,33.99,0.15,28.89,35.23,1279.89,202,10.0,5835.74,3815.74
2025-04-14,P300,Insulated Bottle,Accessories,34.68,0.1,31.21,34.48,1491.04,178,10.0,5555.59,3775.59
2025-04-15,P300,Insulated Bottle,Accessories,34.01,0.0,34.01,34.26,1144.16,123,10.0,4183.75,2953.75
2025-04-16,P300,Insulated Bottle,Accessories,35.05,0.0,35.05,34.41,1794.08,149,10.0,5222.17,3732.17
2025-04-17,P300,Insulated Bottle,Accessories,33.87,0.1,30.49,34.41,1676.02,176,10.0,5365.49,3605.49
2025-04-18,P300,Insulated Bottle,Accessories,33.76,0.15,28.7,34.07,1150.67,230,10.0,6600.85,4300.85
2025-04-19,P300,Insulated Bottle,Accessories,34.36,0.0,34.36,34.96,1188.68,137,10.0,4707.41,3337.41
2025-04-20,P300,Insulated Bottle,Accessories,34.58,0.1,31.12,35.2,1658.85,190,10.0,5912.33,4012.33
2025-04-21,P300,Insulated Bottle,Accessories,34.31,0.0,34.31,34.14,891.42,116,10.0,3979.6,2819.6
2025-04-22,P300,Insulated Bottle,Accessories,34.02,0.2,27.22,34.99,1753.23,221,10.0,6014.81,3804.81
2025-04-23,P300,Insulated Bottle,Accessories,33.77,0.0,33.77,35.07,1109.88,128,10.0,4322.62,3042.62
2025-04-24,P300,Insulated Bottle,Accessories,33.24,0.05,31.58,34.77,1241.9,150,10.0,4736.69,3236.69
2025-04-25,P300,Insulated Bottle,Accessories,33.91,0.05,32.22,33.47,997.0,163,10.0,5251.45,3621.45
2025-04-26,P300,Insulated Bottle,Accessories,34.09,0.0,34.09,34.86,1444.63,145,10.0,4942.5,3492.5
2025-04-27,P300,Insulated Bottle,Accessories,33.79,0.15,28.73,35.24,1690.31,213,10.0,6118.5,3988.5
2025-04-28,P300,Insulated Bottle,Accessories,34.77,0.0,34.77,33.91,1028.19,119,10.0,4138.12,2948.12
2025-04-29,P300,Insulated Bottle,Accessories,34.45,0.05,32.73,33.97,1601.56,150,10.0,4909.41,3409.41
2025-04-30,P300,Insulated Bottle,Accessories,33.56,0.1,30.2,33.55,1447.68,177,10.0,5346.21,3576.21
2025-05-01,P300,Insulated Bottle,Accessories,33.04,0.0,33.04,33.7,1873.16,125,10.0,4129.68,2879.68
2025-05-02,P300,Insulated Bottle,Accessories,33.74,0.05,32.05,33.48,948.85,140,10.0,4486.98,3086.98
2025-05-03,P300,Insulated Bottle,Accessories,34.9,0.2,27.92,33.37,641.69,199,10.0,5555.93,3565.93
2025-05-04,P300,Insulated Bottle,Accessories,33.46,0.0,33.46,33.47,1219.34,118,10.0,3947.74,2767.74
2025-05-05,P300,Insulated Bottle,Accessories,33.7,0.0,33.7,33.62,1669.98,154,10.0,5189.2,3649.2
2025-05-06,P300,Insulated Bottle,Accessories,32.56,0.2,26.05,33.26,992.48,252,10.0,6564.39,4044.39
2025-05-07,P300,Insulated Bottle,Accessories,32.94,0.15,28.0,33.94,1255.67,246,10.0,6888.42,4428.42
2025-05-08,P300,Insulated Bottle,Accessories,33.65,0.0,33.65,34.21,1029.71,114,10.0,3835.98,2695.98
2025-05-09,P300,Insulated Bottle,Accessories,33.25,0.2,26.6,34.37,1398.83,229,10.0,6092.23,3802.23
2025-05-10,P300,Insulated Bottle,Accessories,34.16,0.05,32.45,32.65,735.86,144,10.0,4672.45,3232.45
2025-05-11,P300,Insulated Bottle,Accessories,34.76,0.1,31.29,33.39,1057.29,151,10.0,4724.39,3214.39
2025-05-12,P300,Insulated Bottle,Accessories,33.59,0.1,30.23,33.87,1584.24,194,10.0,5864.03,3924.03
2025-05-13,P300,Insulated Bottle,Accessories,33.39,0.15,28.38,33.11,1493.34,197,10.0,5590.73,3620.73
2025-05-14,P300,Insulated Bottle,Accessories,33.76,0.05,32.07,33.99,1324.77,161,10.0,5163.65,3553.65
2025-05-15,P300,Insulated Bottle,Accessories,32.49,0.05,30.86,33.41,780.43,149,10.0,4598.87,3108.87
2025-05-16,P300,Insulated Bottle,Accessories,33.19,0.15,28.21,34.72,1351.31,234,10.0,6602.06,4262.06
2025-05-17,P300,Insulated Bottle,Accessories,33.58,0.2,26.86,33.69,1562.59,296,10.0,7951.47,4991.47
2025-05-18,P300,Insulated Bottle,Accessories,33.29,0.1,29.96,32.15,681.59,175,10.0,5242.51,3492.51
2025-05-19,P300,Insulated Bottle,Accessories,31.91,0.2,25.53,34.02,1071.16,236,10.0,6024.42,3664.42
2025-05-20,P300,Insulated Bottle,Accessories,33.94,0.1,30.55,32.54,933.44,151,10.0,4612.78,3102.78
2025-05-21,P300,Insulated Bottle,Accessories,33.36,0.05,31.69,34.47,1676.19,157,10.0,4975.21,3405.21
2025-05-22,P300,Insulated Bottle,Accessories,33.89,0.2,27.11,32.86,644.49,205,10.0,5557.36,3507.36
2025-05-23,P300,Insulated Bottle,Accessories,32.74,0.2,26.19,32.59,1134.0,254,10.0,6653.45,4113.45
2025-05-24,P300,Insulated Bottle,Accessories,34.26,0.15,29.12,31.91,836.42,184,10.0,5358.6,3518.6
2025-05-25,P300,Insulated Bottle,Accessories,33.66,0.0,33.66,32.73,1558.02,153,10.0,5149.56,3619.56
2025-05-26,P300,Insulated Bottle,Accessories,33.15,0.15,28.18,32.63,1397.3,198,10.0,5579.8,3599.8
2025-05-27,P300,Insulated Bottle,Accessories,33.0,0.0,33.0,34.08,1389.96,148,10.0,4883.3,3403.3
2025-05-28,P300,Insulated Bottle,Accessories,33.94,0.1,30.54,33.66,1117.67,182,10.0,5559.14,3739.14
2025-05-29,P300,Insulated Bottle,Accessories,33.38,0.05,31.72,33.51,1551.17,155,10.0,4915.85,3365.85
2025-05-30,P300,Insulated Bottle,Accessories,33.02,0.05,31.37,33.0,1405.93,159,10.0,4987.38,3397.38
2025-05-31,P300,Insulated Bottle,Accessories,33.77,0.0,33.77,32.8,1182.33,120,10.0,4051.82,2851.82
2025-06-01,P300,Insulated Bottle,Accessories,34.06,0.0,34.06,32.71,1648.28,140,10.0,4767.84,3367.84
2025-06-02,P300,Insulated Bottle,Accessories,33.21,0.05,31.55,32.48,951.33,167,10.0,5268.23,3598.23
2025-06-03,P300,Insulated Bottle,Accessories,33.07,0.05,31.42,34.08,1798.57,152,10.0,4775.68,3255.68
2025-06-04,P300,Insulated Bottle,Accessories,33.24,0.1,29.92,32.12,1233.23,176,10.0,5265.98,3505.98
2025-06-05,P300,Insulated Bottle,Accessories,32.66,0.0,32.66,32.81,1237.59,158,10.0,5160.88,3580.88
2025-06-06,P300,Insulated Bottle,Accessories,31.83,0.15,27.06,32.85,1069.36,208,10.0,5627.73,3547.73
2025-06-07,P300,Insulated Bottle,Accessories,33.35,0.0,33.35,33.66,1366.97,156,10.0,5202.13,3642.13
2025-06-08,P300,Insulated Bottle,Accessories,33.7,0.15,28.65,32.56,1478.0,222,10.0,6359.37,4139.37
2025-06-09,P300,Insulated Bottle,Accessories,32.41,0.05,30.79,31.67,571.8,143,10.0,4403.16,2973.16
2025-06-10,P300,Insulated Bottle,Accessories,33.08,0.05,31.43,33.88,1354.8,170,10.0,5342.56,3642.56
2025-06-11,P300,Insulated Bottle,Accessories,33.11,0.0,33.11,32.07,1464.98,134,10.0,4437.21,3097.21
2025-06-12,P300,Insulated Bottle,Accessories,32.54,0.0,32.54,33.04,939.7,142,10.0,4620.77,3200.77
2025-06-13,P300,Insulated Bottle,Accessories,32.62,0.0,32.62,34.41,535.3,129,10.0,4207.52,2917.52
2025-06-14,P300,Insulated Bottle,Accessories,33.73,0.15,28.67,32.79,1154.91,194,10.0,5562.26,3622.26
2025-06-15,P300,Insulated Bottle,Accessories,33.0,0.15,28.05,31.82,1260.05,222,10.0,6226.64,4006.64
2025-06-16,P300,Insulated Bottle,Accessories,32.71,0.0,32.71,33.78,1562.89,122,10.0,3990.45,2770.45
2025-06-17,P300,Insulated Bottle,Accessories,32.04,0.05,30.44,32.08,1496.3,158,10.0,4809.42,3229.42
2025-06-18,P300,Insulated Bottle,Accessories,33.31,0.0,33.31,32.09,1630.78,118,10.0,3930.7,2750.7
2025-06-19,P300,Insulated Bottle,Accessories,32.94,0.0,32.94,31.55,1094.87,132,10.0,4347.63,3027.63
2025-06-20,P300,Insulated Bottle,Accessories,32.38,0.1,29.14,30.88,1098.62,163,10.0,4750.13,3120.13
2025-06-21,P300,Insulated Bottle,Accessories,33.88,0.0,33.88,31.86,1541.56,143,10.0,4845.03,3415.03
2025-06-22,P300,Insulated Bottle,Accessories,32.37,0.15,27.52,32.96,766.67,207,10.0,5695.65,3625.65
2025-06-23,P300,Insulated Bottle,Accessories,33.59,0.0,33.59,33.28,1243.57,122,10.0,4098.2,2878.2
2025-06-24,P300,Insulated Bottle,Accessories,33.17,0.0,33.17,32.36,1852.5,142,10.0,4709.51,3289.51
2025-06-25,P300,Insulated Bottle,Accessories,33.22,0.1,29.9,32.11,932.72,153,10.0,4575.04,3045.04
2025-06-26,P300,Insulated Bottle,Accessories,32.85,0.0,32.85,33.24,1763.49,137,10.0,4500.23,3130.23
2025-06-27,P300,Insulated Bottle,Accessories,32.4,0.0,32.4,32.14,1407.95,126,10.0,4082.31,2822.31
2025-06-28,P300,Insulated Bottle,Accessories,33.09,0.0,33.09,33.74,892.44,137,10.0,4532.91,3162.91
2025-06-29,P300,Insulated Bottle,Accessories,32.6,0.0,32.6,32.73,1611.19,155,10.0,5052.52,3502.52
2025-06-30,P300,Insulated Bottle,Accessories,33.68,0.05,32.0,32.72,1208.96,116,10.0,3711.5,2551.5
2025-07-01,P300,Insulated Bottle,Accessories,33.65,0.0,33.65,32.54,1482.12,126,10.0,4239.78,2979.78
2025-07-02,P300,Insulated Bottle,Accessories,32.07,0.15,27.26,34.13,1404.56,200,10.0,5452.44,3452.44
2025-07-03,P300,Insulated Bottle,Accessories,32.76,0.2,26.21,33.73,1636.35,208,10.0,5452.09,3372.09
2025-07-04,P300,Insulated Bottle,Accessories,33.85,0.0,33.85,32.68,870.98,123,10.0,4163.59,2933.59
2025-07-05,P300,Insulated Bottle,Accessories,33.15,0.0,33.15,31.58,1216.45,170,10.0,5635.58,3935.58
2025-07-06,P300,Insulated Bottle,Accessories,32.88,0.15,27.95,31.96,1937.96,233,10.0,6511.59,4181.59
2025-07-07,P300,Insulated Bottle,Accessories,33.74,0.0,33.74,33.04,1751.45,111,10.0,3745.16,2635.16
2025-07-08,P300,Insulated Bottle,Accessories,32.99,0.05,31.34,34.0,1414.78,137,10.0,4293.58,2923.58
2025-07-09,P300,Insulated Bottle,Accessories,32.94,0.0,32.94,31.41,464.45,120,10.0,3952.94,2752.94
2025-07-10,P300,Insulated Bottle,Accessories,32.69,0.1,29.42,33.55,1802.92,182,10.0,5353.87,3533.87
2025-07-11,P300,Insulated Bottle,Accessories,34.11,0.0,34.11,33.28,1408.8,117,10.0,3990.67,2820.67
2025-07-12,P300,Insulated Bottle,Accessories,32.16,0.15,27.33,30.78,1088.95,206,10.0,5630.52,3570.52
2025-07-13,P300,Insulated Bottle,Accessories,32.47,0.0,32.47,32.48,1962.18,156,10.0,5066.03,3506.03
2025-07-14,P300,Insulated Bottle,Accessories,32.55,0.1,29.3,31.79,1553.8,161,10.0,4717.08,3107.08
2025-07-15,P300,Insulated Bottle,Accessories,31.79,0.0,31.79,32.97,1458.03,143,10.0,4545.53,3115.53
2025-07-16,P300,Insulated Bottle,Accessories,32.96,0.2,26.37,34.59,1302.37,243,10.0,6407.99,3977.99
2025-07-17,P300,Insulated Bottle,Accessories,32.7,0.0,32.7,33.5,775.97,114,10.0,3727.31,2587.31
2025-07-18,P300,Insulated Bottle,Accessories,32.31,0.0,32.31,33.99,1079.56,134,10.0,4328.91,2988.91
2025-07-19,P300,Insulated Bottle,Accessories,33.99,0.2,27.19,32.92,1657.76,242,10.0,6581.02,4161.02
2025-07-20,P300,Insulated Bottle,Accessories,33.16,0.0,33.16,34.52,1070.58,121,10.0,4011.85,2801.85
2025-07-21,P300,Insulated Bottle,Accessories,32.48,0.2,25.99,33.82,1706.57,224,10.0,5820.85,3580.85
2025-07-22,P300,Insulated Bottle,Accessories,31.82,0.0,31.82,33.45,1275.98,131,10.0,4168.38,2858.38
2025-07-23,P300,Insulated Bottle,Accessories,32.83,0.1,29.55,33.87,1423.55,174,10.0,5140.99,3400.99
2025-07-24,P300,Insulated Bottle,Accessories,33.27,0.15,28.28,33.41,965.89,185,10.0,5231.59,3381.59
2025-07-25,P300,Insulated Bottle,Accessories,33.68,0.2,26.94,34.02,1449.8,196,10.0,5280.97,3320.97
2025-07-26,P300,Insulated Bottle,Accessories,32.72,0.2,26.18,33.22,1256.0,219,10.0,5733.02,3543.02
2025-07-27,P300,Insulated Bottle,Accessories,32.55,0.0,32.55,31.29,176.99,117,10.0,3808.63,2638.63
2025-07-28,P300,Insulated Bottle,Accessories,34.69,0.15,29.49,32.27,1353.97,143,10.0,4216.44,2786.44
2025-07-29,P300,Insulated Bottle,Accessories,32.49,0.15,27.62,32.1,1218.82,181,10.0,4998.83,3188.83
2025-07-30,P300,Insulated Bottle,Accessories,33.48,0.0,33.48,32.86,1313.03,103,10.0,3447.96,2417.96
2025-07-31,P300,Insulated Bottle,Accessories,32.52,0.15,27.65,31.89,1533.73,181,10.0,5003.9,3193.9
2025-08-01,P300,Insulated Bottle,Accessories,32.23,0.0,32.23,32.13,1897.74,118,10.0,3803.07,2623.07
2025-08-02,P300,Insulated Bottle,Accessories,33.82,0.2,27.06,34.14,956.23,225,10.0,6087.45,3837.45
2025-08-03,P300,Insulated Bottle,Accessories,33.77,0.0,33.77,33.54,821.33,125,10.0,4221.1,2971.1
2025-08-04,P300,Insulated Bottle,Accessories,33.16,0.0,33.16,33.56,1631.2,126,10.0,4178.29,2918.29
2025-08-05,P300,Insulated Bottle,Accessories,33.7,0.2,26.96,33.87,1838.38,214,10.0,5769.58,3629.58
2025-08-06,P300,Insulated Bottle,Accessories,33.62,0.15,28.57,34.1,1123.46,156,10.0,4457.61,2897.61
2025-08-07,P300,Insulated Bottle,Accessories,33.85,0.0,33.85,32.31,1480.2,124,10.0,4197.15,2957.15
2025-08-08,P300,Insulated Bottle,Accessories,32.58,0.05,30.95,34.23,386.66,127,10.0,3930.61,2660.61
2025-08-09,P300,Insulated Bottle,Accessories,34.73,0.05,33.0,33.47,1574.63,116,10.0,3827.54,2667.54
2025-08-10,P300,Insulated Bottle,Accessories,33.68,0.15,28.63,33.48,1970.44,179,10.0,5124.54,3334.54
2025-08-11,P300,Insulated Bottle,Accessories,33.43,0.0,33.43,32.57,1705.86,114,10.0,3811.48,2671.48
2025-08-12,P300,Insulated Bottle,Accessories,33.36,0.0,33.36,33.04,1097.24,106,10.0,3536.0,2476.0
2025-08-13,P300,Insulated Bottle,Accessories,32.96,0.05,31.31,33.2,1027.19,132,10.0,4132.67,2812.67
2025-08-14,P300,Insulated Bottle,Accessories,33.91,0.0,33.91,33.07,1248.11,131,10.0,4441.94,3131.94
2025-08-15,P300,Insulated Bottle,Accessories,35.09,0.0,35.09,32.79,918.61,107,10.0,3754.68,2684.68
2025-08-16,P300,Insulated Bottle,Accessories,33.58,0.2,26.86,33.8,2018.91,235,10.0,6313.15,3963.15
2025-08-17,P300,Insulated Bottle,Accessories,34.29,0.2,27.43,33.13,1681.3,202,10.0,5541.03,3521.03
2025-08-18,P300,Insulated Bottle,Accessories,34.71,0.1,31.24,33.16,1127.93,123,10.0,3842.21,2612.21
2025-08-19,P300,Insulated Bottle,Accessories,33.35,0.1,30.02,31.63,1216.0,137,10.0,4112.64,2742.64
2025-08-20,P300,Insulated Bottle,Accessories,34.44,0.05,32.71,34.09,1045.25,116,10.0,3794.84,2634.84
2025-08-21,P300,Insulated Bottle,Accessories,33.84,0.15,28.76,33.06,1040.89,149,10.0,4285.97,2795.97
2025-08-22,P300,Insulated Bottle,Accessories,33.11,0.2,26.49,34.06,1373.05,237,10.0,6277.62,3907.62
2025-08-23,P300,Insulated Bottle,Accessories,34.69,0.0,34.69,33.77,1206.21,101,10.0,3503.31,2493.31
2025-08-24,P300,Insulated Bottle,Accessories,34.51,0.0,34.51,33.96,1534.46,106,10.0,3657.78,2597.78
2025-08-25,P300,Insulated Bottle,Accessories,34.33,0.2,27.46,34.01,1054.02,213,10.0,5849.54,3719.54
2025-08-26,P300,Insulated Bottle,Accessories,35.4,0.1,31.86,32.99,1559.36,102,10.0,3249.71,2229.71
2025-08-27,P300,Insulated Bottle,Accessories,34.59,0.0,34.59,33.52,827.31,98,10.0,3389.44,2409.44
2025-08-28,P300,Insulated Bottle,Accessories,34.72,0.0,34.72,32.42,1170.59,94,10.0,3263.87,2323.87
2025-08-29,P300,Insulated Bottle,Accessories,35.21,0.05,33.45,33.03,1130.33,129,10.0,4314.72,3024.72
2025-08-30,P300,Insulated Bottle,Accessories,34.71,0.2,27.77,33.29,1203.85,199,10.0,5525.65,3535.65
2025-08-31,P300,Insulated Bottle,Accessories,33.97,0.05,32.27,33.53,1800.11,135,10.0,4357.12,3007.12
2025-09-01,P300,Insulated Bottle,Accessories,34.27,0.0,34.27,34.26,2098.53,112,10.0,3838.32,2718.32
2025-09-02,P300,Insulated Bottle,Accessories,35.03,0.0,35.03,33.95,1304.52,94,10.0,3293.21,2353.21
2025-09-03,P300,Insulated Bottle,Accessories,34.27,0.0,34.27,34.96,1011.87,105,10.0,3598.39,2548.39
2025-09-04,P300,Insulated Bottle,Accessories,34.86,0.05,33.12,35.18,1326.24,119,10.0,3940.81,2750.81
2025-09-05,P300,Insulated Bottle,Accessories,33.23,0.15,28.24,33.96,1433.77,207,10.0,5846.15,3776.15
2025-09-06,P300,Insulated Bottle,Accessories,34.83,0.2,27.87,33.29,1254.34,225,10.0,6269.81,4019.81
2025-09-07,P300,Insulated Bottle,Accessories,33.97,0.2,27.18,35.17,1563.99,230,10.0,6250.59,3950.59
2025-09-08,P300,Insulated Bottle,Accessories,34.34,0.05,32.62,35.9,1527.47,131,10.0,4273.81,2963.81
2025-09-09,P300,Insulated Bottle,Accessories,34.32,0.1,30.89,34.45,1359.3,147,10.0,4540.33,3070.33
2025-09-10,P300,Insulated Bottle,Accessories,35.05,0.15,29.79,33.21,1330.34,132,10.0,3932.45,2612.45
2025-09-11,P300,Insulated Bottle,Accessories,34.43,0.1,30.99,34.06,1477.03,168,10.0,5205.61,3525.61
2025-09-12,P300,Insulated Bottle,Accessories,33.46,0.0,33.46,34.33,1425.21,98,10.0,3279.45,2299.45
2025-09-13,P300,Insulated Bottle,Accessories,35.29,0.0,35.29,34.6,1277.87,92,10.0,3246.73,2326.73
2025-09-14,P300,Insulated Bottle,Accessories,34.75,0.0,34.75,34.4,1722.71,128,10.0,4448.22,3168.22
2025-09-15,P300,Insulated Bottle,Accessories,34.34,0.1,30.91,35.99,1316.31,146,10.0,4512.26,3052.26
2025-09-16,P300,Insulated Bottle,Accessories,34.82,0.15,29.6,32.43,1233.22,135,10.0,3995.35,2645.35
2025-09-17,P300,Insulated Bottle,Accessories,35.78,0.15,30.41,36.05,1606.7,155,10.0,4713.64,3163.64
2025-09-18,P300,Insulated Bottle,Accessories,34.19,0.0,34.19,36.39,1050.81,87,10.0,2974.43,2104.43
2025-09-19,P300,Insulated Bottle,Accessories,35.46,0.1,31.91,36.05,1897.32,155,10.0,4946.61,3396.61
2025-09-20,P300,Insulated Bottle,Accessories,35.59,0.0,35.59,33.04,1310.04,110,10.0,3914.6,2814.6
2025-09-21,P300,Insulated Bottle,Accessories,34.79,0.15,29.57,34.69,952.92,157,10.0,4642.89,3072.89
2025-09-22,P300,Insulated Bottle,Accessories,36.02,0.15,30.62,34.87,1401.35,138,10.0,4225.2,2845.2
2025-09-23,P300,Insulated Bottle,Accessories,35.31,0.05,33.54,36.4,749.48,119,10.0,3991.76,2801.76
2025-09-24,P300,Insulated Bottle,Accessories,35.27,0.15,29.98,36.34,2032.97,165,10.0,4946.12,3296.12
2025-09-25,P300,Insulated Bottle,Accessories,35.37,0.0,35.37,35.04,1072.44,101,10.0,3572.17,2562.17
2025-09-26,P300,Insulated Bottle,Accessories,35.39,0.0,35.39,34.26,1133.12,93,10.0,3290.88,2360.88
2025-09-27,P300,Insulated Bottle,Accessories,34.48,0.0,34.48,35.3,1450.52,128,10.0,4413.11,3133.11
2025-09-28,P300,Insulated Bottle,Accessories,34.49,0.0,34.49,36.39,1240.78,119,10.0,4103.77,2913.77
2025-09-29,P300,Insulated Bottle,Accessories,34.92,0.0,34.92,36.06,1721.85,119,10.0,4155.45,2965.45
2025-09-30,P300,Insulated Bottle,Accessories,35.06,0.1,31.55,36.77,1608.27,138,10.0,4354.34,2974.34
2025-10-01,P300,Insulated Bottle,Accessories,35.93,0.0,35.93,34.7,1807.85,113,10.0,4060.01,2930.01
2025-10-02,P300,Insulated Bottle,Accessories,34.51,0.15,29.33,35.85,2241.37,166,10.0,4869.12,3209.12
2025-10-03,P300,Insulated Bottle,Accessories,35.96,0.0,35.96,35.23,853.11,93,10.0,3344.52,2414.52
2025-10-04,P300,Insulated Bottle,Accessories,35.1,0.05,33.35,35.51,1644.81,136,10.0,4534.93,3174.93
2025-10-05,P300,Insulated Bottle,Accessories,34.78,0.2,27.82,35.15,1298.36,213,10.0,5926.33,3796.33
2025-10-06,P300,Insulated Bottle,Accessories,35.8,0.2,28.64,34.11,1097.56,176,10.0,5040.77,3280.77
2025-10-07,P300,Insulated Bottle,Accessories,35.82,0.0,35.82,36.43,1938.89,106,10.0,3796.92,2736.92
2025-10-08,P300,Insulated Bottle,Accessories,35.61,0.15,30.27,35.72,912.9,151,10.0,4570.37,3060.37
2025-10-09,P300,Insulated Bottle,Accessories,37.0,0.0,37.0,35.64,989.03,94,10.0,3478.42,2538.42
2025-10-10,P300,Insulated Bottle,Accessories,34.84,0.0,34.84,37.2,1684.05,114,10.0,3971.94,2831.94
2025-10-11,P300,Insulated Bottle,Accessories,34.93,0.15,29.69,35.17,1855.29,189,10.0,5610.73,3720.73
2025-10-12,P300,Insulated Bottle,Accessories,33.28,0.05,31.62,35.62,1423.61,162,10.0,5122.48,3502.48
2025-10-13,P300,Insulated Bottle,Accessories,35.46,0.05,33.69,36.12,1147.46,104,10.0,3503.57,2463.57
2025-10-14,P300,Insulated Bottle,Accessories,35.35,0.0,35.35,34.96,1037.91,110,10.0,3888.76,2788.76
2025-10-15,P300,Insulated Bottle,Accessories,34.9,0.15,29.67,35.18,1165.67,159,10.0,4717.35,3127.35
2025-10-16,P300,Insulated Bottle,Accessories,34.22,0.15,29.09,35.75,1380.37,190,10.0,5527.18,3627.18
2025-10-17,P300,Insulated Bottle,Accessories,36.31,0.0,36.31,36.86,1629.27,100,10.0,3631.46,2631.46
2025-10-18,P300,Insulated Bottle,Accessories,34.81,0.05,33.07,36.09,1595.9,146,10.0,4827.94,3367.94
2025-10-19,P300,Insulated Bottle,Accessories,35.12,0.1,31.6,36.28,1753.91,172,10.0,5435.92,3715.92
2025-10-20,P300,Insulated Bottle,Accessories,35.17,0.0,35.17,34.9,1054.76,103,10.0,3622.46,2592.46
2025-10-21,P300,Insulated Bottle,Accessories,35.51,0.2,28.4,34.45,1118.56,183,10.0,5198.02,3368.02
2025-10-22,P300,Insulated Bottle,Accessories,34.63,0.05,32.9,35.41,1039.57,121,10.0,3981.22,2771.22
2025-10-23,P300,Insulated Bottle,Accessories,35.42,0.05,33.65,34.97,1212.66,121,10.0,4071.72,2861.72
2025-10-24,P300,Insulated Bottle,Accessories,34.71,0.0,34.71,34.4,1149.5,91,10.0,3158.7,2248.7
2025-10-25,P300,Insulated Bottle,Accessories,34.96,0.05,33.21,37.13,803.7,130,10.0,4317.49,3017.49
2025-10-26,P300,Insulated Bottle,Accessories,36.47,0.2,29.18,35.42,1243.52,201,10.0,5864.57,3854.57
2025-10-27,P300,Insulated Bottle,Accessories,36.2,0.15,30.77,35.3,1027.26,132,10.0,4061.33,2741.33
2025-10-28,P300,Insulated Bottle,Accessories,35.21,0.0,35.21,35.37,972.87,111,10.0,3908.85,2798.85
2025-10-29,P300,Insulated Bottle,Accessories,34.83,0.0,34.83,36.11,722.53,105,10.0,3657.37,2607.37
2025-10-30,P300,Insulated Bottle,Accessories,34.4,0.0,34.4,37.67,1635.58,115,10.0,3955.72,2805.72
2025-10-31,P300,Insulated Bottle,Accessories,37.08,0.2,29.67,35.02,1719.48,152,10.0,4509.11,2989.11
2025-11-01,P300,Insulated Bottle,Accessories,34.96,0.0,34.96,36.03,1320.15,149,10.0,5209.56,3719.56
2025-11-02,P300,Insulated Bottle,Accessories,35.77,0.0,35.77,35.34,1417.67,156,10.0,5580.01,4020.01
2025-11-03,P300,Insulated Bottle,Accessories,34.18,0.05,32.47,35.87,1526.86,194,10.0,6299.49,4359.49
2025-11-04,P300,Insulated Bottle,Accessories,34.94,0.0,34.94,35.57,985.87,140,10.0,4892.0,3492.0
2025-11-05,P300,Insulated Bottle,Accessories,34.88,0.0,34.88,35.76,1498.59,135,10.0,4708.66,3358.66
2025-11-06,P300,Insulated Bottle,Accessories,34.57,0.15,29.39,36.22,210.74,197,10.0,5789.29,3819.29
2025-11-07,P300,Insulated Bottle,Accessories,34.33,0.15,29.18,35.48,1098.14,221,10.0,6448.04,4238.04
2025-11-08,P300,Insulated Bottle,Accessories,34.65,0.0,34.65,35.52,1334.96,150,10.0,5197.39,3697.39
2025-11-09,P300,Insulated Bottle,Accessories,34.73,0.15,29.52,34.88,1321.83,247,10.0,7292.34,4822.34
2025-11-10,P300,Insulated Bottle,Accessories,34.1,0.0,34.1,36.51,1575.06,166,10.0,5661.33,4001.33
2025-11-11,P300,Insulated Bottle,Accessories,35.14,0.15,29.87,37.73,1191.45,204,10.0,6093.85,4053.85
2025-11-12,P300,Insulated Bottle,Accessories,34.0,0.0,34.0,37.36,1936.76,147,10.0,4998.23,3528.23
2025-11-13,P300,Insulated Bottle,Accessories,34.48,0.15,29.3,36.91,836.57,188,10.0,5509.15,3629.15
2025-11-14,P300,Insulated Bottle,Accessories,36.23,0.05,34.41,36.14,1463.59,151,10.0,5196.65,3686.65
2025-11-15,P300,Insulated Bottle,Accessories,35.16,0.0,35.16,35.15,1337.86,124,10.0,4360.25,3120.25
2025-11-16,P300,Insulated Bottle,Accessories,34.67,0.1,31.2,35.56,1191.03,200,10.0,6240.8,4240.8
2025-11-17,P300,Insulated Bottle,Accessories,34.22,0.15,29.09,35.99,1191.96,204,10.0,5934.47,3894.47
2025-11-18,P300,Insulated Bottle,Accessories,34.85,0.1,31.36,35.61,1134.03,156,10.0,4892.75,3332.75
2025-11-19,P300,Insulated Bottle,Accessories,35.2,0.0,35.2,35.91,1009.02,133,10.0,4682.18,3352.18
2025-11-20,P300,Insulated Bottle,Accessories,35.47,0.0,35.47,36.3,1706.81,148,10.0,5249.16,3769.16
2025-11-21,P300,Insulated Bottle,Accessories,34.98,0.2,27.98,35.58,1219.03,289,10.0,8087.28,5197.28
2025-11-22,P300,Insulated Bottle,Accessories,34.4,0.2,27.52,36.06,1381.27,335,10.0,9219.68,5869.68
2025-11-23,P300,Insulated Bottle,Accessories,34.6,0.0,34.6,34.38,718.95,123,10.0,4256.26,3026.26
2025-11-24,P300,Insulated Bottle,Accessories,35.14,0.0,35.14,36.39,1622.86,138,10.0,4849.33,3469.33
2025-11-25,P300,Insulated Bottle,Accessories,34.29,0.0,34.29,37.04,1909.78,172,10.0,5897.39,4177.39
2025-11-26,P300,Insulated Bottle,Accessories,34.81,0.0,34.81,36.94,1207.9,143,10.0,4977.42,3547.42
2025-11-27,P300,Insulated Bottle,Accessories,34.5,0.0,34.5,35.64,897.73,158,10.0,5450.63,3870.63
2025-11-28,P300,Insulated Bottle,Accessories,34.88,0.2,27.9,37.0,713.46,311,10.0,8678.4,5568.4
2025-11-29,P300,Insulated Bottle,Accessories,33.56,0.0,33.56,35.24,1770.78,181,10.0,6073.85,4263.85
2025-11-30,P300,Insulated Bottle,Accessories,34.34,0.15,29.19,35.08,804.66,274,10.0,7998.06,5258.06
2025-12-01,P300,Insulated Bottle,Accessories,34.95,0.15,29.71,36.08,348.84,192,10.0,5703.79,3783.79
2025-12-02,P300,Insulated Bottle,Accessories,34.72,0.1,31.24,35.41,1098.82,176,10.0,5498.96,3738.96
2025-12-03,P300,Insulated Bottle,Accessories,34.98,0.0,34.98,36.14,1071.9,147,10.0,5142.2,3672.2
2025-12-04,P300,Insulated Bottle,Accessories,33.55,0.1,30.2,35.58,389.95,174,10.0,5254.22,3514.22
2025-12-05,P300,Insulated Bottle,Accessories,34.14,0.1,30.73,34.15,852.31,198,10.0,6084.22,4104.22
2025-12-06,P300,Insulated Bottle,Accessories,35.39,0.0,35.39,35.83,1552.77,156,10.0,5521.12,3961.12
2025-12-07,P300,Insulated Bottle,Accessories,33.97,0.2,27.17,35.08,1560.74,274,10.0,7445.19,4705.19
2025-12-08,P300,Insulated Bottle,Accessories,34.79,0.0,34.79,35.66,1222.7,128,10.0,4453.26,3173.26
2025-12-09,P300,Insulated Bottle,Accessories,33.62,0.15,28.57,35.43,1400.22,232,10.0,6628.92,4308.92
2025-12-10,P300,Insulated Bottle,Accessories,34.17,0.0,34.17,34.42,1335.96,157,10.0,5363.96,3793.96
2025-12-11,P300,Insulated Bottle,Accessories,34.35,0.0,34.35,35.27,1493.39,152,10.0,5220.82,3700.82
2025-12-12,P300,Insulated Bottle,Accessories,33.94,0.2,27.15,37.16,957.64,322,10.0,8743.85,5523.85
2025-12-13,P300,Insulated Bottle,Accessories,33.38,0.2,26.7,36.12,1116.27,296,10.0,7904.53,4944.53
2025-12-14,P300,Insulated Bottle,Accessories,32.85,0.1,29.56,34.97,1489.44,227,10.0,6711.11,4441.11
2025-12-15,P300,Insulated Bottle,Accessories,34.08,0.0,34.08,35.27,887.06,151,10.0,5146.44,3636.44
2025-12-16,P300,Insulated Bottle,Accessories,33.68,0.0,33.68,34.43,1062.81,143,10.0,4816.84,3386.84
2025-12-17,P300,Insulated Bottle,Accessories,33.15,0.05,31.5,35.12,507.2,172,10.0,5417.46,3697.46
2025-12-18,P300,Insulated Bottle,Accessories,34.49,0.0,34.49,34.75,1839.19,146,10.0,5035.02,3575.02
2025-12-19,P300,Insulated Bottle,Accessories,34.2,0.1,30.78,35.75,805.18,189,10.0,5817.87,3927.87
2025-12-20,P300,Insulated Bottle,Accessories,34.58,0.0,34.58,34.66,1651.24,165,10.0,5705.47,4055.47
2025-12-21,P300,Insulated Bottle,Accessories,33.92,0.0,33.92,34.8,984.89,175,10.0,5935.51,4185.51
2025-12-22,P300,Insulated Bottle,Accessories,33.86,0.2,27.08,35.68,1123.41,271,10.0,7339.96,4629.96
2025-12-23,P300,Insulated Bottle,Accessories,33.88,0.0,33.88,36.18,1258.77,159,10.0,5386.78,3796.78
2025-12-24,P300,Insulated Bottle,Accessories,34.02,0.05,32.32,35.17,703.1,162,10.0,5235.47,3615.47
2025-12-25,P300,Insulated Bottle,Accessories,34.35,0.0,34.35,33.77,1426.76,147,10.0,5049.73,3579.73
2025-12-26,P300,Insulated Bottle,Accessories,33.14,0.05,31.48,34.2,1659.97,165,10.0,5194.43,3544.43
2025-12-27,P300,Insulated Bottle,Accessories,33.13,0.0,33.13,36.48,1499.39,181,10.0,5996.55,4186.55
2025-12-28,P300,Insulated Bottle,Accessories,34.55,0.0,34.55,33.96,1395.52,177,10.0,6115.02,4345.02
2025-12-29,P300,Insulated Bottle,Accessories,33.04,0.2,26.43,34.64,1550.25,269,10.0,7110.78,4420.78
2025-12-30,P300,Insulated Bottle,Accessories,33.76,0.15,28.69,34.7,1713.89,262,10.0,7517.67,4897.67
2025-12-31,P300,Insulated Bottle,Accessories,34.29,0.15,29.14,34.91,1583.56,273,10.0,7956.26,5226.26
2026-01-01,P300,Insulated Bottle,Accessories,33.78,0.0,33.78,33.04,946.28,135,10.0,4560.55,3210.55
2026-01-02,P300,Insulated Bottle,Accessories,32.7,0.15,27.79,35.55,1038.73,177,10.0,4919.04,3149.04
2026-01-03,P300,Insulated Bottle,Accessories,33.09,0.15,28.12,36.69,989.22,216,10.0,6074.85,3914.85
2026-01-04,P300,Insulated Bottle,Accessories,32.8,0.0,32.8,34.68,1074.67,166,10.0,5444.3,3784.3
2026-01-05,P300,Insulated Bottle,Accessories,33.73,0.0,33.73,34.07,859.51,136,10.0,4587.89,3227.89
2026-01-06,P300,Insulated Bottle,Accessories,33.36,0.0,33.36,33.31,898.23,111,10.0,3703.28,2593.28
2026-01-07,P300,Insulated Bottle,Accessories,32.07,0.2,25.66,33.85,969.13,240,10.0,6158.14,3758.14
2026-01-08,P300,Insulated Bottle,Accessories,34.34,0.0,34.34,34.61,1483.33,123,10.0,4223.29,2993.29
2026-01-09,P300,Insulated Bottle,Accessories,33.52,0.0,33.52,34.96,1344.13,169,10.0,5664.67,3974.67
2026-01-10,P300,Insulated Bottle,Accessories,33.81,0.15,28.74,35.0,1014.97,227,10.0,6522.92,4252.92
2026-01-11,P300,Insulated Bottle,Accessories,32.38,0.1,29.14,33.71,1423.81,224,10.0,6528.29,4288.29
2026-01-12,P300,Insulated Bottle,Accessories,33.51,0.2,26.81,34.93,1362.1,232,10.0,6219.0,3899.0
2026-01-13,P300,Insulated Bottle,Accessories,33.67,0.05,31.99,35.45,1277.28,151,10.0,4830.53,3320.53
2026-01-14,P300,Insulated Bottle,Accessories,34.13,0.15,29.01,34.61,1474.32,199,10.0,5772.65,3782.65
2026-01-15,P300,Insulated Bottle,Accessories,32.63,0.0,32.63,34.83,1286.05,165,10.0,5383.81,3733.81
2026-01-16,P300,Insulated Bottle,Accessories,33.59,0.0,33.59,35.09,1410.83,151,10.0,5072.4,3562.4
2026-01-17,P300,Insulated Bottle,Accessories,32.77,0.2,26.21,34.6,1264.33,281,10.0,7366.15,4556.15
2026-01-18,P300,Insulated Bottle,Accessories,32.53,0.0,32.53,34.76,1762.68,160,10.0,5204.23,3604.23
2026-01-19,P300,Insulated Bottle,Accessories,32.8,0.15,27.88,35.04,1014.09,237,10.0,6606.85,4236.85
2026-01-20,P300,Insulated Bottle,Accessories,33.69,0.0,33.69,34.65,1124.86,132,10.0,4447.38,3127.38
2026-01-21,P300,Insulated Bottle,Accessories,33.24,0.0,33.24,33.82,1779.92,145,10.0,4820.36,3370.36
2026-01-22,P300,Insulated Bottle,Accessories,32.45,0.1,29.2,34.34,906.12,172,10.0,5022.91,3302.91
2026-01-23,P300,Insulated Bottle,Accessories,33.89,0.1,30.5,35.78,1663.41,208,10.0,6343.74,4263.74
2026-01-24,P300,Insulated Bottle,Accessories,33.71,0.2,26.96,34.47,1494.35,289,10.0,7792.71,4902.71
2026-01-25,P300,Insulated Bottle,Accessories,32.49,0.15,27.62,34.78,1825.1,252,10.0,6959.73,4439.73
2026-01-26,P300,Insulated Bottle,Accessories,32.74,0.0,32.74,33.57,825.95,149,10.0,4878.17,3388.17
2026-01-27,P300,Insulated Bottle,Accessories,32.64,0.1,29.38,34.1,1080.35,209,10.0,6139.84,4049.84
2026-01-28,P300,Insulated Bottle,Accessories,33.43,0.05,31.76,33.05,1175.11,159,10.0,5049.08,3459.08
2026-01-29,P300,Insulated Bottle,Accessories,33.01,0.0,33.01,34.11,1376.21,149,10.0,4918.15,3428.15
2026-01-30,P300,Insulated Bottle,Accessories,32.86,0.1,29.57,33.14,2219.39,190,10.0,5618.25,3718.25
2026-01-31,P300,Insulated Bottle,Accessories,32.99,0.05,31.35,34.43,1152.12,177,10.0,5548.1,3778.1
2026-02-01,P300,Insulated Bottle,Accessories,32.86,0.0,32.86,34.28,706.28,175,10.0,5750.15,4000.15
2026-02-02,P300,Insulated Bottle,Accessories,33.34,0.0,33.34,34.42,674.81,123,10.0,4100.46,2870.46
2026-02-03,P300,Insulated Bottle,Accessories,33.69,0.2,26.96,34.48,1674.56,283,10.0,7628.33,4798.33
2026-02-04,P300,Insulated Bottle,Accessories,33.47,0.2,26.78,34.26,994.9,269,10.0,7203.0,4513.0
2026-02-05,P300,Insulated Bottle,Accessories,32.16,0.2,25.73,32.69,1651.26,268,10.0,6894.31,4214.31
2026-02-06,P300,Insulated Bottle,Accessories,32.89,0.0,32.89,33.73,894.74,129,10.0,4242.36,2952.36
2026-02-07,P300,Insulated Bottle,Accessories,32.44,0.1,29.2,33.28,910.73,217,10.0,6335.62,4165.62
2026-02-08,P300,Insulated Bottle,Accessories,33.22,0.1,29.9,32.58,1193.21,234,10.0,6996.32,4656.32
2026-02-09,P300,Insulated Bottle,Accessories,32.21,0.0,32.21,33.74,1693.44,155,10.0,4993.06,3443.06
2026-02-10,P300,Insulated Bottle,Accessories,32.55,0.15,27.67,33.67,1329.29,224,10.0,6197.05,3957.05
2026-02-11,P300,Insulated Bottle,Accessories,32.0,0.05,30.4,34.49,924.09,167,10.0,5077.28,3407.28
2026-02-12,P300,Insulated Bottle,Accessories,32.67,0.0,32.67,32.57,627.95,126,10.0,4116.7,2856.7
2026-02-13,P300,Insulated Bottle,Accessories,32.59,0.0,32.59,33.67,1718.63,161,10.0,5247.39,3637.39
2026-02-14,P300,Insulated Bottle,Accessories,32.73,0.1,29.46,31.93,1557.65,210,10.0,6186.82,4086.82
2026-02-15,P300,Insulated Bottle,Accessories,33.07,0.15,28.11,32.76,265.07,201,10.0,5650.7,3640.7
2026-02-16,P300,Insulated Bottle,Accessories,33.11,0.2,26.49,33.46,862.37,220,10.0,5828.24,3628.24
2026-02-17,P300,Insulated Bottle,Accessories,32.6,0.05,30.97,33.85,1151.89,158,10.0,4893.94,3313.94
2026-02-18,P300,Insulated Bottle,Accessories,32.36,0.15,27.51,33.6,1315.34,236,10.0,6491.9,4131.9
2026-02-19,P300,Insulated Bottle,Accessories,32.94,0.0,32.94,32.47,1037.06,132,10.0,4348.41,3028.41
2026-02-20,P300,Insulated Bottle,Accessories,34.1,0.2,27.28,32.18,1149.17,237,10.0,6465.88,4095.88
2026-02-21,P300,Insulated Bottle,Accessories,32.66,0.15,27.76,33.04,1215.57,265,10.0,7356.82,4706.82
2026-02-22,P300,Insulated Bottle,Accessories,33.96,0.05,32.26,34.47,1250.8,173,10.0,5581.78,3851.78
2026-02-23,P300,Insulated Bottle,Accessories,32.89,0.0,32.89,32.53,1637.17,147,10.0,4835.18,3365.18
2026-02-24,P300,Insulated Bottle,Accessories,32.85,0.15,27.92,32.14,1322.42,185,10.0,5165.08,3315.08
2026-02-25,P300,Insulated Bottle,Accessories,32.53,0.2,26.02,33.44,1976.75,297,10.0,7728.78,4758.78
2026-02-26,P300,Insulated Bottle,Accessories,33.78,0.0,33.78,33.72,1705.02,166,10.0,5607.9,3947.9
2026-02-27,P300,Insulated Bottle,Accessories,32.46,0.0,32.46,33.72,1298.68,152,10.0,4934.02,3414.02
2026-02-28,P300,Insulated Bottle,Accessories,32.77,0.0,32.77,32.62,1883.48,148,10.0,4849.9,3369.9
2026-03-01,P300,Insulated Bottle,Accessories,33.36,0.05,31.69,31.77,1000.92,159,10.0,5038.4,3448.4
2026-03-02,P300,Insulated Bottle,Accessories,33.3,0.0,33.3,32.78,1269.19,122,10.0,4062.12,2842.12
2026-03-03,P300,Insulated Bottle,Accessories,34.39,0.0,34.39,33.49,1105.37,123,10.0,4229.91,2999.91
2026-03-04,P300,Insulated Bottle,Accessories,34.15,0.0,34.15,31.42,1400.31,116,10.0,3961.74,2801.74
2026-03-05,P300,Insulated Bottle,Accessories,32.75,0.0,32.75,32.19,1312.76,113,10.0,3700.93,2570.93
2026-03-06,P300,Insulated Bottle,Accessories,32.82,0.2,26.26,32.93,810.66,293,10.0,7693.97,4763.97
2026-03-07,P300,Insulated Bottle,Accessories,32.67,0.15,27.77,32.49,1270.64,279,10.0,7748.14,4958.14
2026-03-08,P300,Insulated Bottle,Accessories,34.57,0.2,27.65,33.61,1691.68,319,10.0,8821.85,5631.85
2026-03-09,P300,Insulated Bottle,Accessories,33.23,0.0,33.23,33.64,1351.84,148,10.0,4917.61,3437.61
2026-03-10,P300,Insulated Bottle,Accessories,31.98,0.05,30.38,33.19,744.25,148,10.0,4496.47,3016.47
2026-03-11,P300,Insulated Bottle,Accessories,33.23,0.1,29.91,32.93,1349.84,193,10.0,5772.85,3842.85
2026-03-12,P300,Insulated Bottle,Accessories,32.59,0.0,32.59,33.68,1267.88,155,10.0,5050.69,3500.69
2026-03-13,P300,Insulated Bottle,Accessories,32.43,0.2,25.94,33.84,1649.26,265,10.0,6874.88,4224.88
2026-03-14,P300,Insulated Bottle,Accessories,32.85,0.1,29.57,32.05,1063.69,182,10.0,5380.85,3560.85
2026-03-15,P300,Insulated Bottle,Accessories,33.12,0.1,29.81,32.22,1267.38,203,10.0,6051.6,4021.6
2026-03-16,P300,Insulated Bottle,Accessories,33.88,0.05,32.18,32.35,1092.92,142,10.0,4570.11,3150.11
2026-03-17,P300,Insulated Bottle,Accessories,32.56,0.15,27.68,32.75,1319.73,259,10.0,7168.24,4578.24
2026-03-18,P300,Insulated Bottle,Accessories,34.1,0.2,27.28,31.45,1533.22,248,10.0,6764.94,4284.94
2026-03-19,P300,Insulated Bottle,Accessories,33.03,0.05,31.37,31.38,1826.55,174,10.0,5459.14,3719.14
2026-03-20,P300,Insulated Bottle,Accessories,32.81,0.0,32.81,32.34,686.87,135,10.0,4428.68,3078.68
2026-03-21,P300,Insulated Bottle,Accessories,33.07,0.2,26.45,33.49,1759.65,302,10.0,7988.76,4968.76
2026-03-22,P300,Insulated Bottle,Accessories,33.2,0.2,26.56,33.2,1292.93,263,10.0,6985.66,4355.66
2026-03-23,P300,Insulated Bottle,Accessories,33.02,0.2,26.41,33.03,1303.36,271,10.0,7158.13,4448.13
2026-03-24,P300,Insulated Bottle,Accessories,32.51,0.2,26.01,33.38,1301.23,347,10.0,9025.25,5555.25
2026-03-25,P300,Insulated Bottle,Accessories,33.24,0.0,33.24,35.22,1369.87,149,10.0,4952.21,3462.21
2026-03-26,P300,Insulated Bottle,Accessories,32.9,0.0,32.9,34.11,882.72,151,10.0,4967.69,3457.69
2026-03-27,P300,Insulated Bottle,Accessories,33.24,0.2,26.59,31.6,1783.53,256,10.0,6808.0,4248.0
2026-03-28,P300,Insulated Bottle,Accessories,32.82,0.0,32.82,33.87,1118.51,167,10.0,5480.62,3810.62
2026-03-29,P300,Insulated Bottle,Accessories,34.11,0.0,34.11,30.94,1550.33,144,10.0,4911.37,3471.37
2026-03-30,P300,Insulated Bottle,Accessories,33.42,0.05,31.75,32.72,720.39,159,10.0,5048.21,3458.21
2026-03-31,P300,Insulated Bottle,Accessories,32.82,0.1,29.54,32.95,1686.65,187,10.0,5523.23,3653.23
2026-04-01,P300,Insulated Bottle,Accessories,34.57,0.0,34.57,33.62,1145.41,120,10.0,4148.64,2948.64
2026-04-02,P300,Insulated Bottle,Accessories,32.83,0.0,32.83,32.19,1731.77,140,10.0,4596.36,3196.36
2026-04-03,P300,Insulated Bottle,Accessories,33.19,0.05,31.54,33.02,1053.02,163,10.0,5140.23,3510.23
2026-04-04,P300,Insulated Bottle,Accessories,34.38,0.1,30.94,32.93,1373.85,170,10.0,5260.3,3560.3
2026-04-05,P300,Insulated Bottle,Accessories,34.05,0.15,28.94,32.97,1621.44,253,10.0,7322.26,4792.26
2026-04-06,P300,Insulated Bottle,Accessories,33.72,0.2,26.97,32.59,1388.98,247,10.0,6662.58,4192.58
2026-04-07,P300,Insulated Bottle,Accessories,34.16,0.0,34.16,32.53,1893.12,167,10.0,5703.99,4033.99
2026-04-08,P300,Insulated Bottle,Accessories,34.44,0.0,34.44,31.55,788.3,121,10.0,4167.23,2957.23
2026-04-09,P300,Insulated Bottle,Accessories,33.96,0.15,28.87,32.7,708.83,227,10.0,6553.04,4283.04
2026-04-10,P300,Insulated Bottle,Accessories,35.29,0.0,35.29,33.8,1381.4,120,10.0,4234.52,3034.52
2026-04-11,P300,Insulated Bottle,Accessories,34.05,0.05,32.34,34.68,1173.28,171,10.0,5530.74,3820.74
2026-04-12,P300,Insulated Bottle,Accessories,34.71,0.2,27.77,32.18,1205.87,247,10.0,6858.94,4388.94
2026-04-13,P300,Insulated Bottle,Accessories,34.11,0.0,34.11,33.85,1010.55,150,10.0,5116.25,3616.25
2026-04-14,P300,Insulated Bottle,Accessories,34.16,0.05,32.45,33.19,1265.11,165,10.0,5354.58,3704.58
2026-04-15,P300,Insulated Bottle,Accessories,33.92,0.1,30.53,31.41,1213.41,173,10.0,5281.89,3551.89
2026-04-16,P300,Insulated Bottle,Accessories,33.19,0.15,28.21,31.2,1174.83,219,10.0,6177.8,3987.8
2026-04-17,P300,Insulated Bottle,Accessories,34.25,0.0,34.25,32.62,1269.21,124,10.0,4247.36,3007.36
2026-04-18,P300,Insulated Bottle,Accessories,34.23,0.0,34.23,32.22,1396.37,150,10.0,5134.77,3634.77
2026-04-19,P300,Insulated Bottle,Accessories,34.15,0.1,30.74,35.06,1249.35,202,10.0,6209.37,4189.37
2026-04-20,P300,Insulated Bottle,Accessories,34.03,0.0,34.03,33.6,1052.95,129,10.0,4389.8,3099.8
2026-04-21,P300,Insulated Bottle,Accessories,33.99,0.1,30.59,32.2,669.61,165,10.0,5047.47,3397.47
2026-04-22,P300,Insulated Bottle,Accessories,34.88,0.0,34.88,34.38,1570.34,142,10.0,4953.59,3533.59
2026-04-23,P300,Insulated Bottle,Accessories,35.53,0.05,33.76,32.99,1322.71,144,10.0,4860.88,3420.88
2026-04-24,P300,Insulated Bottle,Accessories,35.36,0.0,35.36,32.54,1511.56,117,10.0,4136.62,2966.62
2026-04-25,P300,Insulated Bottle,Accessories,34.77,0.05,33.03,33.47,1231.82,175,10.0,5780.08,4030.08
2026-04-26,P300,Insulated Bottle,Accessories,33.56,0.0,33.56,32.74,2330.41,165,10.0,5537.42,3887.42
2026-04-27,P300,Insulated Bottle,Accessories,34.14,0.15,29.01,31.99,1769.95,206,10.0,5977.04,3917.04
2026-04-28,P300,Insulated Bottle,Accessories,34.04,0.05,32.34,33.74,1528.22,162,10.0,5239.48,3619.48
2026-04-29,P300,Insulated Bottle,Accessories,34.66,0.05,32.92,33.4,1421.1,159,10.0,5234.64,3644.64
2026-04-30,P300,Insulated Bottle,Accessories,35.26,0.15,29.97,32.54,1248.05,208,10.0,6233.19,4153.19
2026-05-01,P300,Insulated Bottle,Accessories,33.52,0.0,33.52,31.74,1630.58,159,10.0,5329.72,3739.72
2026-05-02,P300,Insulated Bottle,Accessories,33.87,0.0,33.87,32.94,1206.1,153,10.0,5181.59,3651.59
2026-05-03,P300,Insulated Bottle,Accessories,33.88,0.05,32.18,32.37,1191.55,167,10.0,5374.51,3704.51
2026-05-04,P300,Insulated Bottle,Accessories,34.01,0.0,34.01,32.98,1148.15,137,10.0,4658.7,3288.7
2026-05-05,P300,Insulated Bottle,Accessories,34.64,0.05,32.91,34.07,963.97,132,10.0,4344.0,3024.0
2026-05-06,P300,Insulated Bottle,Accessories,34.56,0.1,31.1,32.33,800.41,170,10.0,5287.03,3587.03
2026-05-07,P300,Insulated Bottle,Accessories,34.31,0.1,30.88,32.18,1647.52,169,10.0,5218.0,3528.0
2026-05-08,P300,Insulated Bottle,Accessories,35.5,0.2,28.4,33.7,1223.86,180,10.0,5111.72,3311.72
2026-05-09,P300,Insulated Bottle,Accessories,34.12,0.1,30.71,33.37,1431.3,170,10.0,5220.72,3520.72
2026-05-10,P300,Insulated Bottle,Accessories,34.81,0.1,31.33,33.7,1293.02,205,10.0,6422.13,4372.13
2026-05-11,P300,Insulated Bottle,Accessories,35.52,0.05,33.74,33.92,1609.74,143,10.0,4824.91,3394.91
2026-05-12,P300,Insulated Bottle,Accessories,36.61,0.0,36.61,33.12,1624.49,126,10.0,4613.25,3353.25
2026-05-13,P300,Insulated Bottle,Accessories,35.2,0.05,33.44,34.17,549.92,162,10.0,5418.02,3798.02
2026-05-14,P300,Insulated Bottle,Accessories,34.8,0.0,34.8,31.9,1392.36,119,10.0,4141.47,2951.47
2026-05-15,P300,Insulated Bottle,Accessories,35.3,0.0,35.3,33.93,1431.78,116,10.0,4094.45,2934.45
2026-05-16,P300,Insulated Bottle,Accessories,34.93,0.0,34.93,34.11,1656.15,148,10.0,5169.81,3689.81
2026-05-17,P300,Insulated Bottle,Accessories,34.2,0.1,30.78,33.81,2239.99,243,10.0,7480.28,5050.28
2026-05-18,P300,Insulated Bottle,Accessories,33.18,0.1,29.86,34.55,1234.36,185,10.0,5524.77,3674.77
2026-05-19,P300,Insulated Bottle,Accessories,34.86,0.2,27.88,34.26,886.55,258,10.0,7194.22,4614.22
2026-05-20,P300,Insulated Bottle,Accessories,35.0,0.0,35.0,34.78,743.75,119,10.0,4165.13,2975.13
2026-05-21,P300,Insulated Bottle,Accessories,34.7,0.05,32.97,35.68,1053.39,126,10.0,4153.7,2893.7
2026-05-22,P300,Insulated Bottle,Accessories,34.71,0.0,34.71,34.56,2119.55,157,10.0,5449.38,3879.38
2026-05-23,P300,Insulated Bottle,Accessories,35.19,0.05,33.43,33.17,1884.65,158,10.0,5282.69,3702.69
2026-05-24,P300,Insulated Bottle,Accessories,34.69,0.0,34.69,32.89,1132.59,135,10.0,4683.12,3333.12
2026-05-25,P300,Insulated Bottle,Accessories,35.55,0.2,28.44,33.66,843.71,188,10.0,5347.03,3467.03
2026-05-26,P300,Insulated Bottle,Accessories,35.24,0.05,33.48,33.56,1131.72,147,10.0,4921.93,3451.93
2026-05-27,P300,Insulated Bottle,Accessories,35.98,0.0,35.98,33.4,1332.01,129,10.0,4641.19,3351.19
2026-05-28,P300,Insulated Bottle,Accessories,34.66,0.15,29.46,34.06,827.93,199,10.0,5863.09,3873.09
2026-05-29,P300,Insulated Bottle,Accessories,35.17,0.15,29.89,34.6,872.72,193,10.0,5768.89,3838.89
2026-05-30,P300,Insulated Bottle,Accessories,36.0,0.05,34.2,34.48,1760.85,142,10.0,4856.4,3436.4
2026-05-31,P300,Insulated Bottle,Accessories,35.44,0.0,35.44,33.79,1402.2,126,10.0,4465.16,3205.16
2026-06-01,P300,Insulated Bottle,Accessories,34.12,0.05,32.41,34.85,1403.68,163,10.0,5283.43,3653.43
2026-06-02,P300,Insulated Bottle,Accessories,35.31,0.05,33.54,34.62,1490.62,143,10.0,4796.37,3366.37
2026-06-03,P300,Insulated Bottle,Accessories,35.23,0.2,28.18,34.43,1315.32,231,10.0,6510.42,4200.42
2026-06-04,P300,Insulated Bottle,Accessories,35.05,0.2,28.04,33.98,1375.12,220,10.0,6168.7,3968.7
2026-06-05,P300,Insulated Bottle,Accessories,35.1,0.2,28.08,34.47,1510.31,229,10.0,6429.74,4139.74
2026-06-06,P300,Insulated Bottle,Accessories,33.96,0.0,33.96,34.92,1343.27,137,10.0,4652.38,3282.38
2026-06-07,P300,Insulated Bottle,Accessories,35.66,0.0,35.66,35.34,1279.35,110,10.0,3922.9,2822.9
2026-06-08,P300,Insulated Bottle,Accessories,35.3,0.2,28.24,34.14,1099.53,208,10.0,5873.78,3793.78
2026-06-09,P300,Insulated Bottle,Accessories,35.11,0.05,33.36,32.94,1757.94,141,10.0,4703.22,3293.22
2026-06-10,P300,Insulated Bottle,Accessories,34.74,0.05,33.0,33.6,1577.46,131,10.0,4323.45,3013.45
2026-06-11,P300,Insulated Bottle,Accessories,35.27,0.05,33.5,34.15,902.72,130,10.0,4355.63,3055.63
2026-06-12,P300,Insulated Bottle,Accessories,35.19,0.15,29.91,34.83,1017.19,189,10.0,5653.07,3763.07
2026-06-13,P300,Insulated Bottle,Accessories,35.72,0.15,30.36,34.66,957.72,183,10.0,5556.75,3726.75
2026-06-14,P300,Insulated Bottle,Accessories,35.33,0.0,35.33,34.23,861.95,146,10.0,5158.84,3698.84
2026-06-15,P300,Insulated Bottle,Accessories,35.73,0.0,35.73,33.48,1513.64,115,10.0,4109.22,2959.22
2026-06-16,P300,Insulated Bottle,Accessories,36.08,0.15,30.67,35.29,1407.81,170,10.0,5213.73,3513.73
2026-06-17,P300,Insulated Bottle,Accessories,35.46,0.0,35.46,35.91,1451.97,116,10.0,4112.93,2952.93
2026-06-18,P300,Insulated Bottle,Accessories,35.64,0.05,33.86,36.74,1221.66,150,10.0,5078.69,3578.69
2026-06-19,P300,Insulated Bottle,Accessories,34.87,0.2,27.9,33.59,1299.81,225,10.0,6277.36,4027.36
2026-06-20,P300,Insulated Bottle,Accessories,36.23,0.2,28.98,33.38,1198.88,252,10.0,7303.91,4783.91
2026-06-21,P300,Insulated Bottle,Accessories,34.97,0.0,34.97,34.23,964.26,112,10.0,3916.66,2796.66
2026-06-22,P300,Insulated Bottle,Accessories,34.72,0.0,34.72,34.13,1342.49,116,10.0,4027.71,2867.71
2026-06-23,P300,Insulated Bottle,Accessories,34.8,0.1,31.32,34.96,1109.73,151,10.0,4729.45,3219.45
2026-06-24,P300,Insulated Bottle,Accessories,35.13,0.1,31.62,35.94,1346.25,159,10.0,5027.67,3437.67
2026-06-25,P300,Insulated Bottle,Accessories,34.99,0.05,33.24,34.94,1155.87,130,10.0,4321.55,3021.55
2026-06-26,P300,Insulated Bottle,Accessories,34.59,0.15,29.4,34.74,1657.28,221,10.0,6498.25,4288.25
2026-06-27,P300,Insulated Bottle,Accessories,34.47,0.0,34.47,34.71,1591.44,143,10.0,4929.17,3499.17
2026-06-28,P300,Insulated Bottle,Accessories,35.08,0.1,31.57,35.61,1085.29,203,10.0,6408.82,4378.82
2026-06-29,P300,Insulated Bottle,Accessories,35.0,0.0,35.0,34.99,1743.49,121,10.0,4235.44,3025.44
2026-06-30,P300,Insulated Bottle,Accessories,35.57,0.05,33.79,34.68,1024.36,141,10.0,4764.37,3354.37
2025-01-01,P301,Everyday Backpack,Accessories,80.71,0.0,80.71,85.31,985.51,62,31.0,5004.02,3082.02
2025-01-02,P301,Everyday Backpack,Accessories,81.27,0.0,81.27,85.38,1979.61,64,31.0,5201.12,3217.12
2025-01-03,P301,Everyday Backpack,Accessories,82.94,0.0,82.94,84.79,1240.53,57,31.0,4727.75,2960.75
2025-01-04,P301,Everyday Backpack,Accessories,82.73,0.0,82.73,84.22,974.27,72,31.0,5956.35,3724.35
2025-01-05,P301,Everyday Backpack,Accessories,82.46,0.05,78.33,87.63,639.01,83,31.0,6501.64,3928.64
2025-01-06,P301,Everyday Backpack,Accessories,81.09,0.0,81.09,85.39,1088.3,58,31.0,4703.08,2905.08
2025-01-07,P301,Everyday Backpack,Accessories,84.4,0.2,67.52,84.57,1420.77,96,31.0,6482.12,3506.12
2025-01-08,P301,Everyday Backpack,Accessories,85.09,0.05,80.84,80.76,1435.76,61,31.0,4931.2,3040.2
2025-01-09,P301,Everyday Backpack,Accessories,79.14,0.0,79.14,88.95,1063.82,72,31.0,5697.96,3465.96
2025-01-10,P301,Everyday Backpack,Accessories,84.46,0.0,84.46,85.2,1343.36,52,31.0,4391.95,2779.95
2025-01-11,P301,Everyday Backpack,Accessories,81.71,0.0,81.71,85.41,1432.24,72,31.0,5883.06,3651.06
2025-01-12,P301,Everyday Backpack,Accessories,86.08,0.05,81.77,84.47,1877.95,76,31.0,6214.7,3858.7
2025-01-13,P301,Everyday Backpack,Accessories,85.42,0.15,72.6,85.79,1158.27,85,31.0,6171.25,3536.25
2025-01-14,P301,Everyday Backpack,Accessories,84.79,0.2,67.83,86.25,1739.34,94,31.0,6376.36,3462.36
2025-01-15,P301,Everyday Backpack,Accessories,81.85,0.2,65.48,85.45,1233.09,92,31.0,6023.84,3171.84
2025-01-16,P301,Everyday Backpack,Accessories,84.9,0.15,72.17,84.85,1813.39,88,31.0,6350.6,3622.6
2025-01-17,P301,Everyday Backpack,Accessories,84.16,0.15,71.54,83.96,1432.19,103,31.0,7368.19,4175.19
2025-01-18,P301,Everyday Backpack,Accessories,83.64,0.0,83.64,87.55,1549.58,74,31.0,6189.66,3895.66
2025-01-19,P301,Everyday Backpack,Accessories,83.62,0.0,83.62,87.32,813.22,70,31.0,5853.19,3683.19
2025-01-20,P301,Everyday Backpack,Accessories,83.14,0.1,74.82,85.0,1766.55,76,31.0,5686.65,3330.65
2025-01-21,P301,Everyday Backpack,Accessories,81.42,0.15,69.21,82.94,605.94,93,31.0,6436.11,3553.11
2025-01-22,P301,Everyday Backpack,Accessories,83.78,0.2,67.02,86.87,1140.73,88,31.0,5897.91,3169.91
2025-01-23,P301,Everyday Backpack,Accessories,81.86,0.1,73.67,83.34,1410.54,77,31.0,5672.72,3285.72
2025-01-24,P301,Everyday Backpack,Accessories,83.94,0.05,79.75,86.31,1439.25,75,31.0,5981.04,3656.04
2025-01-25,P301,Everyday Backpack,Accessories,83.23,0.0,83.23,86.52,425.6,71,31.0,5909.06,3708.06
2025-01-26,P301,Everyday Backpack,Accessories,84.02,0.0,84.02,87.23,836.74,67,31.0,5629.09,3552.09
2025-01-27,P301,Everyday Backpack,Accessories,82.24,0.0,82.24,83.24,965.68,66,31.0,5428.09,3382.09
2025-01-28,P301,Everyday Backpack,Accessories,82.98,0.0,82.98,84.25,1626.42,72,31.0,5974.88,3742.88
2025-01-29,P301,Everyday Backpack,Accessories,85.04,0.0,85.04,85.72,1226.35,59,31.0,5017.14,3188.14
2025-01-30,P301,Everyday Backpack,Accessories,84.27,0.0,84.27,85.14,1144.1,67,31.0,5646.34,3569.34
2025-01-31,P301,Everyday Backpack,Accessories,85.83,0.0,85.83,89.93,1046.01,54,31.0,4634.75,2960.75
2025-02-01,P301,Everyday Backpack,Accessories,85.19,0.1,76.67,84.7,1201.47,73,31.0,5596.84,3333.84
2025-02-02,P301,Everyday Backpack,Accessories,82.86,0.1,74.57,85.42,1157.96,90,31.0,6711.41,3921.41
2025-02-03,P301,Everyday Backpack,Accessories,86.06,0.15,73.15,87.73,716.02,90,31.0,6583.85,3793.85
2025-02-04,P301,Everyday Backpack,Accessories,84.45,0.0,84.45,88.01,1291.83,67,31.0,5657.91,3580.91
2025-02-05,P301,Everyday Backpack,Accessories,83.31,0.15,70.81,86.02,1726.22,89,31.0,6302.14,3543.14
2025-02-06,P301,Everyday Backpack,Accessories,82.85,0.0,82.85,84.09,679.8,61,31.0,5053.98,3162.98
2025-02-07,P301,Everyday Backpack,Accessories,86.55,0.0,86.55,86.35,1364.29,52,31.0,4500.77,2888.77
2025-02-08,P301,Everyday Backpack,Accessories,85.1,0.0,85.1,85.08,1364.82,72,31.0,6127.4,3895.4
2025-02-09,P301,Everyday Backpack,Accessories,82.93,0.05,78.78,87.14,1730.97,83,31.0,6539.15,3966.15
2025-02-10,P301,Everyday Backpack,Accessories,83.25,0.1,74.93,88.23,858.53,86,31.0,6443.71,3777.71
2025-02-11,P301,Everyday Backpack,Accessories,83.57,0.0,83.57,86.98,1096.84,63,31.0,5264.75,3311.75
2025-02-12,P301,Everyday Backpack,Accessories,86.85,0.1,78.17,87.49,1923.28,88,31.0,6878.52,4150.52
2025-02-13,P301,Everyday Backpack,Accessories,82.67,0.2,66.14,83.87,1029.41,103,31.0,6811.93,3618.93
2025-02-14,P301,Everyday Backpack,Accessories,85.0,0.0,85.0,84.72,1007.87,62,31.0,5269.82,3347.82
2025-02-15,P301,Everyday Backpack,Accessories,87.62,0.0,87.62,84.6,948.3,60,31.0,5257.25,3397.25
2025-02-16,P301,Everyday Backpack,Accessories,85.66,0.0,85.66,84.67,1169.39,65,31.0,5567.61,3552.61
2025-02-17,P301,Everyday Backpack,Accessories,85.18,0.0,85.18,92.01,1498.31,69,31.0,5877.29,3738.29
2025-02-18,P301,Everyday Backpack,Accessories,83.78,0.05,79.59,88.01,1544.57,74,31.0,5889.86,3595.86
2025-02-19,P301,Everyday Backpack,Accessories,86.57,0.15,73.59,86.54,1578.91,94,31.0,6917.27,4003.27
2025-02-20,P301,Everyday Backpack,Accessories,84.54,0.05,80.31,86.2,1603.14,72,31.0,5782.52,3550.52
2025-02-21,P301,Everyday Backpack,Accessories,85.47,0.05,81.19,84.27,1580.82,75,31.0,6089.46,3764.46
2025-02-22,P301,Everyday Backpack,Accessories,83.06,0.1,74.75,88.38,846.75,83,31.0,6204.32,3631.32
2025-02-23,P301,Everyday Backpack,Accessories,84.74,0.15,72.03,90.84,1057.87,109,31.0,7851.16,4472.16
2025-02-24,P301,Everyday Backpack,Accessories,85.24,0.1,76.71,86.78,1138.78,79,31.0,6060.29,3611.29
2025-02-25,P301,Everyday Backpack,Accessories,82.41,0.15,70.05,86.38,1623.67,99,31.0,6934.61,3865.61
2025-02-26,P301,Everyday Backpack,Accessories,86.47,0.05,82.15,86.29,1073.95,68,31.0,5586.28,3478.28
2025-02-27,P301,Everyday Backpack,Accessories,82.7,0.05,78.56,85.84,1352.56,90,31.0,7070.7,4280.7
2025-02-28,P301,Everyday Backpack,Accessories,85.65,0.0,85.65,83.42,1225.64,69,31.0,5909.84,3770.84
2025-03-01,P301,Everyday Backpack,Accessories,84.54,0.2,67.63,87.45,1234.79,124,31.0,8386.72,4542.72
2025-03-02,P301,Everyday Backpack,Accessories,82.51,0.2,66.01,84.04,1585.74,117,31.0,7722.82,4095.82
2025-03-03,P301,Everyday Backpack,Accessories,84.69,0.2,67.75,85.79,1392.02,110,31.0,7452.75,4042.75
2025-03-04,P301,Everyday Backpack,Accessories,86.42,0.05,82.1,86.94,1916.92,77,31.0,6321.36,3934.36
2025-03-05,P301,Everyday Backpack,Accessories,86.44,0.2,69.15,87.11,1102.29,103,31.0,7122.27,3929.27
2025-03-06,P301,Everyday Backpack,Accessories,85.58,0.1,77.02,87.04,1611.53,85,31.0,6546.6,3911.6
2025-03-07,P301,Everyday Backpack,Accessories,80.48,0.0,80.48,89.6,1192.87,68,31.0,5472.32,3364.32
2025-03-08,P301,Everyday Backpack,Accessories,83.15,0.05,78.99,84.97,1034.68,77,31.0,6082.13,3695.13
2025-03-09,P301,Everyday Backpack,Accessories,85.57,0.0,85.57,90.24,1595.41,85,31.0,7273.42,4638.42
2025-03-10,P301,Everyday Backpack,Accessories,84.21,0.0,84.21,85.77,1337.68,71,31.0,5979.0,3778.0
2025-03-11,P301,Everyday Backpack,Accessories,83.77,0.0,83.77,85.12,1607.64,76,31.0,6366.77,4010.77
2025-03-12,P301,Everyday Backpack,Accessories,84.82,0.15,72.1,85.35,781.12,91,31.0,6561.04,3740.04
2025-03-13,P301,Everyday Backpack,Accessories,85.07,0.0,85.07,85.35,1387.02,70,31.0,5955.24,3785.24
2025-03-14,P301,Everyday Backpack,Accessories,85.05,0.0,85.05,85.34,1447.54,78,31.0,6633.86,4215.86
2025-03-15,P301,Everyday Backpack,Accessories,84.24,0.0,84.24,86.94,1616.13,76,31.0,6402.21,4046.21
2025-03-16,P301,Everyday Backpack,Accessories,86.3,0.05,81.99,88.59,1465.04,103,31.0,8444.92,5251.92
2025-03-17,P301,Everyday Backpack,Accessories,83.67,0.0,83.67,90.06,1576.59,82,31.0,6860.8,4318.8
2025-03-18,P301,Everyday Backpack,Accessories,84.07,0.05,79.87,88.58,908.55,75,31.0,5989.91,3664.91
2025-03-19,P301,Everyday Backpack,Accessories,81.34,0.05,77.28,85.23,1006.24,76,31.0,5873.03,3517.03
2025-03-20,P301,Everyday Backpack,Accessories,88.78,0.0,88.78,82.59,1500.07,67,31.0,5948.32,3871.32
2025-03-21,P301,Everyday Backpack,Accessories,83.93,0.0,83.93,85.84,1399.35,61,31.0,5119.5,3228.5
2025-03-22,P301,Everyday Backpack,Accessories,82.86,0.05,78.72,85.62,1044.92,78,31.0,6139.95,3721.95
2025-03-23,P301,Everyday Backpack,Accessories,84.21,0.0,84.21,87.17,1272.47,88,31.0,7410.13,4682.13
2025-03-24,P301,Everyday Backpack,Accessories,83.27,0.05,79.1,84.57,1511.67,72,31.0,5695.37,3463.37
2025-03-25,P301,Everyday Backpack,Accessories,87.09,0.1,78.38,81.76,1917.57,83,31.0,6505.63,3932.63
2025-03-26,P301,Everyday Backpack,Accessories,85.01,0.2,68.01,86.92,1037.19,111,31.0,7549.02,4108.02
2025-03-27,P301,Everyday Backpack,Accessories,86.9,0.0,86.9,83.28,2062.63,70,31.0,6083.12,3913.12
2025-03-28,P301,Everyday Backpack,Accessories,83.45,0.0,83.45,84.57,596.1,63,31.0,5257.58,3304.58
2025-03-29,P301,Everyday Backpack,Accessories,83.65,0.0,83.65,82.76,1569.22,74,31.0,6190.18,3896.18
2025-03-30,P301,Everyday Backpack,Accessories,83.05,0.05,78.89,85.62,1326.36,80,31.0,6311.45,3831.45
2025-03-31,P301,Everyday Backpack,Accessories,84.11,0.0,84.11,84.71,889.79,64,31.0,5383.2,3399.2
2025-04-01,P301,Everyday Backpack,Accessories,84.72,0.15,72.02,84.27,1543.64,87,31.0,6265.34,3568.34
2025-04-02,P301,Everyday Backpack,Accessories,82.41,0.0,82.41,84.16,1839.12,73,31.0,6015.83,3752.83
2025-04-03,P301,Everyday Backpack,Accessories,83.34,0.2,66.67,84.01,2104.5,108,31.0,7200.76,3852.76
2025-04-04,P301,Everyday Backpack,Accessories,82.19,0.05,78.08,84.18,1210.33,72,31.0,5622.01,3390.01
2025-04-05,P301,Everyday Backpack,Accessories,87.46,0.15,74.34,85.4,1133.72,94,31.0,6988.34,4074.34
2025-04-06,P301,Everyday Backpack,Accessories,85.07,0.0,85.07,80.93,888.57,68,31.0,5784.91,3676.91
2025-04-07,P301,Everyday Backpack,Accessories,85.49,0.0,85.49,85.14,1309.98,75,31.0,6411.52,4086.52
2025-04-08,P301,Everyday Backpack,Accessories,81.09,0.2,64.87,85.72,1228.4,122,31.0,7914.08,4132.08
2025-04-09,P301,Everyday Backpack,Accessories,82.15,0.0,82.15,83.92,939.12,61,31.0,5011.08,3120.08
2025-04-10,P301,Everyday Backpack,Accessories,82.43,0.0,82.43,84.31,1027.51,66,31.0,5440.55,3394.55
2025-04-11,P301,Everyday Backpack,Accessories,80.44,0.2,64.35,86.07,1553.86,116,31.0,7464.47,3868.47
2025-04-12,P301,Everyday Backpack,Accessories,83.51,0.0,83.51,82.19,1884.8,93,31.0,7766.29,4883.29
2025-04-13,P301,Everyday Backpack,Accessories,83.32,0.15,70.82,82.41,849.61,94,31.0,6657.32,3743.32
2025-04-14,P301,Everyday Backpack,Accessories,82.68,0.0,82.68,88.46,1198.78,66,31.0,5456.96,3410.96
2025-04-15,P301,Everyday Backpack,Accessories,81.61,0.1,73.45,85.68,1125.23,74,31.0,5434.96,3140.96
2025-04-16,P301,Everyday Backpack,Accessories,81.19,0.0,81.19,87.08,1547.97,74,31.0,6008.25,3714.25
2025-04-17,P301,Everyday Backpack,Accessories,85.54,0.15,72.71,83.39,1293.67,87,31.0,6325.87,3628.87
2025-04-18,P301,Everyday Backpack,Accessories,82.29,0.0,82.29,80.34,763.46,56,31.0,4608.19,2872.19
2025-04-19,P301,Everyday Backpack,Accessories,84.23,0.05,80.02,87.3,1037.06,98,31.0,7842.21,4804.21
2025-04-20,P301,Everyday Backpack,Accessories,82.02,0.05,77.92,80.0,1762.16,97,31.0,7558.06,4551.06
2025-04-21,P301,Everyday Backpack,Accessories,81.14,0.0,81.14,81.27,1256.61,70,31.0,5680.1,3510.1
2025-04-22,P301,Everyday Backpack,Accessories,81.89,0.0,81.89,79.31,1090.88,71,31.0,5813.93,3612.93
2025-04-23,P301,Everyday Backpack,Accessories,82.02,0.0,82.02,81.05,1080.38,76,31.0,6233.5,3877.5
2025-04-24,P301,Everyday Backpack,Accessories,80.57,0.05,76.54,84.35,1316.94,82,31.0,6276.29,3734.29
2025-04-25,P301,Everyday Backpack,Accessories,81.09,0.0,81.09,82.77,1112.56,71,31.0,5757.57,3556.57
2025-04-26,P301,Everyday Backpack,Accessories,82.77,0.0,82.77,87.15,1400.15,66,31.0,5462.9,3416.9
2025-04-27,P301,Everyday Backpack,Accessories,83.74,0.15,71.17,86.74,1829.53,105,31.0,7473.36,4218.36
2025-04-28,P301,Everyday Backpack,Accessories,83.01,0.15,70.56,81.31,1300.97,99,31.0,6985.0,3916.0
2025-04-29,P301,Everyday Backpack,Accessories,83.51,0.05,79.33,82.6,2194.03,77,31.0,6108.48,3721.48
2025-04-30,P301,Everyday Backpack,Accessories,79.41,0.0,79.41,79.46,1830.64,72,31.0,5717.79,3485.79
2025-05-01,P301,Everyday Backpack,Accessories,81.94,0.05,77.85,81.34,1016.65,78,31.0,6072.02,3654.02
2025-05-02,P301,Everyday Backpack,Accessories,81.49,0.05,77.41,83.08,1422.2,75,31.0,5806.02,3481.02
2025-05-03,P301,Everyday Backpack,Accessories,79.4,0.0,79.4,88.31,1832.14,96,31.0,7622.58,4646.58
2025-05-04,P301,Everyday Backpack,Accessories,80.48,0.0,80.48,82.04,1006.47,67,31.0,5392.34,3315.34
2025-05-05,P301,Everyday Backpack,Accessories,80.53,0.2,64.43,83.66,950.78,105,31.0,6764.8,3509.8
2025-05-06,P301,Everyday Backpack,Accessories,82.43,0.0,82.43,80.68,1328.65,69,31.0,5687.84,3548.84
2025-05-07,P301,Everyday Backpack,Accessories,81.83,0.0,81.83,80.43,1101.65,60,31.0,4909.72,3049.72
2025-05-08,P301,Everyday Backpack,Accessories,78.87,0.0,78.87,81.45,1593.85,64,31.0,5047.84,3063.84
2025-05-09,P301,Everyday Backpack,Accessories,81.51,0.05,77.43,77.84,1202.59,85,31.0,6581.6,3946.6
2025-05-10,P301,Everyday Backpack,Accessories,81.84,0.15,69.57,77.69,1537.0,95,31.0,6608.93,3663.93
2025-05-11,P301,Everyday Backpack,Accessories,81.98,0.0,81.98,81.34,1106.48,73,31.0,5984.35,3721.35
2025-05-12,P301,Everyday Backpack,Accessories,80.05,0.1,72.04,80.91,876.78,88,31.0,6339.79,3611.79
2025-05-13,P301,Everyday Backpack,Accessories,81.07,0.05,77.02,83.32,1236.54,78,31.0,6007.5,3589.5
2025-05-14,P301,Everyday Backpack,Accessories,81.87,0.0,81.87,81.88,1719.47,68,31.0,5567.32,3459.32
2025-05-15,P301,Everyday Backpack,Accessories,82.2,0.05,78.09,82.17,1445.31,85,31.0,6637.77,4002.77
2025-05-16,P301,Everyday Backpack,Accessories,81.67,0.2,65.34,80.15,1069.14,102,31.0,6664.36,3502.36
2025-05-17,P301,Everyday Backpack,Accessories,79.42,0.05,75.45,76.62,742.27,95,31.0,7167.39,4222.39
2025-05-18,P301,Everyday Backpack,Accessories,79.5,0.0,79.5,84.81,1445.14,79,31.0,6280.8,3831.8
2025-05-19,P301,Everyday Backpack,Accessories,78.19,0.0,78.19,84.71,1860.75,78,31.0,6099.04,3681.04
2025-05-20,P301,Everyday Backpack,Accessories,78.65,0.05,74.72,78.8,993.07,85,31.0,6350.85,3715.85
2025-05-21,P301,Everyday Backpack,Accessories,82.69,0.0,82.69,80.07,1857.54,62,31.0,5126.74,3204.74
2025-05-22,P301,Everyday Backpack,Accessories,80.3,0.0,80.3,81.57,989.39,63,31.0,5058.65,3105.65
2025-05-23,P301,Everyday Backpack,Accessories,79.11,0.1,71.2,80.56,1810.02,106,31.0,7546.7,4260.7
2025-05-24,P301,Everyday Backpack,Accessories,80.27,0.0,80.27,79.94,1084.06,73,31.0,5859.71,3596.71
2025-05-25,P301,Everyday Backpack,Accessories,79.23,0.15,67.35,81.27,1154.09,104,31.0,7004.02,3780.02
2025-05-26,P301,Everyday Backpack,Accessories,79.71,0.0,79.71,79.71,1141.08,72,31.0,5739.36,3507.36
2025-05-27,P301,Everyday Backpack,Accessories,77.32,0.15,65.72,80.57,1519.61,107,31.0,7032.15,3715.15
2025-05-28,P301,Everyday Backpack,Accessories,78.83,0.05,74.89,78.36,928.38,72,31.0,5392.27,3160.27
2025-05-29,P301,Everyday Backpack,Accessories,80.86,0.2,64.69,81.42,447.55,96,31.0,6210.05,3234.05
2025-05-30,P301,Everyday Backpack,Accessories,81.5,0.1,73.35,79.76,1001.51,75,31.0,5501.3,3176.3
2025-05-31,P301,Everyday Backpack,Accessories,75.26,0.15,63.97,82.22,1090.26,108,31.0,6908.91,3560.91
2025-06-01,P301,Everyday Backpack,Accessories,76.24,0.05,72.43,76.66,1728.42,93,31.0,6735.93,3852.93
2025-06-02,P301,Everyday Backpack,Accessories,77.72,0.0,77.72,79.89,869.39,56,31.0,4352.5,2616.5
2025-06-03,P301,Everyday Backpack,Accessories,79.36,0.0,79.36,81.07,1513.07,75,31.0,5952.0,3627.0
2025-06-04,P301,Everyday Backpack,Accessories,77.26,0.05,73.4,79.29,1268.6,76,31.0,5578.21,3222.21
2025-06-05,P301,Everyday Backpack,Accessories,78.54,0.2,62.83,73.6,1718.26,107,31.0,6722.95,3405.95
2025-06-06,P301,Everyday Backpack,Accessories,77.29,0.05,73.42,78.83,1149.17,71,31.0,5212.89,3011.89
2025-06-07,P301,Everyday Backpack,Accessories,80.23,0.1,72.21,78.06,905.14,96,31.0,6932.1,3956.1
2025-06-08,P301,Everyday Backpack,Accessories,79.14,0.2,63.31,81.07,1059.67,110,31.0,6964.49,3554.49
2025-06-09,P301,Everyday Backpack,Accessories,79.82,0.1,71.84,76.45,1379.6,75,31.0,5388.18,3063.18
2025-06-10,P301,Everyday Backpack,Accessories,80.61,0.2,64.48,80.42,721.49,98,31.0,6319.52,3281.52
2025-06-11,P301,Everyday Backpack,Accessories,77.58,0.2,62.06,79.45,466.5,88,31.0,5461.45,2733.45
2025-06-12,P301,Everyday Backpack,Accessories,81.04,0.1,72.94,78.76,972.85,71,31.0,5178.69,2977.69
2025-06-13,P301,Everyday Backpack,Accessories,79.56,0.1,71.6,78.75,1856.79,83,31.0,5943.1,3370.1
2025-06-14,P301,Everyday Backpack,Accessories,79.33,0.15,67.43,78.68,1363.72,98,31.0,6608.06,3570.06
2025-06-15,P301,Everyday Backpack,Accessories,78.5,0.05,74.58,80.06,1845.34,87,31.0,6488.4,3791.4
2025-06-16,P301,Everyday Backpack,Accessories,80.89,0.1,72.8,81.58,1080.5,79,31.0,5751.4,3302.4
2025-06-17,P301,Everyday Backpack,Accessories,78.89,0.0,78.89,80.45,1585.27,69,31.0,5443.22,3304.22
2025-06-18,P301,Everyday Backpack,Accessories,80.47,0.05,76.44,81.12,1665.69,79,31.0,6039.0,3590.0
2025-06-19,P301,Everyday Backpack,Accessories,79.36,0.0,79.36,80.74,978.16,66,31.0,5237.63,3191.63
2025-06-20,P301,Everyday Backpack,Accessories,79.59,0.1,71.63,80.23,850.43,76,31.0,5444.19,3088.19
2025-06-21,P301,Everyday Backpack,Accessories,79.2,0.2,63.36,77.73,1329.72,112,31.0,7096.36,3624.36
2025-06-22,P301,Everyday Backpack,Accessories,77.93,0.0,77.93,77.65,2123.67,75,31.0,5844.39,3519.39
2025-06-23,P301,Everyday Backpack,Accessories,77.4,0.05,73.53,77.18,1713.13,73,31.0,5367.91,3104.91
2025-06-24,P301,Everyday Backpack,Accessories,77.12,0.15,65.55,78.33,1535.23,103,31.0,6751.61,3558.61
2025-06-25,P301,Everyday Backpack,Accessories,79.54,0.0,79.54,84.08,679.09,60,31.0,4772.13,2912.13
2025-06-26,P301,Everyday Backpack,Accessories,78.76,0.15,66.94,82.84,1763.93,90,31.0,6024.76,3234.76
2025-06-27,P301,Everyday Backpack,Accessories,78.14,0.15,66.42,77.45,1017.97,101,31.0,6708.09,3577.09
2025-06-28,P301,Everyday Backpack,Accessories,78.78,0.15,66.97,80.73,701.13,97,31.0,6495.75,3488.75
2025-06-29,P301,Everyday Backpack,Accessories,77.53,0.0,77.53,78.53,1088.89,67,31.0,5194.75,3117.75
2025-06-30,P301,Everyday Backpack,Accessories,79.5,0.1,71.55,78.68,1433.45,74,31.0,5294.45,3000.45
2025-07-01,P301,Everyday Backpack,Accessories,80.18,0.0,80.18,78.71,1125.88,58,31.0,4650.56,2852.56
2025-07-02,P301,Everyday Backpack,Accessories,78.83,0.05,74.89,79.0,888.01,76,31.0,5691.86,3335.86
2025-07-03,P301,Everyday Backpack,Accessories,78.51,0.2,62.81,79.72,1081.96,113,31.0,7097.43,3594.43
2025-07-04,P301,Everyday Backpack,Accessories,78.35,0.2,62.68,76.99,1194.55,112,31.0,7020.6,3548.6
2025-07-05,P301,Everyday Backpack,Accessories,79.5,0.05,75.52,83.8,1203.11,82,31.0,6192.75,3650.75
2025-07-06,P301,Everyday Backpack,Accessories,82.08,0.2,65.67,75.8,1013.62,107,31.0,7026.3,3709.3
2025-07-07,P301,Everyday Backpack,Accessories,76.92,0.0,76.92,80.39,1489.61,81,31.0,6230.5,3719.5
2025-07-08,P301,Everyday Backpack,Accessories,80.87,0.2,64.69,81.96,1494.01,96,31.0,6210.51,3234.51
2025-07-09,P301,Everyday Backpack,Accessories,77.66,0.15,66.01,78.02,1285.57,91,31.0,6007.18,3186.18
2025-07-10,P301,Everyday Backpack,Accessories,76.23,0.0,76.23,79.27,1497.11,78,31.0,5946.03,3528.03
2025-07-11,P301,Everyday Backpack,Accessories,79.69,0.05,75.7,77.36,645.49,70,31.0,5299.35,3129.35
2025-07-12,P301,Everyday Backpack,Accessories,78.17,0.0,78.17,82.11,744.13,73,31.0,5706.21,3443.21
2025-07-13,P301,Everyday Backpack,Accessories,81.39,0.0,81.39,81.36,545.3,59,31.0,4802.28,2973.28
2025-07-14,P301,Everyday Backpack,Accessories,77.64,0.2,62.11,80.14,328.76,92,31.0,5713.97,2861.97
2025-07-15,P301,Everyday Backpack,Accessories,80.75,0.0,80.75,79.62,1352.66,59,31.0,4764.07,2935.07
2025-07-16,P301,Everyday Backpack,Accessories,78.04,0.2,62.44,79.46,1521.49,108,31.0,6743.01,3395.01
2025-07-17,P301,Everyday Backpack,Accessories,79.78,0.0,79.78,81.62,1165.03,55,31.0,4387.76,2682.76
2025-07-18,P301,Everyday Backpack,Accessories,80.4,0.05,76.38,80.43,844.8,78,31.0,5957.67,3539.67
2025-07-19,P301,Everyday Backpack,Accessories,80.79,0.0,80.79,78.85,963.24,71,31.0,5736.23,3535.23
2025-07-20,P301,Everyday Backpack,Accessories,78.17,0.0,78.17,78.22,1919.38,70,31.0,5471.61,3301.61
2025-07-21,P301,Everyday Backpack,Accessories,82.18,0.15,69.85,78.01,1306.78,87,31.0,6076.88,3379.88
2025-07-22,P301,Everyday Backpack,Accessories,80.87,0.0,80.87,78.56,1330.53,67,31.0,5418.39,3341.39
2025-07-23,P301,Everyday Backpack,Accessories,78.91,0.05,74.96,80.77,1221.1,71,31.0,5322.27,3121.27
2025-07-24,P301,Everyday Backpack,Accessories,80.13,0.1,72.11,79.11,1352.18,75,31.0,5408.61,3083.61
2025-07-25,P301,Everyday Backpack,Accessories,82.38,0.2,65.9,81.75,1404.39,88,31.0,5799.59,3071.59
2025-07-26,P301,Everyday Backpack,Accessories,78.9,0.0,78.9,77.66,1340.99,69,31.0,5444.15,3305.15
2025-07-27,P301,Everyday Backpack,Accessories,79.72,0.1,71.75,77.72,1017.44,76,31.0,5452.63,3096.63
2025-07-28,P301,Everyday Backpack,Accessories,79.19,0.2,63.35,79.81,1111.43,96,31.0,6081.76,3105.76
2025-07-29,P301,Everyday Backpack,Accessories,81.28,0.0,81.28,79.17,1624.71,53,31.0,4308.08,2665.08
2025-07-30,P301,Everyday Backpack,Accessories,82.09,0.0,82.09,79.83,1050.51,51,31.0,4186.62,2605.62
2025-07-31,P301,Everyday Backpack,Accessories,77.97,0.15,66.27,78.42,1511.56,80,31.0,5301.69,2821.69
2025-08-01,P301,Everyday Backpack,Accessories,78.21,0.2,62.56,79.25,1175.62,95,31.0,5943.65,2998.65
2025-08-02,P301,Everyday Backpack,Accessories,82.08,0.15,69.77,82.66,2021.97,82,31.0,5721.12,3179.12
2025-08-03,P301,Everyday Backpack,Accessories,79.36,0.0,79.36,79.23,1609.88,69,31.0,5476.0,3337.0
2025-08-04,P301,Everyday Backpack,Accessories,83.03,0.15,70.57,82.35,1681.97,80,31.0,5645.7,3165.7
2025-08-05,P301,Everyday Backpack,Accessories,80.62,0.2,64.5,77.19,1829.84,100,31.0,6449.59,3349.59
2025-08-06,P301,Everyday Backpack,Accessories,80.32,0.2,64.26,83.02,1073.07,80,31.0,5140.79,2660.79
2025-08-07,P301,Everyday Backpack,Accessories,82.39,0.0,82.39,80.0,1374.2,60,31.0,4943.54,3083.54
2025-08-08,P301,Everyday Backpack,Accessories,82.23,0.0,82.23,81.66,1497.96,55,31.0,4522.64,2817.64
2025-08-09,P301,Everyday Backpack,Accessories,81.48,0.0,81.48,83.74,795.08,62,31.0,5052.05,3130.05
2025-08-10,P301,Everyday Backpack,Accessories,79.18,0.2,63.34,79.11,1304.83,98,31.0,6207.5,3169.5
2025-08-11,P301,Everyday Backpack,Accessories,82.89,0.0,82.89,79.73,1251.91,63,31.0,5221.88,3268.88
2025-08-12,P301,Everyday Backpack,Accessories,82.61,0.0,82.61,78.41,1054.97,57,31.0,4709.02,2942.02
2025-08-13,P301,Everyday Backpack,Accessories,81.87,0.2,65.5,82.35,979.29,101,31.0,6615.07,3484.07
2025-08-14,P301,Everyday Backpack,Accessories,82.21,0.15,69.87,78.57,1109.53,74,31.0,5170.72,2876.72
2025-08-15,P301,Everyday Backpack,Accessories,81.74,0.1,73.56,78.61,798.07,71,31.0,5222.93,3021.93
2025-08-16,P301,Everyday Backpack,Accessories,82.0,0.05,77.9,81.25,1397.46,67,31.0,5219.24,3142.24
2025-08-17,P301,Everyday Backpack,Accessories,81.93,0.2,65.54,80.58,2213.86,116,31.0,7602.65,4006.65
2025-08-18,P301,Everyday Backpack,Accessories,81.3,0.0,81.3,80.12,270.24,59,31.0,4796.99,2967.99
2025-08-19,P301,Everyday Backpack,Accessories,82.97,0.2,66.38,78.33,884.1,87,31.0,5774.64,3077.64
2025-08-20,P301,Everyday Backpack,Accessories,81.75,0.0,81.75,82.76,1331.12,64,31.0,5232.23,3248.23
2025-08-21,P301,Everyday Backpack,Accessories,82.51,0.0,82.51,77.14,855.64,51,31.0,4207.93,2626.93
2025-08-22,P301,Everyday Backpack,Accessories,83.63,0.05,79.45,85.36,1240.88,60,31.0,4767.13,2907.13
2025-08-23,P301,Everyday Backpack,Accessories,79.23,0.1,71.31,80.46,2365.0,81,31.0,5776.05,3265.05
2025-08-24,P301,Everyday Backpack,Accessories,85.3,0.05,81.04,83.2,929.82,67,31.0,5429.53,3352.53
2025-08-25,P301,Everyday Backpack,Accessories,83.41,0.2,66.73,83.47,1593.74,95,31.0,6339.26,3394.26
2025-08-26,P301,Everyday Backpack,Accessories,82.33,0.0,82.33,79.42,1272.36,56,31.0,4610.23,2874.23
2025-08-27,P301,Everyday Backpack,Accessories,79.66,0.05,75.67,81.71,833.21,62,31.0,4691.84,2769.84
2025-08-28,P301,Everyday Backpack,Accessories,82.04,0.0,82.04,85.95,1379.24,65,31.0,5332.8,3317.8
2025-08-29,P301,Everyday Backpack,Accessories,82.41,0.2,65.92,83.46,1063.05,86,31.0,5669.5,3003.5
2025-08-30,P301,Everyday Backpack,Accessories,81.1,0.0,81.1,82.31,1683.46,71,31.0,5758.17,3557.17
2025-08-31,P301,Everyday Backpack,Accessories,85.07,0.0,85.07,78.06,870.3,47,31.0,3998.37,2541.37
2025-09-01,P301,Everyday Backpack,Accessories,83.74,0.05,79.55,80.91,1123.9,59,31.0,4693.51,2864.51
2025-09-02,P301,Everyday Backpack,Accessories,83.44,0.15,70.93,79.84,1300.47,84,31.0,5957.9,3353.9
2025-09-03,P301,Everyday Backpack,Accessories,82.92,0.1,74.62,80.88,526.64,71,31.0,5298.29,3097.29
2025-09-04,P301,Everyday Backpack,Accessories,81.94,0.2,65.55,79.07,781.92,77,31.0,5047.47,2660.47
2025-09-05,P301,Everyday Backpack,Accessories,82.75,0.2,66.2,80.2,1366.85,85,31.0,5626.67,2991.67
2025-09-06,P301,Everyday Backpack,Accessories,86.45,0.0,86.45,83.09,1362.64,53,31.0,4581.78,2938.78
2025-09-07,P301,Everyday Backpack,Accessories,83.38,0.0,83.38,84.43,1334.74,70,31.0,5836.6,3666.6
2025-09-08,P301,Everyday Backpack,Accessories,80.09,0.05,76.09,85.96,1628.33,72,31.0,5478.47,3246.47
2025-09-09,P301,Everyday Backpack,Accessories,85.2,0.0,85.2,79.09,1586.42,59,31.0,5026.66,3197.66
2025-09-10,P301,Everyday Backpack,Accessories,82.47,0.1,74.23,83.51,510.6,69,31.0,5121.56,2982.56
2025-09-11,P301,Everyday Backpack,Accessories,82.45,0.0,82.45,85.58,1497.26,55,31.0,4534.69,2829.69
2025-09-12,P301,Everyday Backpack,Accessories,85.79,0.15,72.93,81.58,1245.26,77,31.0,5615.25,3228.25
2025-09-13,P301,Everyday Backpack,Accessories,83.1,0.1,74.79,82.68,1313.22,69,31.0,5160.72,3021.72
2025-09-14,P301,Everyday Backpack,Accessories,80.41,0.1,72.37,79.37,942.51,64,31.0,4631.53,2647.53
2025-09-15,P301,Everyday Backpack,Accessories,81.33,0.05,77.27,84.4,1219.97,63,31.0,4867.77,2914.77
2025-09-16,P301,Everyday Backpack,Accessories,81.88,0.0,81.88,84.39,1281.25,62,31.0,5076.82,3154.82
2025-09-17,P301,Everyday Backpack,Accessories,85.31,0.0,85.31,83.18,633.19,48,31.0,4094.88,2606.88
2025-09-18,P301,Everyday Backpack,Accessories,83.8,0.2,67.04,81.62,1325.11,106,31.0,7106.17,3820.17
2025-09-19,P301,Everyday Backpack,Accessories,83.28,0.05,79.12,83.86,827.67,67,31.0,5300.72,3223.72
2025-09-20,P301,Everyday Backpack,Accessories,85.35,0.1,76.81,86.73,1146.16,73,31.0,5607.21,3344.21
2025-09-21,P301,Everyday Backpack,Accessories,86.63,0.1,77.97,85.32,501.08,72,31.0,5613.74,3381.74
2025-09-22,P301,Everyday Backpack,Accessories,83.3,0.15,70.81,84.94,673.4,77,31.0,5452.07,3065.07
2025-09-23,P301,Everyday Backpack,Accessories,84.52,0.0,84.52,84.93,1507.19,64,31.0,5409.35,3425.35
2025-09-24,P301,Everyday Backpack,Accessories,84.87,0.0,84.87,86.62,2107.39,64,31.0,5431.66,3447.66
2025-09-25,P301,Everyday Backpack,Accessories,84.61,0.0,84.61,85.23,1392.18,56,31.0,4738.17,3002.17
2025-09-26,P301,Everyday Backpack,Accessories,87.55,0.0,87.55,86.79,1254.69,47,31.0,4114.71,2657.71
2025-09-27,P301,Everyday Backpack,Accessories,84.12,0.05,79.91,83.38,1507.93,69,31.0,5513.86,3374.86
2025-09-28,P301,Everyday Backpack,Accessories,82.93,0.05,78.78,86.81,1870.98,75,31.0,5908.63,3583.63
2025-09-29,P301,Everyday Backpack,Accessories,84.42,0.1,75.98,86.09,1092.11,69,31.0,5242.73,3103.73
2025-09-30,P301,Everyday Backpack,Accessories,84.26,0.0,84.26,84.99,1141.25,54,31.0,4549.81,2875.81
2025-10-01,P301,Everyday Backpack,Accessories,85.09,0.0,85.09,87.41,994.44,53,31.0,4509.69,2866.69
2025-10-02,P301,Everyday Backpack,Accessories,83.46,0.0,83.46,83.65,1229.28,58,31.0,4840.49,3042.49
2025-10-03,P301,Everyday Backpack,Accessories,85.09,0.05,80.84,82.77,1765.9,67,31.0,5416.09,3339.09
2025-10-04,P301,Everyday Backpack,Accessories,83.32,0.2,66.66,85.68,1243.68,100,31.0,6665.55,3565.55
2025-10-05,P301,Everyday Backpack,Accessories,84.64,0.1,76.18,86.2,1367.43,74,31.0,5637.05,3343.05
2025-10-06,P301,Everyday Backpack,Accessories,81.72,0.0,81.72,84.38,1580.06,61,31.0,4984.62,3093.62
2025-10-07,P301,Everyday Backpack,Accessories,84.22,0.2,67.37,87.31,1373.74,91,31.0,6131.0,3310.0
2025-10-08,P301,Everyday Backpack,Accessories,84.55,0.2,67.64,83.81,1183.84,76,31.0,5140.59,2784.59
2025-10-09,P301,Everyday Backpack,Accessories,85.85,0.0,85.85,84.15,1130.79,51,31.0,4378.18,2797.18
2025-10-10,P301,Everyday Backpack,Accessories,84.89,0.2,67.91,80.8,1464.77,70,31.0,4753.59,2583.59
2025-10-11,P301,Everyday Backpack,Accessories,86.07,0.0,86.07,88.66,1240.88,69,31.0,5938.86,3799.86
2025-10-12,P301,Everyday Backpack,Accessories,84.79,0.0,84.79,84.59,448.64,57,31.0,4832.96,3065.96
2025-10-13,P301,Everyday Backpack,Accessories,87.36,0.0,87.36,86.68,1114.48,55,31.0,4804.7,3099.7
2025-10-14,P301,Everyday Backpack,Accessories,86.28,0.0,86.28,91.02,1113.73,61,31.0,5263.16,3372.16
2025-10-15,P301,Everyday Backpack,Accessories,85.98,0.05,81.68,84.26,1147.2,65,31.0,5309.33,3294.33
2025-10-16,P301,Everyday Backpack,Accessories,85.08,0.15,72.32,82.39,1536.16,78,31.0,5640.58,3222.58
2025-10-17,P301,Everyday Backpack,Accessories,84.77,0.2,67.82,86.53,1152.68,83,31.0,5628.93,3055.93
2025-10-18,P301,Everyday Backpack,Accessories,84.51,0.0,84.51,90.32,1628.27,60,31.0,5070.76,3210.76
2025-10-19,P301,Everyday Backpack,Accessories,87.88,0.15,74.69,85.01,1310.6,88,31.0,6573.08,3845.08
2025-10-20,P301,Everyday Backpack,Accessories,81.96,0.05,77.86,84.76,1373.83,67,31.0,5216.77,3139.77
2025-10-21,P301,Everyday Backpack,Accessories,84.75,0.2,67.8,85.73,1683.45,92,31.0,6237.59,3385.59
2025-10-22,P301,Everyday Backpack,Accessories,84.92,0.05,80.67,89.79,1362.16,62,31.0,5001.73,3079.73
2025-10-23,P301,Everyday Backpack,Accessories,82.03,0.0,82.03,83.13,1131.87,56,31.0,4593.79,2857.79
2025-10-24,P301,Everyday Backpack,Accessories,84.02,0.0,84.02,84.94,970.78,58,31.0,4873.12,3075.12
2025-10-25,P301,Everyday Backpack,Accessories,86.85,0.2,69.48,83.88,1387.74,78,31.0,5419.34,3001.34
2025-10-26,P301,Everyday Backpack,Accessories,82.64,0.2,66.11,86.28,1088.04,110,31.0,7272.0,3862.0
2025-10-27,P301,Everyday Backpack,Accessories,83.65,0.2,66.92,84.54,1312.99,89,31.0,5955.66,3196.66
2025-10-28,P301,Everyday Backpack,Accessories,83.62,0.1,75.26,85.71,1340.89,69,31.0,5192.74,3053.74
2025-10-29,P301,Everyday Backpack,Accessories,85.41,0.2,68.33,88.81,1898.92,87,31.0,5944.31,3247.31
2025-10-30,P301,Everyday Backpack,Accessories,86.36,0.0,86.36,88.31,1266.92,55,31.0,4749.78,3044.78
2025-10-31,P301,Everyday Backpack,Accessories,86.09,0.1,77.48,88.29,1863.66,74,31.0,5733.69,3439.69
2025-11-01,P301,Everyday Backpack,Accessories,84.53,0.05,80.3,83.06,1158.07,80,31.0,6423.97,3943.97
2025-11-02,P301,Everyday Backpack,Accessories,85.86,0.0,85.86,83.7,1119.53,74,31.0,6353.41,4059.41
2025-11-03,P301,Everyday Backpack,Accessories,86.4,0.0,86.4,87.33,1370.45,80,31.0,6912.25,4432.25
2025-11-04,P301,Everyday Backpack,Accessories,85.85,0.2,68.68,86.36,689.33,108,31.0,7417.22,4069.22
2025-11-05,P301,Everyday Backpack,Accessories,84.53,0.2,67.62,84.93,1710.72,119,31.0,8047.15,4358.15
2025-11-06,P301,Everyday Backpack,Accessories,83.16,0.0,83.16,85.52,1994.28,84,31.0,6985.74,4381.74
2025-11-07,P301,Everyday Backpack,Accessories,86.03,0.0,86.03,85.06,1054.69,72,31.0,6194.29,3962.29
2025-11-08,P301,Everyday Backpack,Accessories,84.19,0.0,84.19,85.48,1168.93,76,31.0,6398.27,4042.27
2025-11-09,P301,Everyday Backpack,Accessories,84.14,0.05,79.93,83.39,1424.73,103,31.0,8232.87,5039.87
2025-11-10,P301,Everyday Backpack,Accessories,84.09,0.2,67.27,85.42,1632.72,110,31.0,7399.87,3989.87
2025-11-11,P301,Everyday Backpack,Accessories,84.28,0.05,80.07,82.67,1245.29,73,31.0,5844.91,3581.91
2025-11-12,P301,Everyday Backpack,Accessories,84.25,0.0,84.25,88.79,1967.53,82,31.0,6908.57,4366.57
2025-11-13,P301,Everyday Backpack,Accessories,85.72,0.1,77.15,85.72,607.08,102,31.0,7869.47,4707.47
2025-11-14,P301,Everyday Backpack,Accessories,82.62,0.0,82.62,89.34,1493.25,74,31.0,6113.98,3819.98
2025-11-15,P301,Everyday Backpack,Accessories,84.58,0.15,71.89,89.65,1115.42,111,31.0,7980.0,4539.0
2025-11-16,P301,Everyday Backpack,Accessories,84.21,0.15,71.58,86.16,1731.91,129,31.0,9233.96,5234.96
2025-11-17,P301,Everyday Backpack,Accessories,81.51,0.1,73.36,86.13,1313.36,102,31.0,7482.87,4320.87
2025-11-18,P301,Everyday Backpack,Accessories,85.72,0.15,72.87,88.49,1030.09,104,31.0,7577.98,4353.98
2025-11-19,P301,Everyday Backpack,Accessories,83.23,0.2,66.59,86.25,1964.11,110,31.0,7324.67,3914.67
2025-11-20,P301,Everyday Backpack,Accessories,83.8,0.0,83.8,86.35,1403.58,72,31.0,6033.78,3801.78
2025-11-21,P301,Everyday Backpack,Accessories,81.67,0.15,69.42,89.18,946.23,107,31.0,7428.28,4111.28
2025-11-22,P301,Everyday Backpack,Accessories,86.82,0.1,78.14,84.93,1423.26,112,31.0,8751.73,5279.73
2025-11-23,P301,Everyday Backpack,Accessories,85.15,0.05,80.9,84.95,1408.85,111,31.0,8979.35,5538.35
2025-11-24,P301,Everyday Backpack,Accessories,82.47,0.2,65.97,85.38,1451.05,133,31.0,8774.33,4651.33
2025-11-25,P301,Everyday Backpack,Accessories,84.53,0.05,80.3,85.28,1377.58,96,31.0,7708.99,4732.99
2025-11-26,P301,Everyday Backpack,Accessories,83.11,0.2,66.48,86.3,930.67,144,31.0,9573.81,5109.81
2025-11-27,P301,Everyday Backpack,Accessories,83.62,0.2,66.89,86.38,1330.7,108,31.0,7224.63,3876.63
2025-11-28,P301,Everyday Backpack,Accessories,80.15,0.0,80.15,88.86,1328.1,87,31.0,6972.86,4275.86
2025-11-29,P301,Everyday Backpack,Accessories,81.41,0.05,77.34,88.44,1926.45,101,31.0,7811.23,4680.23
2025-11-30,P301,Everyday Backpack,Accessories,84.17,0.15,71.55,86.62,1256.61,143,31.0,10231.34,5798.34
2025-12-01,P301,Everyday Backpack,Accessories,82.44,0.0,82.44,86.98,1293.92,92,31.0,7584.73,4732.73
2025-12-02,P301,Everyday Backpack,Accessories,83.47,0.1,75.12,85.97,1796.6,115,31.0,8638.94,5073.94
2025-12-03,P301,Everyday Backpack,Accessories,84.74,0.0,84.74,87.23,1139.51,81,31.0,6864.04,4353.04
2025-12-04,P301,Everyday Backpack,Accessories,83.21,0.05,79.05,86.02,1519.52,93,31.0,7351.32,4468.32
2025-12-05,P301,Everyday Backpack,Accessories,83.82,0.05,79.63,89.12,1580.42,97,31.0,7724.03,4717.03
2025-12-06,P301,Everyday Backpack,Accessories,83.47,0.05,79.3,88.38,1667.81,102,31.0,8088.61,4926.61
2025-12-07,P301,Everyday Backpack,Accessories,84.13,0.0,84.13,89.89,1695.18,88,31.0,7403.58,4675.58
2025-12-08,P301,Everyday Backpack,Accessories,86.03,0.0,86.03,81.6,1529.45,71,31.0,6108.44,3907.44
2025-12-09,P301,Everyday Backpack,Accessories,85.3,0.05,81.03,84.24,1204.06,80,31.0,6482.51,4002.51
2025-12-10,P301,Everyday Backpack,Accessories,81.99,0.0,81.99,85.14,1029.58,83,31.0,6805.2,4232.2
2025-12-11,P301,Everyday Backpack,Accessories,82.94,0.15,70.5,82.37,1411.94,117,31.0,8248.61,4621.61
2025-12-12,P301,Everyday Backpack,Accessories,83.37,0.0,83.37,86.84,1866.18,93,31.0,7753.0,4870.0
2025-12-13,P301,Everyday Backpack,Accessories,86.17,0.1,77.55,82.06,509.03,98,31.0,7599.84,4561.84
2025-12-14,P301,Everyday Backpack,Accessories,82.88,0.05,78.73,85.45,1553.29,100,31.0,7873.35,4773.35
2025-12-15,P301,Everyday Backpack,Accessories,81.03,0.0,81.03,85.14,1603.66,83,31.0,6725.6,4152.6
2025-12-16,P301,Everyday Backpack,Accessories,81.55,0.05,77.47,86.66,1228.43,105,31.0,8134.76,4879.76
2025-12-17,P301,Everyday Backpack,Accessories,80.54,0.2,64.43,86.05,1445.54,127,31.0,8183.2,4246.2
2025-12-18,P301,Everyday Backpack,Accessories,83.81,0.0,83.81,89.31,1073.97,95,31.0,7961.58,5016.58
2025-12-19,P301,Everyday Backpack,Accessories,78.23,0.05,74.32,83.55,1651.39,93,31.0,6911.59,4028.59
2025-12-20,P301,Everyday Backpack,Accessories,81.57,0.1,73.41,83.58,1223.0,135,31.0,9910.44,5725.44
2025-12-21,P301,Everyday Backpack,Accessories,81.43,0.15,69.22,84.38,1837.04,116,31.0,8029.22,4433.22
2025-12-22,P301,Everyday Backpack,Accessories,81.09,0.1,72.98,84.01,1853.57,112,31.0,8174.08,4702.08
2025-12-23,P301,Everyday Backpack,Accessories,78.36,0.15,66.6,82.96,1636.26,136,31.0,9058.03,4842.03
2025-12-24,P301,Everyday Backpack,Accessories,80.92,0.15,68.78,83.85,1557.9,110,31.0,7565.97,4155.97
2025-12-25,P301,Everyday Backpack,Accessories,81.96,0.0,81.96,84.34,1443.16,86,31.0,7048.82,4382.82
2025-12-26,P301,Everyday Backpack,Accessories,81.95,0.15,69.65,82.09,1521.22,129,31.0,8985.46,4986.46
2025-12-27,P301,Everyday Backpack,Accessories,81.61,0.1,73.45,84.53,1620.88,121,31.0,8887.55,5136.55
2025-12-28,P301,Everyday Backpack,Accessories,79.37,0.2,63.5,86.37,711.71,154,31.0,9778.42,5004.42
2025-12-29,P301,Everyday Backpack,Accessories,80.42,0.2,64.34,84.96,1044.66,142,31.0,9136.23,4734.23
2025-12-30,P301,Everyday Backpack,Accessories,81.0,0.0,81.0,83.27,1781.74,91,31.0,7371.29,4550.29
2025-12-31,P301,Everyday Backpack,Accessories,81.78,0.05,77.69,87.33,1508.72,97,31.0,7535.94,4528.94
2026-01-01,P301,Everyday Backpack,Accessories,78.67,0.0,78.67,84.8,1694.05,74,31.0,5821.36,3527.36
2026-01-02,P301,Everyday Backpack,Accessories,75.62,0.15,64.28,86.21,1191.56,114,31.0,7327.91,3793.91
2026-01-03,P301,Everyday Backpack,Accessories,81.57,0.2,65.25,82.82,1757.67,105,31.0,6851.52,3596.52
2026-01-04,P301,Everyday Backpack,Accessories,80.49,0.2,64.39,82.45,1409.37,132,31.0,8499.38,4407.38
2026-01-05,P301,Everyday Backpack,Accessories,82.35,0.0,82.35,85.55,689.47,57,31.0,4693.72,2926.72
2026-01-06,P301,Everyday Backpack,Accessories,80.68,0.0,80.68,82.96,1985.92,71,31.0,5728.56,3527.56
2026-01-07,P301,Everyday Backpack,Accessories,81.17,0.0,81.17,85.92,1319.79,87,31.0,7062.2,4365.2
2026-01-08,P301,Everyday Backpack,Accessories,78.92,0.15,67.08,81.88,1862.56,108,31.0,7245.12,3897.12
2026-01-09,P301,Everyday Backpack,Accessories,79.45,0.15,67.53,81.96,1798.56,103,31.0,6955.46,3762.46
2026-01-10,P301,Everyday Backpack,Accessories,82.27,0.0,82.27,84.7,1408.08,71,31.0,5841.15,3640.15
2026-01-11,P301,Everyday Backpack,Accessories,79.92,0.1,71.92,81.14,1477.88,101,31.0,7264.34,4133.34
2026-01-12,P301,Everyday Backpack,Accessories,81.53,0.1,73.38,83.22,1858.71,95,31.0,6970.97,4025.97
2026-01-13,P301,Everyday Backpack,Accessories,82.06,0.0,82.06,86.37,1254.78,71,31.0,5826.48,3625.48
2026-01-14,P301,Everyday Backpack,Accessories,81.1,0.0,81.1,81.0,832.25,65,31.0,5271.61,3256.61
2026-01-15,P301,Everyday Backpack,Accessories,79.41,0.0,79.41,80.28,1353.77,69,31.0,5479.47,3340.47
2026-01-16,P301,Everyday Backpack,Accessories,81.6,0.15,69.36,84.08,1049.21,100,31.0,6935.78,3835.78
2026-01-17,P301,Everyday Backpack,Accessories,79.82,0.0,79.82,82.56,989.82,72,31.0,5746.71,3514.71
2026-01-18,P301,Everyday Backpack,Accessories,79.49,0.0,79.49,84.02,1957.21,87,31.0,6915.65,4218.65
2026-01-19,P301,Everyday Backpack,Accessories,80.33,0.2,64.27,82.26,926.51,101,31.0,6490.79,3359.79
2026-01-20,P301,Everyday Backpack,Accessories,78.63,0.0,78.63,80.73,1876.8,76,31.0,5975.62,3619.62
2026-01-21,P301,Everyday Backpack,Accessories,79.06,0.1,71.15,83.53,596.77,88,31.0,6261.53,3533.53
2026-01-22,P301,Everyday Backpack,Accessories,81.46,0.15,69.24,79.0,1150.98,103,31.0,7131.71,3938.71
2026-01-23,P301,Everyday Backpack,Accessories,79.91,0.1,71.92,79.64,2152.35,81,31.0,5825.76,3314.76
2026-01-24,P301,Everyday Backpack,Accessories,79.14,0.15,67.27,80.33,1137.23,113,31.0,7600.95,4097.95
2026-01-25,P301,Everyday Backpack,Accessories,81.36,0.0,81.36,81.58,936.35,77,31.0,6264.87,3877.87
2026-01-26,P301,Everyday Backpack,Accessories,80.17,0.0,80.17,82.85,1259.48,72,31.0,5772.37,3540.37
2026-01-27,P301,Everyday Backpack,Accessories,79.12,0.0,79.12,84.4,2102.25,79,31.0,6250.54,3801.54
2026-01-28,P301,Everyday Backpack,Accessories,79.35,0.1,71.41,80.77,1575.39,94,31.0,6712.84,3798.84
2026-01-29,P301,Everyday Backpack,Accessories,78.71,0.1,70.84,83.88,1306.84,84,31.0,5950.3,3346.3
2026-01-30,P301,Everyday Backpack,Accessories,79.82,0.2,63.86,83.92,1599.36,115,31.0,7343.44,3778.44
2026-01-31,P301,Everyday Backpack,Accessories,78.58,0.0,78.58,81.87,1430.79,85,31.0,6679.2,4044.2
2026-02-01,P301,Everyday Backpack,Accessories,79.7,0.2,63.76,83.83,1057.25,155,31.0,9882.44,5077.44
2026-02-02,P301,Everyday Backpack,Accessories,80.36,0.1,72.32,79.39,1366.68,93,31.0,6725.89,3842.89
2026-02-03,P301,Everyday Backpack,Accessories,78.7,0.0,78.7,79.49,1495.15,62,31.0,4879.14,2957.14
2026-02-04,P301,Everyday Backpack,Accessories,77.05,0.05,73.2,82.64,1219.88,79,31.0,5782.97,3333.97
2026-02-05,P301,Everyday Backpack,Accessories,78.45,0.2,62.76,82.45,1009.64,109,31.0,6840.72,3461.72
2026-02-06,P301,Everyday Backpack,Accessories,79.68,0.0,79.68,80.85,1046.32,59,31.0,4700.97,2871.97
2026-02-07,P301,Everyday Backpack,Accessories,79.7,0.1,71.73,80.24,926.54,96,31.0,6885.8,3909.8
2026-02-08,P301,Everyday Backpack,Accessories,79.85,0.0,79.85,81.42,1889.7,88,31.0,7027.2,4299.2
2026-02-09,P301,Everyday Backpack,Accessories,78.98,0.15,67.13,81.25,1316.27,115,31.0,7720.3,4155.3
2026-02-10,P301,Everyday Backpack,Accessories,77.81,0.0,77.81,81.12,1728.3,79,31.0,6146.83,3697.83
2026-02-11,P301,Everyday Backpack,Accessories,78.59,0.2,62.87,76.34,2047.43,120,31.0,7544.26,3824.26
2026-02-12,P301,Everyday Backpack,Accessories,78.27,0.1,70.44,81.64,958.84,89,31.0,6269.26,3510.26
2026-02-13,P301,Everyday Backpack,Accessories,77.74,0.2,62.19,76.53,724.84,120,31.0,7463.29,3743.29
2026-02-14,P301,Everyday Backpack,Accessories,77.68,0.0,77.68,81.87,1644.39,86,31.0,6680.33,4014.33
2026-02-15,P301,Everyday Backpack,Accessories,78.7,0.2,62.96,79.85,1733.41,155,31.0,9758.78,4953.78
2026-02-16,P301,Everyday Backpack,Accessories,81.29,0.15,69.09,76.23,1142.67,94,31.0,6494.92,3580.92
2026-02-17,P301,Everyday Backpack,Accessories,79.84,0.0,79.84,76.99,1770.44,69,31.0,5509.06,3370.06
2026-02-18,P301,Everyday Backpack,Accessories,76.97,0.1,69.28,78.24,1440.57,88,31.0,6096.37,3368.37
2026-02-19,P301,Everyday Backpack,Accessories,79.54,0.05,75.56,76.86,1812.78,85,31.0,6422.88,3787.88
2026-02-20,P301,Everyday Backpack,Accessories,78.71,0.1,70.84,79.3,1827.36,100,31.0,7083.63,3983.63
2026-02-21,P301,Everyday Backpack,Accessories,80.91,0.2,64.73,80.41,1444.79,119,31.0,7702.66,4013.66
2026-02-22,P301,Everyday Backpack,Accessories,79.1,0.1,71.19,79.05,1443.66,90,31.0,6406.82,3616.82
2026-02-23,P301,Everyday Backpack,Accessories,80.1,0.2,64.08,79.77,1461.83,111,31.0,7113.22,3672.22
2026-02-24,P301,Everyday Backpack,Accessories,78.29,0.0,78.29,81.24,1511.33,74,31.0,5793.8,3499.8
2026-02-25,P301,Everyday Backpack,Accessories,78.43,0.15,66.67,78.93,1849.04,111,31.0,7400.28,3959.28
2026-02-26,P301,Everyday Backpack,Accessories,79.36,0.15,67.46,78.1,1566.04,98,31.0,6610.63,3572.63
2026-02-27,P301,Everyday Backpack,Accessories,78.4,0.15,66.64,80.75,398.76,98,31.0,6531.07,3493.07
2026-02-28,P301,Everyday Backpack,Accessories,79.58,0.0,79.58,79.21,1357.73,69,31.0,5491.35,3352.35
2026-03-01,P301,Everyday Backpack,Accessories,75.25,0.05,71.49,80.43,139.02,84,31.0,6005.33,3401.33
2026-03-02,P301,Everyday Backpack,Accessories,76.63,0.05,72.8,79.3,2004.84,89,31.0,6479.15,3720.15
2026-03-03,P301,Everyday Backpack,Accessories,79.35,0.05,75.38,79.79,1222.6,90,31.0,6784.23,3994.23
2026-03-04,P301,Everyday Backpack,Accessories,80.24,0.0,80.24,80.3,1250.04,71,31.0,5697.2,3496.2
2026-03-05,P301,Everyday Backpack,Accessories,80.94,0.0,80.94,78.74,1743.25,67,31.0,5423.02,3346.02
2026-03-06,P301,Everyday Backpack,Accessories,81.75,0.1,73.57,80.58,951.33,92,31.0,6768.57,3916.57
2026-03-07,P301,Everyday Backpack,Accessories,78.71,0.05,74.78,78.58,1252.15,99,31.0,7403.09,4334.09
2026-03-08,P301,Everyday Backpack,Accessories,80.49,0.1,72.44,77.23,915.49,98,31.0,7098.86,4060.86
2026-03-09,P301,Everyday Backpack,Accessories,80.28,0.2,64.22,82.76,1592.86,114,31.0,7321.09,3787.09
2026-03-10,P301,Everyday Backpack,Accessories,78.75,0.2,63.0,78.99,1180.53,131,31.0,8253.22,4192.22
2026-03-11,P301,Everyday Backpack,Accessories,81.32,0.1,73.19,80.81,1596.27,93,31.0,6806.69,3923.69
2026-03-12,P301,Everyday Backpack,Accessories,80.52,0.2,64.41,80.61,1475.54,109,31.0,7021.02,3642.02
2026-03-13,P301,Everyday Backpack,Accessories,78.98,0.0,78.98,77.91,769.68,76,31.0,6002.18,3646.18
2026-03-14,P301,Everyday Backpack,Accessories,80.54,0.0,80.54,76.59,1213.27,77,31.0,6201.84,3814.84
2026-03-15,P301,Everyday Backpack,Accessories,80.36,0.1,72.32,76.53,1487.1,87,31.0,6292.01,3595.01
2026-03-16,P301,Everyday Backpack,Accessories,79.8,0.2,63.84,78.61,1255.62,118,31.0,7533.53,3875.53
2026-03-17,P301,Everyday Backpack,Accessories,82.57,0.0,82.57,81.05,395.62,77,31.0,6357.67,3970.67
2026-03-18,P301,Everyday Backpack,Accessories,77.25,0.2,61.8,84.23,1159.68,141,31.0,8714.21,4343.21
2026-03-19,P301,Everyday Backpack,Accessories,81.93,0.2,65.55,78.48,998.62,118,31.0,7734.35,4076.35
2026-03-20,P301,Everyday Backpack,Accessories,79.77,0.0,79.77,77.52,1493.42,68,31.0,5424.37,3316.37
2026-03-21,P301,Everyday Backpack,Accessories,79.97,0.0,79.97,77.87,1123.04,92,31.0,7357.65,4505.65
2026-03-22,P301,Everyday Backpack,Accessories,80.22,0.1,72.2,78.43,1236.95,104,31.0,7509.02,4285.02
2026-03-23,P301,Everyday Backpack,Accessories,79.07,0.2,63.25,79.68,656.08,134,31.0,8476.0,4322.0
2026-03-24,P301,Everyday Backpack,Accessories,82.82,0.0,82.82,77.51,895.93,69,31.0,5714.4,3575.4
2026-03-25,P301,Everyday Backpack,Accessories,78.63,0.15,66.83,78.18,1883.85,101,31.0,6750.02,3619.02
2026-03-26,P301,Everyday Backpack,Accessories,80.63,0.0,80.63,81.73,1183.63,76,31.0,6128.24,3772.24
2026-03-27,P301,Everyday Backpack,Accessories,82.48,0.0,82.48,76.55,774.86,71,31.0,5856.37,3655.37
2026-03-28,P301,Everyday Backpack,Accessories,81.52,0.0,81.52,81.31,1201.34,71,31.0,5787.69,3586.69
2026-03-29,P301,Everyday Backpack,Accessories,77.54,0.2,62.03,80.21,1349.25,139,31.0,8622.76,4313.76
2026-03-30,P301,Everyday Backpack,Accessories,78.98,0.2,63.18,77.5,1927.6,129,31.0,8150.33,4151.33
2026-03-31,P301,Everyday Backpack,Accessories,80.04,0.1,72.03,78.08,1186.44,109,31.0,7851.48,4472.48
2026-04-01,P301,Everyday Backpack,Accessories,80.96,0.15,68.82,76.7,1278.9,102,31.0,7019.16,3857.16
2026-04-02,P301,Everyday Backpack,Accessories,79.42,0.05,75.45,81.63,1349.92,80,31.0,6036.07,3556.07
2026-04-03,P301,Everyday Backpack,Accessories,80.61,0.1,72.55,75.76,1251.82,91,31.0,6601.72,3780.72
2026-04-04,P301,Everyday Backpack,Accessories,80.14,0.1,72.13,80.8,654.6,84,31.0,6058.6,3454.6
2026-04-05,P301,Everyday Backpack,Accessories,80.09,0.0,80.09,82.41,1620.73,99,31.0,7928.67,4859.67
2026-04-06,P301,Everyday Backpack,Accessories,81.63,0.05,77.55,76.65,1425.89,78,31.0,6048.92,3630.92
2026-04-07,P301,Everyday Backpack,Accessories,81.35,0.1,73.21,82.54,1254.52,105,31.0,7687.33,4432.33
2026-04-08,P301,Everyday Backpack,Accessories,79.43,0.0,79.43,78.48,1554.59,82,31.0,6513.01,3971.01
2026-04-09,P301,Everyday Backpack,Accessories,81.11,0.0,81.11,80.94,1613.56,71,31.0,5759.11,3558.11
2026-04-10,P301,Everyday Backpack,Accessories,80.89,0.2,64.71,79.05,1801.53,126,31.0,8153.79,4247.79
2026-04-11,P301,Everyday Backpack,Accessories,81.9,0.0,81.9,80.56,563.2,72,31.0,5896.76,3664.76
2026-04-12,P301,Everyday Backpack,Accessories,82.51,0.0,82.51,79.75,1824.97,88,31.0,7260.51,4532.51
2026-04-13,P301,Everyday Backpack,Accessories,81.44,0.2,65.15,79.09,1447.03,110,31.0,7166.52,3756.52
2026-04-14,P301,Everyday Backpack,Accessories,84.5,0.2,67.6,80.05,1564.76,108,31.0,7300.46,3952.46
2026-04-15,P301,Everyday Backpack,Accessories,81.52,0.05,77.44,79.28,1592.32,79,31.0,6117.91,3668.91
2026-04-16,P301,Everyday Backpack,Accessories,80.81,0.05,76.77,80.29,1662.83,91,31.0,6986.23,4165.23
2026-04-17,P301,Everyday Backpack,Accessories,85.68,0.0,85.68,81.8,1039.33,71,31.0,6083.58,3882.58
2026-04-18,P301,Everyday Backpack,Accessories,81.72,0.1,73.55,76.65,1197.0,101,31.0,7428.37,4297.37
2026-04-19,P301,Everyday Backpack,Accessories,82.52,0.05,78.4,77.34,751.71,100,31.0,7839.55,4739.55
2026-04-20,P301,Everyday Backpack,Accessories,83.17,0.15,70.7,80.58,2088.11,111,31.0,7847.52,4406.52
2026-04-21,P301,Everyday Backpack,Accessories,78.66,0.15,66.86,85.11,634.27,105,31.0,7020.04,3765.04
2026-04-22,P301,Everyday Backpack,Accessories,81.17,0.0,81.17,80.3,554.43,69,31.0,5600.81,3461.81
2026-04-23,P301,Everyday Backpack,Accessories,84.61,0.1,76.15,78.04,799.5,81,31.0,6168.16,3657.16
2026-04-24,P301,Everyday Backpack,Accessories,82.49,0.0,82.49,77.38,1486.91,75,31.0,6186.87,3861.87
2026-04-25,P301,Everyday Backpack,Accessories,81.49,0.05,77.42,77.97,1349.14,81,31.0,6270.7,3759.7
2026-04-26,P301,Everyday Backpack,Accessories,83.4,0.1,75.06,79.8,863.1,97,31.0,7280.71,4273.71
2026-04-27,P301,Everyday Backpack,Accessories,82.94,0.0,82.94,79.67,1471.12,76,31.0,6303.72,3947.72
2026-04-28,P301,Everyday Backpack,Accessories,83.33,0.2,66.66,80.69,2042.87,130,31.0,8666.13,4636.13
2026-04-29,P301,Everyday Backpack,Accessories,84.58,0.05,80.35,80.36,937.93,83,31.0,6668.75,4095.75
2026-04-30,P301,Everyday Backpack,Accessories,83.63,0.2,66.9,79.65,952.17,118,31.0,7894.28,4236.28
2026-05-01,P301,Everyday Backpack,Accessories,84.49,0.1,76.04,80.58,1284.6,81,31.0,6159.18,3648.18
2026-05-02,P301,Everyday Backpack,Accessories,80.4,0.1,72.36,78.74,978.53,100,31.0,7236.16,4136.16
2026-05-03,P301,Everyday Backpack,Accessories,84.81,0.1,76.33,80.07,1807.21,91,31.0,6945.8,4124.8
2026-05-04,P301,Everyday Backpack,Accessories,83.47,0.0,83.47,80.03,1693.19,73,31.0,6093.61,3830.61
2026-05-05,P301,Everyday Backpack,Accessories,83.93,0.15,71.34,77.07,976.03,102,31.0,7277.05,4115.05
2026-05-06,P301,Everyday Backpack,Accessories,80.73,0.0,80.73,81.55,1030.89,68,31.0,5489.94,3381.94
2026-05-07,P301,Everyday Backpack,Accessories,86.66,0.0,86.66,83.49,1257.0,69,31.0,5979.26,3840.26
2026-05-08,P301,Everyday Backpack,Accessories,82.96,0.0,82.96,79.28,1271.72,82,31.0,6802.89,4260.89
2026-05-09,P301,Everyday Backpack,Accessories,83.83,0.0,83.83,78.58,808.11,74,31.0,6203.55,3909.55
2026-05-10,P301,Everyday Backpack,Accessories,82.91,0.0,82.91,77.48,1548.49,70,31.0,5803.38,3633.38
2026-05-11,P301,Everyday Backpack,Accessories,84.15,0.05,79.94,80.18,1918.62,81,31.0,6475.42,3964.42
2026-05-12,P301,Everyday Backpack,Accessories,87.01,0.0,87.01,83.87,1224.83,70,31.0,6090.48,3920.48
2026-05-13,P301,Everyday Backpack,Accessories,85.99,0.0,85.99,82.88,1491.16,67,31.0,5761.0,3684.0
2026-05-14,P301,Everyday Backpack,Accessories,84.0,0.0,84.0,83.86,1086.57,66,31.0,5544.09,3498.09
2026-05-15,P301,Everyday Backpack,Accessories,82.95,0.1,74.65,82.88,965.39,94,31.0,7017.49,4103.49
2026-05-16,P301,Everyday Backpack,Accessories,85.14,0.0,85.14,84.46,773.59,86,31.0,7321.62,4655.62
2026-05-17,P301,Everyday Backpack,Accessories,84.84,0.0,84.84,77.08,1873.08,82,31.0,6957.28,4415.28
2026-05-18,P301,Everyday Backpack,Accessories,83.78,0.05,79.6,78.19,2169.56,73,31.0,5810.48,3547.48
2026-05-19,P301,Everyday Backpack,Accessories,82.59,0.15,70.2,82.04,710.36,87,31.0,6107.73,3410.73
2026-05-20,P301,Everyday Backpack,Accessories,85.97,0.2,68.77,80.78,1306.59,101,31.0,6946.02,3815.02
2026-05-21,P301,Everyday Backpack,Accessories,84.44,0.0,84.44,80.09,1091.11,63,31.0,5319.9,3366.9
2026-05-22,P301,Everyday Backpack,Accessories,83.5,0.0,83.5,83.31,964.35,62,31.0,5176.9,3254.9
2026-05-23,P301,Everyday Backpack,Accessories,84.37,0.2,67.5,86.23,930.03,118,31.0,7964.64,4306.64
2026-05-24,P301,Everyday Backpack,Accessories,84.77,0.0,84.77,80.96,1715.83,80,31.0,6781.28,4301.28
2026-05-25,P301,Everyday Backpack,Accessories,85.91,0.15,73.03,83.19,1621.82,111,31.0,8105.91,4664.91
2026-05-26,P301,Everyday Backpack,Accessories,86.66,0.2,69.33,84.56,1059.0,113,31.0,7833.82,4330.82
2026-05-27,P301,Everyday Backpack,Accessories,85.77,0.2,68.61,86.09,951.82,112,31.0,7684.73,4212.73
2026-05-28,P301,Everyday Backpack,Accessories,83.74,0.1,75.36,81.79,1472.61,76,31.0,5727.62,3371.62
2026-05-29,P301,Everyday Backpack,Accessories,85.94,0.15,73.04,82.74,1354.79,112,31.0,8181.02,4709.02
2026-05-30,P301,Everyday Backpack,Accessories,84.22,0.2,67.38,82.61,1371.29,145,31.0,9769.47,5274.47
2026-05-31,P301,Everyday Backpack,Accessories,84.9,0.1,76.41,81.33,1973.53,93,31.0,7105.8,4222.8
2026-06-01,P301,Everyday Backpack,Accessories,82.45,0.0,82.45,80.02,652.01,64,31.0,5276.7,3292.7
2026-06-02,P301,Everyday Backpack,Accessories,84.73,0.15,72.02,85.08,1526.58,103,31.0,7417.92,4224.92
2026-06-03,P301,Everyday Backpack,Accessories,83.52,0.15,71.0,85.6,1442.05,104,31.0,7383.58,4159.58
2026-06-04,P301,Everyday Backpack,Accessories,82.99,0.15,70.54,84.99,1941.1,106,31.0,7477.03,4191.03
2026-06-05,P301,Everyday Backpack,Accessories,83.98,0.0,83.98,82.06,1170.24,71,31.0,5962.78,3761.78
2026-06-06,P301,Everyday Backpack,Accessories,85.28,0.05,81.01,85.06,1433.52,78,31.0,6319.1,3901.1
2026-06-07,P301,Everyday Backpack,Accessories,84.13,0.0,84.13,82.71,1946.1,93,31.0,7824.07,4941.07
2026-06-08,P301,Everyday Backpack,Accessories,86.1,0.05,81.8,83.42,809.81,73,31.0,5971.37,3708.37
2026-06-09,P301,Everyday Backpack,Accessories,83.7,0.2,66.96,79.97,1438.41,97,31.0,6495.36,3488.36
2026-06-10,P301,Everyday Backpack,Accessories,84.85,0.15,72.12,84.71,1667.91,97,31.0,6996.05,3989.05
2026-06-11,P301,Everyday Backpack,Accessories,85.98,0.05,81.69,83.93,1660.79,78,31.0,6371.46,3953.46
2026-06-12,P301,Everyday Backpack,Accessories,84.07,0.2,67.26,82.94,1665.64,98,31.0,6591.29,3553.29
2026-06-13,P301,Everyday Backpack,Accessories,83.45,0.1,75.11,82.7,776.9,102,31.0,7660.78,4498.78
2026-06-14,P301,Everyday Backpack,Accessories,83.21,0.05,79.05,83.27,1076.97,81,31.0,6403.03,3892.03
2026-06-15,P301,Everyday Backpack,Accessories,83.51,0.0,83.51,83.99,1654.12,66,31.0,5511.94,3465.94
2026-06-16,P301,Everyday Backpack,Accessories,87.95,0.2,70.36,79.94,729.35,109,31.0,7669.48,4290.48
2026-06-17,P301,Everyday Backpack,Accessories,85.49,0.0,85.49,84.81,1505.63,69,31.0,5898.58,3759.58
2026-06-18,P301,Everyday Backpack,Accessories,83.34,0.0,83.34,85.69,1537.84,80,31.0,6667.34,4187.34
2026-06-19,P301,Everyday Backpack,Accessories,87.35,0.0,87.35,81.58,1938.11,60,31.0,5240.99,3380.99
2026-06-20,P301,Everyday Backpack,Accessories,85.22,0.0,85.22,83.65,1144.97,77,31.0,6562.02,4175.02
2026-06-21,P301,Everyday Backpack,Accessories,85.06,0.0,85.06,82.58,1237.33,67,31.0,5698.85,3621.85
2026-06-22,P301,Everyday Backpack,Accessories,84.38,0.0,84.38,84.09,1963.95,68,31.0,5737.52,3629.52
2026-06-23,P301,Everyday Backpack,Accessories,81.5,0.2,65.2,85.33,1252.84,106,31.0,6911.39,3625.39
2026-06-24,P301,Everyday Backpack,Accessories,83.21,0.15,70.73,88.46,1318.66,84,31.0,5941.24,3337.24
2026-06-25,P301,Everyday Backpack,Accessories,85.06,0.0,85.06,84.88,975.43,59,31.0,5018.46,3189.46
2026-06-26,P301,Everyday Backpack,Accessories,83.19,0.1,74.87,87.76,1274.2,74,31.0,5540.17,3246.17
2026-06-27,P301,Everyday Backpack,Accessories,85.07,0.1,76.56,83.79,932.65,79,31.0,6048.45,3599.45
2026-06-28,P301,Everyday Backpack,Accessories,86.07,0.0,86.07,85.29,1472.31,74,31.0,6369.01,4075.01
2026-06-29,P301,Everyday Backpack,Accessories,84.91,0.1,76.42,84.44,1719.37,95,31.0,7259.53,4314.53
2026-06-30,P301,Everyday Backpack,Accessories,82.58,0.0,82.58,84.5,1602.14,82,31.0,6771.31,4229.31
2025-01-01,P400,Wireless Earbuds,Electronics,99.08,0.0,99.08,102.09,1321.11,72,43.0,7133.7,4037.7
2025-01-02,P400,Wireless Earbuds,Electronics,97.45,0.15,82.84,96.09,1497.99,116,43.0,9608.86,4620.86
2025-01-03,P400,Wireless Earbuds,Electronics,96.15,0.0,96.15,95.43,1546.1,69,43.0,6634.12,3667.12
2025-01-04,P400,Wireless Earbuds,Electronics,94.68,0.1,85.21,98.51,1355.62,101,43.0,8606.28,4263.28
2025-01-05,P400,Wireless Earbuds,Electronics,96.37,0.0,96.37,102.61,1305.73,70,43.0,6745.7,3735.7
2025-01-06,P400,Wireless Earbuds,Electronics,92.2,0.05,87.59,101.93,1500.91,93,43.0,8146.07,4147.07
2025-01-07,P400,Wireless Earbuds,Electronics,98.03,0.0,98.03,100.0,1208.48,64,43.0,6274.23,3522.23
2025-01-08,P400,Wireless Earbuds,Electronics,97.36,0.15,82.76,102.97,1262.95,127,43.0,10509.93,5048.93
2025-01-09,P400,Wireless Earbuds,Electronics,97.37,0.05,92.5,105.47,1894.96,100,43.0,9249.74,4949.74
2025-01-10,P400,Wireless Earbuds,Electronics,95.43,0.1,85.89,105.03,1270.4,98,43.0,8417.01,4203.01
2025-01-11,P400,Wireless Earbuds,Electronics,93.17,0.05,88.51,97.25,1446.97,86,43.0,7611.65,3913.65
2025-01-12,P400,Wireless Earbuds,Electronics,100.09,0.0,100.09,101.25,2120.75,69,43.0,6906.26,3939.26
2025-01-13,P400,Wireless Earbuds,Electronics,99.75,0.2,79.8,100.49,1072.62,117,43.0,9336.39,4305.39
2025-01-14,P400,Wireless Earbuds,Electronics,96.26,0.2,77.01,97.87,846.51,123,43.0,9472.37,4183.37
2025-01-15,P400,Wireless Earbuds,Electronics,97.44,0.0,97.44,100.84,1719.95,62,43.0,6041.39,3375.39
2025-01-16,P400,Wireless Earbuds,Electronics,96.58,0.05,91.75,101.91,1423.55,78,43.0,7156.35,3802.35
2025-01-17,P400,Wireless Earbuds,Electronics,99.02,0.0,99.02,98.4,1475.3,67,43.0,6634.49,3753.49
2025-01-18,P400,Wireless Earbuds,Electronics,96.59,0.15,82.1,98.99,914.87,116,43.0,9523.42,4535.42
2025-01-19,P400,Wireless Earbuds,Electronics,99.47,0.1,89.52,102.69,1485.78,97,43.0,8683.88,4512.88
2025-01-20,P400,Wireless Earbuds,Electronics,94.8,0.2,75.84,98.23,1058.36,127,43.0,9631.77,4170.77
2025-01-21,P400,Wireless Earbuds,Electronics,99.42,0.05,94.45,105.82,1025.06,92,43.0,8689.68,4733.68
2025-01-22,P400,Wireless Earbuds,Electronics,100.56,0.0,100.56,100.01,1470.48,74,43.0,7441.14,4259.14
2025-01-23,P400,Wireless Earbuds,Electronics,97.78,0.0,97.78,99.12,450.39,66,43.0,6453.5,3615.5
2025-01-24,P400,Wireless Earbuds,Electronics,96.73,0.0,96.73,98.09,1451.99,62,43.0,5997.26,3331.26
2025-01-25,P400,Wireless Earbuds,Electronics,99.42,0.0,99.42,99.76,1277.21,66,43.0,6561.9,3723.9
2025-01-26,P400,Wireless Earbuds,Electronics,99.4,0.0,99.4,101.22,1394.27,79,43.0,7852.44,4455.44
2025-01-27,P400,Wireless Earbuds,Electronics,97.06,0.0,97.06,103.12,1547.94,71,43.0,6891.36,3838.36
2025-01-28,P400,Wireless Earbuds,Electronics,98.95,0.0,98.95,103.88,1709.93,69,43.0,6827.34,3860.34
2025-01-29,P400,Wireless Earbuds,Electronics,95.73,0.1,86.16,100.16,1826.43,97,43.0,8357.6,4186.6
2025-01-30,P400,Wireless Earbuds,Electronics,97.34,0.0,97.34,99.46,1108.58,70,43.0,6813.91,3803.91
2025-01-31,P400,Wireless Earbuds,Electronics,96.22,0.0,96.22,100.64,2192.49,70,43.0,6735.65,3725.65
2025-02-01,P400,Wireless Earbuds,Electronics,101.24,0.0,101.24,104.36,1151.79,71,43.0,7188.35,4135.35
2025-02-02,P400,Wireless Earbuds,Electronics,96.96,0.05,92.12,101.05,1307.45,81,43.0,7461.46,3978.46
2025-02-03,P400,Wireless Earbuds,Electronics,102.58,0.0,102.58,100.46,1323.62,61,43.0,6257.27,3634.27
2025-02-04,P400,Wireless Earbuds,Electronics,98.21,0.0,98.21,101.1,1294.75,76,43.0,7463.93,4195.93
2025-02-05,P400,Wireless Earbuds,Electronics,99.12,0.15,84.25,102.83,1296.47,115,43.0,9688.76,4743.76
2025-02-06,P400,Wireless Earbuds,Electronics,98.36,0.1,88.52,101.94,1243.09,95,43.0,8409.8,4324.8
2025-02-07,P400,Wireless Earbuds,Electronics,98.64,0.0,98.64,101.26,1279.71,67,43.0,6608.78,3727.78
2025-02-08,P400,Wireless Earbuds,Electronics,100.2,0.1,90.18,105.49,1082.69,111,43.0,10009.69,5236.69
2025-02-09,P400,Wireless Earbuds,Electronics,95.62,0.1,86.06,103.21,775.63,102,43.0,8778.13,4392.13
2025-02-10,P400,Wireless Earbuds,Electronics,99.54,0.0,99.54,99.42,1125.47,73,43.0,7266.36,4127.36
2025-02-11,P400,Wireless Earbuds,Electronics,97.39,0.2,77.92,101.12,1163.68,148,43.0,11531.53,5167.53
2025-02-12,P400,Wireless Earbuds,Electronics,100.51,0.05,95.49,103.77,1080.13,82,43.0,7829.83,4303.83
2025-02-13,P400,Wireless Earbuds,Electronics,97.46,0.1,87.71,102.16,2218.49,108,43.0,9473.2,4829.2
2025-02-14,P400,Wireless Earbuds,Electronics,98.32,0.05,93.41,97.75,1821.63,87,43.0,8126.45,4385.45
2025-02-15,P400,Wireless Earbuds,Electronics,97.34,0.0,97.34,98.84,1305.5,87,43.0,8468.45,4727.45
2025-02-16,P400,Wireless Earbuds,Electronics,97.19,0.2,77.75,101.06,965.11,145,43.0,11274.32,5039.32
2025-02-17,P400,Wireless Earbuds,Electronics,102.23,0.1,92.01,97.95,1036.52,95,43.0,8740.74,4655.74
2025-02-18,P400,Wireless Earbuds,Electronics,99.61,0.0,99.61,103.59,1664.43,76,43.0,7570.3,4302.3
2025-02-19,P400,Wireless Earbuds,Electronics,98.2,0.15,83.47,100.17,1402.48,104,43.0,8680.9,4208.9
2025-02-20,P400,Wireless Earbuds,Electronics,101.57,0.05,96.5,100.7,1428.2,88,43.0,8491.57,4707.57
2025-02-21,P400,Wireless Earbuds,Electronics,102.68,0.15,87.28,104.99,675.21,101,43.0,8814.84,4471.84
2025-02-22,P400,Wireless Earbuds,Electronics,100.18,0.1,90.16,105.52,1886.58,104,43.0,9376.79,4904.79
2025-02-23,P400,Wireless Earbuds,Electronics,99.05,0.15,84.19,99.42,1229.75,122,43.0,10271.2,5025.2
2025-02-24,P400,Wireless Earbuds,Electronics,100.99,0.15,85.84,94.93,722.36,93,43.0,7983.11,3984.11
2025-02-25,P400,Wireless Earbuds,Electronics,98.22,0.2,78.57,101.64,911.27,122,43.0,9585.79,4339.79
2025-02-26,P400,Wireless Earbuds,Electronics,97.75,0.0,97.75,99.83,1084.98,77,43.0,7526.63,4215.63
2025-02-27,P400,Wireless Earbuds,Electronics,97.65,0.1,87.88,100.28,1103.79,107,43.0,9403.56,4802.56
2025-02-28,P400,Wireless Earbuds,Electronics,99.09,0.05,94.14,98.35,1282.23,78,43.0,7342.82,3988.82
2025-03-01,P400,Wireless Earbuds,Electronics,97.24,0.15,82.65,100.92,1923.85,128,43.0,10579.76,5075.76
2025-03-02,P400,Wireless Earbuds,Electronics,99.14,0.05,94.18,97.55,1016.59,85,43.0,8005.19,4350.19
2025-03-03,P400,Wireless Earbuds,Electronics,98.65,0.1,88.78,100.48,706.6,90,43.0,7990.57,4120.57
2025-03-04,P400,Wireless Earbuds,Electronics,100.21,0.0,100.21,100.13,1405.42,66,43.0,6613.77,3775.77
2025-03-05,P400,Wireless Earbuds,Electronics,99.92,0.05,94.92,97.3,1619.84,85,43.0,8068.62,4413.62
2025-03-06,P400,Wireless Earbuds,Electronics,99.41,0.05,94.44,100.12,1077.57,93,43.0,8783.21,4784.21
2025-03-07,P400,Wireless Earbuds,Electronics,102.48,0.0,102.48,99.2,1259.05,73,43.0,7481.25,4342.25
2025-03-08,P400,Wireless Earbuds,Electronics,99.15,0.15,84.28,102.7,1097.57,133,43.0,11208.8,5489.8
2025-03-09,P400,Wireless Earbuds,Electronics,99.25,0.15,84.37,97.86,943.73,115,43.0,9701.98,4756.98
2025-03-10,P400,Wireless Earbuds,Electronics,100.85,0.0,100.85,102.53,1458.44,74,43.0,7462.56,4280.56
2025-03-11,P400,Wireless Earbuds,Electronics,99.7,0.0,99.7,101.66,1471.13,64,43.0,6380.5,3628.5
2025-03-12,P400,Wireless Earbuds,Electronics,97.82,0.0,97.82,103.28,1895.48,65,43.0,6358.48,3563.48
2025-03-13,P400,Wireless Earbuds,Electronics,101.86,0.0,101.86,100.78,1664.58,74,43.0,7537.82,4355.82
2025-03-14,P400,Wireless Earbuds,Electronics,101.62,0.0,101.62,97.24,1261.96,70,43.0,7113.07,4103.07
2025-03-15,P400,Wireless Earbuds,Electronics,98.72,0.2,78.97,102.04,1276.35,147,43.0,11609.32,5288.32
2025-03-16,P400,Wireless Earbuds,Electronics,97.18,0.0,97.18,100.89,594.62,75,43.0,7288.4,4063.4
2025-03-17,P400,Wireless Earbuds,Electronics,95.57,0.05,90.79,98.86,1731.03,84,43.0,7626.17,4014.17
2025-03-18,P400,Wireless Earbuds,Electronics,100.19,0.0,100.19,103.76,1348.06,79,43.0,7915.03,4518.03
2025-03-19,P400,Wireless Earbuds,Electronics,96.57,0.15,82.08,96.43,1310.33,125,43.0,10260.05,4885.05
2025-03-20,P400,Wireless Earbuds,Electronics,100.78,0.1,90.7,100.61,1357.28,95,43.0,8616.49,4531.49
2025-03-21,P400,Wireless Earbuds,Electronics,98.71,0.05,93.78,98.02,1400.69,87,43.0,8158.69,4417.69
2025-03-22,P400,Wireless Earbuds,Electronics,98.03,0.2,78.42,102.47,1543.86,147,43.0,11528.22,5207.22
2025-03-23,P400,Wireless Earbuds,Electronics,98.91,0.1,89.02,97.74,1334.76,100,43.0,8901.9,4601.9
2025-03-24,P400,Wireless Earbuds,Electronics,100.89,0.15,85.76,102.62,1678.62,115,43.0,9862.1,4917.1
2025-03-25,P400,Wireless Earbuds,Electronics,97.89,0.0,97.89,103.96,1240.56,68,43.0,6656.73,3732.73
2025-03-26,P400,Wireless Earbuds,Electronics,100.31,0.0,100.31,103.32,1387.47,73,43.0,7322.77,4183.77
2025-03-27,P400,Wireless Earbuds,Electronics,101.15,0.0,101.15,95.93,1089.27,62,43.0,6271.22,3605.22
2025-03-28,P400,Wireless Earbuds,Electronics,94.66,0.2,75.73,98.21,1625.93,160,43.0,12116.13,5236.13
2025-03-29,P400,Wireless Earbuds,Electronics,99.44,0.05,94.46,98.37,1024.87,91,43.0,8596.29,4683.29
2025-03-30,P400,Wireless Earbuds,Electronics,99.91,0.0,99.91,97.7,868.35,77,43.0,7693.14,4382.14
2025-03-31,P400,Wireless Earbuds,Electronics,97.3,0.0,97.3,99.13,1214.04,72,43.0,7005.51,3909.51
2025-04-01,P400,Wireless Earbuds,Electronics,98.7,0.2,78.96,103.93,1572.87,169,43.0,13343.66,6076.66
2025-04-02,P400,Wireless Earbuds,Electronics,96.7,0.15,82.2,95.28,1294.81,129,43.0,10603.57,5056.57
2025-04-03,P400,Wireless Earbuds,Electronics,99.26,0.0,99.26,92.95,1751.07,74,43.0,7345.14,4163.14
2025-04-04,P400,Wireless Earbuds,Electronics,95.31,0.0,95.31,100.69,1361.01,83,43.0,7910.42,4341.42
2025-04-05,P400,Wireless Earbuds,Electronics,99.63,0.2,79.7,95.33,1248.51,126,43.0,10042.36,4624.36
2025-04-06,P400,Wireless Earbuds,Electronics,98.95,0.1,89.05,102.12,853.08,102,43.0,9083.25,4697.25
2025-04-07,P400,Wireless Earbuds,Electronics,96.22,0.15,81.79,99.67,1140.5,131,43.0,10714.42,5081.42
2025-04-08,P400,Wireless Earbuds,Electronics,99.51,0.0,99.51,101.23,897.45,81,43.0,8060.34,4577.34
2025-04-09,P400,Wireless Earbuds,Electronics,100.12,0.2,80.1,97.01,1243.19,124,43.0,9932.24,4600.24
2025-04-10,P400,Wireless Earbuds,Electronics,95.81,0.0,95.81,95.75,1304.21,83,43.0,7952.12,4383.12
2025-04-11,P400,Wireless Earbuds,Electronics,99.69,0.1,89.72,98.21,1262.49,92,43.0,8253.96,4297.96
2025-04-12,P400,Wireless Earbuds,Electronics,98.62,0.0,98.62,99.08,1351.06,84,43.0,8283.78,4671.78
2025-04-13,P400,Wireless Earbuds,Electronics,98.32,0.0,98.32,96.1,1622.68,83,43.0,8160.96,4591.96
2025-04-14,P400,Wireless Earbuds,Electronics,96.43,0.2,77.14,98.58,1424.01,162,43.0,12496.77,5530.77
2025-04-15,P400,Wireless Earbuds,Electronics,95.28,0.05,90.52,97.97,1117.78,86,43.0,7784.66,4086.66
2025-04-16,P400,Wireless Earbuds,Electronics,95.27,0.0,95.27,93.64,1543.86,93,43.0,8860.54,4861.54
2025-04-17,P400,Wireless Earbuds,Electronics,94.12,0.1,84.71,99.52,1283.57,120,43.0,10165.26,5005.26
2025-04-18,P400,Wireless Earbuds,Electronics,96.65,0.1,86.99,96.23,1218.7,82,43.0,7133.1,3607.1
2025-04-19,P400,Wireless Earbuds,Electronics,94.77,0.0,94.77,100.38,1806.22,96,43.0,9097.54,4969.54
2025-04-20,P400,Wireless Earbuds,Electronics,92.75,0.0,92.75,95.9,1776.88,108,43.0,10017.51,5373.51
2025-04-21,P400,Wireless Earbuds,Electronics,98.92,0.15,84.08,94.18,1285.37,113,43.0,9501.13,4642.13
2025-04-22,P400,Wireless Earbuds,Electronics,99.18,0.05,94.22,97.77,1306.01,84,43.0,7914.52,4302.52
2025-04-23,P400,Wireless Earbuds,Electronics,97.08,0.1,87.37,95.38,919.26,111,43.0,9697.8,4924.8
2025-04-24,P400,Wireless Earbuds,Electronics,93.46,0.2,74.77,100.95,612.16,143,43.0,10691.6,4542.6
2025-04-25,P400,Wireless Earbuds,Electronics,97.88,0.0,97.88,93.76,1453.51,73,43.0,7145.43,4006.43
2025-04-26,P400,Wireless Earbuds,Electronics,95.74,0.1,86.17,95.32,1287.54,108,43.0,9305.85,4661.85
2025-04-27,P400,Wireless Earbuds,Electronics,100.23,0.1,90.21,95.82,1105.01,120,43.0,10824.69,5664.69
2025-04-28,P400,Wireless Earbuds,Electronics,93.1,0.1,83.79,97.48,1213.86,98,43.0,8211.3,3997.3
2025-04-29,P400,Wireless Earbuds,Electronics,94.42,0.2,75.54,94.44,1393.44,173,43.0,13068.39,5629.39
2025-04-30,P400,Wireless Earbuds,Electronics,96.04,0.0,96.04,92.93,995.15,71,43.0,6819.14,3766.14
2025-05-01,P400,Wireless Earbuds,Electronics,95.05,0.0,95.05,97.07,1922.99,81,43.0,7699.08,4216.08
2025-05-02,P400,Wireless Earbuds,Electronics,93.58,0.05,88.9,98.99,1754.69,100,43.0,8889.9,4589.9
2025-05-03,P400,Wireless Earbuds,Electronics,95.05,0.0,95.05,95.61,559.94,85,43.0,8079.52,4424.52
2025-05-04,P400,Wireless Earbuds,Electronics,96.93,0.0,96.93,99.48,1036.93,84,43.0,8142.22,4530.22
2025-05-05,P400,Wireless Earbuds,Electronics,95.73,0.0,95.73,96.2,1313.37,78,43.0,7466.83,4112.83
2025-05-06,P400,Wireless Earbuds,Electronics,96.49,0.0,96.49,98.76,1027.72,74,43.0,7140.39,3958.39
2025-05-07,P400,Wireless Earbuds,Electronics,94.39,0.05,89.67,91.85,1308.72,92,43.0,8250.0,4294.0
2025-05-08,P400,Wireless Earbuds,Electronics,94.77,0.0,94.77,95.61,1450.64,89,43.0,8434.4,4607.4
2025-05-09,P400,Wireless Earbuds,Electronics,94.22,0.15,80.09,95.32,1978.08,118,43.0,9450.72,4376.72
2025-05-10,P400,Wireless Earbuds,Electronics,95.99,0.1,86.39,98.22,448.41,112,43.0,9675.53,4859.53
2025-05-11,P400,Wireless Earbuds,Electronics,95.82,0.05,91.03,93.8,1087.36,91,43.0,8283.78,4370.78
2025-05-12,P400,Wireless Earbuds,Electronics,94.17,0.15,80.05,94.08,1175.99,136,43.0,10886.37,5038.37
2025-05-13,P400,Wireless Earbuds,Electronics,92.51,0.0,92.51,98.06,1230.87,79,43.0,7308.53,3911.53
2025-05-14,P400,Wireless Earbuds,Electronics,94.34,0.0,94.34,95.58,1111.34,80,43.0,7546.98,4106.98
2025-05-15,P400,Wireless Earbuds,Electronics,92.79,0.05,88.15,89.67,1722.01,91,43.0,8021.31,4108.31
2025-05-16,P400,Wireless Earbuds,Electronics,95.53,0.0,95.53,96.04,1497.93,76,43.0,7260.0,3992.0
2025-05-17,P400,Wireless Earbuds,Electronics,94.96,0.2,75.97,92.0,1263.6,145,43.0,11015.41,4780.41
2025-05-18,P400,Wireless Earbuds,Electronics,96.68,0.2,77.34,95.62,1042.07,146,43.0,11291.67,5013.67
2025-05-19,P400,Wireless Earbuds,Electronics,94.37,0.1,84.93,95.29,1324.72,93,43.0,7898.41,3899.41
2025-05-20,P400,Wireless Earbuds,Electronics,90.34,0.15,76.79,93.66,1501.78,131,43.0,10059.83,4426.83
2025-05-21,P400,Wireless Earbuds,Electronics,96.12,0.15,81.71,97.73,1714.69,136,43.0,11111.97,5263.97
2025-05-22,P400,Wireless Earbuds,Electronics,91.84,0.1,82.65,94.43,1740.2,116,43.0,9587.67,4599.67
2025-05-23,P400,Wireless Earbuds,Electronics,94.8,0.1,85.32,98.91,1015.11,87,43.0,7423.08,3682.08
2025-05-24,P400,Wireless Earbuds,Electronics,93.17,0.1,83.85,88.36,909.35,137,43.0,11487.8,5596.8
2025-05-25,P400,Wireless Earbuds,Electronics,93.05,0.0,93.05,94.21,976.79,91,43.0,8467.75,4554.75
2025-05-26,P400,Wireless Earbuds,Electronics,92.11,0.2,73.68,94.73,887.06,186,43.0,13705.41,5707.41
2025-05-27,P400,Wireless Earbuds,Electronics,94.45,0.0,94.45,93.3,1100.7,69,43.0,6517.03,3550.03
2025-05-28,P400,Wireless Earbuds,Electronics,92.16,0.05,87.55,97.96,1101.06,77,43.0,6741.14,3430.14
2025-05-29,P400,Wireless Earbuds,Electronics,91.44,0.1,82.3,93.25,1251.73,121,43.0,9958.07,4755.07
2025-05-30,P400,Wireless Earbuds,Electronics,92.06,0.05,87.45,95.31,1059.56,97,43.0,8482.94,4311.94
2025-05-31,P400,Wireless Earbuds,Electronics,92.67,0.0,92.67,91.62,1595.25,92,43.0,8525.3,4569.3
2025-06-01,P400,Wireless Earbuds,Electronics,93.0,0.0,93.0,92.53,1875.69,92,43.0,8556.16,4600.16
2025-06-02,P400,Wireless Earbuds,Electronics,92.56,0.0,92.56,96.05,1341.54,78,43.0,7219.61,3865.61
2025-06-03,P400,Wireless Earbuds,Electronics,93.38,0.0,93.38,94.34,1279.59,85,43.0,7937.56,4282.56
2025-06-04,P400,Wireless Earbuds,Electronics,95.31,0.0,95.31,96.77,1303.06,79,43.0,7529.65,4132.65
2025-06-05,P400,Wireless Earbuds,Electronics,94.83,0.15,80.6,95.86,1629.76,129,43.0,10397.58,4850.58
2025-06-06,P400,Wireless Earbuds,Electronics,96.43,0.0,96.43,92.98,1222.78,68,43.0,6557.04,3633.04
2025-06-07,P400,Wireless Earbuds,Electronics,89.57,0.1,80.61,96.6,930.63,126,43.0,10156.83,4738.83
2025-06-08,P400,Wireless Earbuds,Electronics,90.51,0.15,76.93,91.37,891.05,139,43.0,10693.3,4716.3
2025-06-09,P400,Wireless Earbuds,Electronics,91.71,0.05,87.13,91.82,1361.84,97,43.0,8451.49,4280.49
2025-06-10,P400,Wireless Earbuds,Electronics,91.48,0.0,91.48,93.21,1494.13,91,43.0,8324.28,4411.28
2025-06-11,P400,Wireless Earbuds,Electronics,91.01,0.15,77.35,92.34,1723.28,155,43.0,11989.96,5324.96
2025-06-12,P400,Wireless Earbuds,Electronics,91.11,0.1,82.0,93.98,1092.01,100,43.0,8199.87,3899.87
2025-06-13,P400,Wireless Earbuds,Electronics,93.22,0.15,79.24,96.74,828.59,137,43.0,10855.41,4964.41
2025-06-14,P400,Wireless Earbuds,Electronics,91.78,0.05,87.19,96.8,1417.12,100,43.0,8718.87,4418.87
2025-06-15,P400,Wireless Earbuds,Electronics,93.99,0.15,79.89,92.52,1487.69,128,43.0,10225.88,4721.88
2025-06-16,P400,Wireless Earbuds,Electronics,94.21,0.1,84.79,90.47,792.79,93,43.0,7885.67,3886.67
2025-06-17,P400,Wireless Earbuds,Electronics,90.06,0.0,90.06,91.21,901.3,88,43.0,7925.56,4141.56
2025-06-18,P400,Wireless Earbuds,Electronics,90.98,0.2,72.78,93.44,1907.26,153,43.0,11135.66,4556.66
2025-06-19,P400,Wireless Earbuds,Electronics,92.61,0.1,83.35,95.91,1616.16,111,43.0,9251.57,4478.57
2025-06-20,P400,Wireless Earbuds,Electronics,91.66,0.0,91.66,89.52,1075.48,84,43.0,7699.19,4087.19
2025-06-21,P400,Wireless Earbuds,Electronics,94.9,0.05,90.16,93.81,605.43,78,43.0,7032.36,3678.36
2025-06-22,P400,Wireless Earbuds,Electronics,91.47,0.2,73.18,89.74,1211.33,182,43.0,13318.42,5492.42
2025-06-23,P400,Wireless Earbuds,Electronics,93.33,0.0,93.33,93.24,933.68,62,43.0,5786.76,3120.76
2025-06-24,P400,Wireless Earbuds,Electronics,90.52,0.0,90.52,92.88,1438.2,72,43.0,6517.28,3421.28
2025-06-25,P400,Wireless Earbuds,Electronics,92.9,0.0,92.9,96.21,2004.77,85,43.0,7896.17,4241.17
2025-06-26,P400,Wireless Earbuds,Electronics,92.34,0.0,92.34,95.92,577.4,83,43.0,7664.32,4095.32
2025-06-27,P400,Wireless Earbuds,Electronics,91.71,0.2,73.37,91.38,1172.23,145,43.0,10638.07,4403.07
2025-06-28,P400,Wireless Earbuds,Electronics,90.74,0.2,72.59,93.91,1378.69,169,43.0,12267.51,5000.51
2025-06-29,P400,Wireless Earbuds,Electronics,92.11,0.1,82.9,94.31,1680.31,127,43.0,10527.78,5066.78
2025-06-30,P400,Wireless Earbuds,Electronics,93.42,0.05,88.75,94.73,2263.54,101,43.0,8963.45,4620.45
2025-07-01,P400,Wireless Earbuds,Electronics,92.54,0.0,92.54,90.45,1205.99,70,43.0,6477.84,3467.84
2025-07-02,P400,Wireless Earbuds,Electronics,93.6,0.0,93.6,95.5,799.76,61,43.0,5709.3,3086.3
2025-07-03,P400,Wireless Earbuds,Electronics,92.5,0.0,92.5,90.62,847.04,66,43.0,6104.85,3266.85
2025-07-04,P400,Wireless Earbuds,Electronics,91.44,0.05,86.87,91.16,1105.91,85,43.0,7383.59,3728.59
2025-07-05,P400,Wireless Earbuds,Electronics,94.53,0.0,94.53,96.19,1353.2,80,43.0,7562.45,4122.45
2025-07-06,P400,Wireless Earbuds,Electronics,92.49,0.0,92.49,93.6,1777.31,70,43.0,6474.19,3464.19
2025-07-07,P400,Wireless Earbuds,Electronics,92.43,0.2,73.94,93.49,1290.54,128,43.0,9464.73,3960.73
2025-07-08,P400,Wireless Earbuds,Electronics,90.62,0.0,90.62,90.88,668.24,77,43.0,6977.78,3666.78
2025-07-09,P400,Wireless Earbuds,Electronics,93.69,0.1,84.32,92.43,970.76,93,43.0,7842.09,3843.09
2025-07-10,P400,Wireless Earbuds,Electronics,95.04,0.05,90.28,88.98,1074.0,76,43.0,6861.62,3593.62
2025-07-11,P400,Wireless Earbuds,Electronics,92.12,0.0,92.12,94.3,1691.98,78,43.0,7185.09,3831.09
2025-07-12,P400,Wireless Earbuds,Electronics,93.98,0.2,75.19,92.8,834.32,128,43.0,9623.88,4119.88
2025-07-13,P400,Wireless Earbuds,Electronics,90.72,0.1,81.65,92.45,1383.62,99,43.0,8083.43,3826.43
2025-07-14,P400,Wireless Earbuds,Electronics,93.23,0.0,93.23,90.27,1074.87,62,43.0,5780.13,3114.13
2025-07-15,P400,Wireless Earbuds,Electronics,94.2,0.05,89.49,92.46,1593.48,78,43.0,6980.05,3626.05
2025-07-16,P400,Wireless Earbuds,Electronics,92.5,0.0,92.5,92.84,1974.42,65,43.0,6012.34,3217.34
2025-07-17,P400,Wireless Earbuds,Electronics,95.47,0.0,95.47,96.9,1575.69,68,43.0,6491.91,3567.91
2025-07-18,P400,Wireless Earbuds,Electronics,95.77,0.0,95.77,91.27,1160.22,61,43.0,5841.88,3218.88
2025-07-19,P400,Wireless Earbuds,Electronics,91.72,0.0,91.72,95.67,1021.56,80,43.0,7337.78,3897.78
2025-07-20,P400,Wireless Earbuds,Electronics,90.92,0.0,90.92,90.27,875.03,77,43.0,7000.86,3689.86
2025-07-21,P400,Wireless Earbuds,Electronics,95.3,0.2,76.24,94.15,1483.28,127,43.0,9682.53,4221.53
2025-07-22,P400,Wireless Earbuds,Electronics,92.95,0.2,74.36,91.79,1600.4,150,43.0,11154.58,4704.58
2025-07-23,P400,Wireless Earbuds,Electronics,92.14,0.15,78.32,91.52,1103.55,98,43.0,7675.55,3461.55
2025-07-24,P400,Wireless Earbuds,Electronics,92.85,0.2,74.28,90.73,1777.07,129,43.0,9582.19,4035.19
2025-07-25,P400,Wireless Earbuds,Electronics,97.38,0.1,87.64,91.65,1248.17,78,43.0,6836.14,3482.14
2025-07-26,P400,Wireless Earbuds,Electronics,92.61,0.05,87.98,94.48,1670.37,83,43.0,7302.08,3733.08
2025-07-27,P400,Wireless Earbuds,Electronics,95.0,0.0,95.0,91.07,818.57,71,43.0,6744.75,3691.75
2025-07-28,P400,Wireless Earbuds,Electronics,94.33,0.1,84.9,95.18,1614.48,108,43.0,9168.94,4524.94
2025-07-29,P400,Wireless Earbuds,Electronics,91.95,0.0,91.95,97.12,1977.63,74,43.0,6804.39,3622.39
2025-07-30,P400,Wireless Earbuds,Electronics,91.2,0.05,86.64,92.47,2025.09,88,43.0,7624.23,3840.23
2025-07-31,P400,Wireless Earbuds,Electronics,93.09,0.2,74.47,92.0,823.82,136,43.0,10128.28,4280.28
2025-08-01,P400,Wireless Earbuds,Electronics,94.07,0.05,89.37,95.21,1598.78,79,43.0,7060.31,3663.31
2025-08-02,P400,Wireless Earbuds,Electronics,92.43,0.15,78.56,91.68,807.07,127,43.0,9977.44,4516.44
2025-08-03,P400,Wireless Earbuds,Electronics,93.73,0.0,93.73,94.17,1194.59,67,43.0,6279.63,3398.63
2025-08-04,P400,Wireless Earbuds,Electronics,94.99,0.15,80.74,93.39,1624.79,101,43.0,8155.1,3812.1
2025-08-05,P400,Wireless Earbuds,Electronics,95.62,0.05,90.84,94.64,1582.7,81,43.0,7357.75,3874.75
2025-08-06,P400,Wireless Earbuds,Electronics,97.91,0.1,88.12,94.95,1551.99,85,43.0,7490.5,3835.5
2025-08-07,P400,Wireless Earbuds,Electronics,93.38,0.15,79.37,97.17,936.99,116,43.0,9207.31,4219.31
2025-08-08,P400,Wireless Earbuds,Electronics,95.52,0.1,85.97,96.41,1114.7,82,43.0,7049.51,3523.51
2025-08-09,P400,Wireless Earbuds,Electronics,95.54,0.15,81.21,91.33,1997.87,108,43.0,8770.76,4126.76
2025-08-10,P400,Wireless Earbuds,Electronics,93.26,0.05,88.59,93.79,1751.03,74,43.0,6555.99,3373.99
2025-08-11,P400,Wireless Earbuds,Electronics,97.08,0.2,77.67,95.08,1056.64,140,43.0,10873.26,4853.26
2025-08-12,P400,Wireless Earbuds,Electronics,95.36,0.0,95.36,92.83,1191.61,64,43.0,6103.3,3351.3
2025-08-13,P400,Wireless Earbuds,Electronics,95.54,0.0,95.54,94.61,804.22,60,43.0,5732.63,3152.63
2025-08-14,P400,Wireless Earbuds,Electronics,96.37,0.0,96.37,93.09,1542.2,64,43.0,6167.93,3415.93
2025-08-15,P400,Wireless Earbuds,Electronics,95.04,0.0,95.04,90.61,1056.88,69,43.0,6557.66,3590.66
2025-08-16,P400,Wireless Earbuds,Electronics,98.67,0.2,78.93,100.36,1318.13,135,43.0,10656.0,4851.0
2025-08-17,P400,Wireless Earbuds,Electronics,97.01,0.1,87.31,95.71,1633.41,100,43.0,8730.62,4430.62
2025-08-18,P400,Wireless Earbuds,Electronics,96.59,0.2,77.27,92.85,1181.48,111,43.0,8576.93,3803.93
2025-08-19,P400,Wireless Earbuds,Electronics,93.72,0.0,93.72,94.13,1205.0,67,43.0,6279.29,3398.29
2025-08-20,P400,Wireless Earbuds,Electronics,96.83,0.2,77.46,95.69,1207.51,108,43.0,8365.78,3721.78
2025-08-21,P400,Wireless Earbuds,Electronics,97.47,0.2,77.98,94.29,1232.88,107,43.0,8343.62,3742.62
2025-08-22,P400,Wireless Earbuds,Electronics,95.13,0.2,76.1,94.07,1196.56,128,43.0,9741.35,4237.35
2025-08-23,P400,Wireless Earbuds,Electronics,96.84,0.2,77.47,98.42,2004.31,145,43.0,11233.63,4998.63
2025-08-24,P400,Wireless Earbuds,Electronics,97.17,0.1,87.45,94.44,1597.37,88,43.0,7695.65,3911.65
2025-08-25,P400,Wireless Earbuds,Electronics,93.78,0.15,79.71,92.71,1457.99,97,43.0,7732.03,3561.03
2025-08-26,P400,Wireless Earbuds,Electronics,98.36,0.15,83.6,98.83,1490.5,111,43.0,9279.94,4506.94
2025-08-27,P400,Wireless Earbuds,Electronics,96.51,0.1,86.86,97.69,975.8,85,43.0,7383.19,3728.19
2025-08-28,P400,Wireless Earbuds,Electronics,96.33,0.05,91.51,95.39,703.43,72,43.0,6588.68,3492.68
2025-08-29,P400,Wireless Earbuds,Electronics,94.28,0.05,89.57,95.27,1027.88,69,43.0,6180.3,3213.3
2025-08-30,P400,Wireless Earbuds,Electronics,91.4,0.1,82.26,94.15,1237.49,98,43.0,8061.91,3847.91
2025-08-31,P400,Wireless Earbuds,Electronics,97.52,0.15,82.9,97.53,1669.5,123,43.0,10196.19,4907.19
2025-09-01,P400,Wireless Earbuds,Electronics,95.18,0.0,95.18,97.45,1658.26,64,43.0,6091.65,3339.65
2025-09-02,P400,Wireless Earbuds,Electronics,95.66,0.05,90.88,92.94,908.32,66,43.0,5998.09,3160.09
2025-09-03,P400,Wireless Earbuds,Electronics,97.89,0.2,78.32,97.12,1671.65,108,43.0,8458.05,3814.05
2025-09-04,P400,Wireless Earbuds,Electronics,95.52,0.05,90.74,94.77,1082.74,61,43.0,5535.11,2912.11
2025-09-05,P400,Wireless Earbuds,Electronics,97.79,0.0,97.79,100.49,929.46,66,43.0,6453.99,3615.99
2025-09-06,P400,Wireless Earbuds,Electronics,97.27,0.2,77.81,94.74,955.67,119,43.0,9259.72,4142.72
2025-09-07,P400,Wireless Earbuds,Electronics,98.18,0.0,98.18,101.43,784.79,63,43.0,6185.08,3476.08
2025-09-08,P400,Wireless Earbuds,Electronics,95.98,0.0,95.98,97.32,1300.53,54,43.0,5183.14,2861.14
2025-09-09,P400,Wireless Earbuds,Electronics,97.64,0.0,97.64,94.3,1304.26,67,43.0,6542.15,3661.15
2025-09-10,P400,Wireless Earbuds,Electronics,98.49,0.15,83.72,96.02,1324.07,100,43.0,8371.81,4071.81
2025-09-11,P400,Wireless Earbuds,Electronics,98.57,0.1,88.71,97.16,1378.26,72,43.0,6387.44,3291.44
2025-09-12,P400,Wireless Earbuds,Electronics,96.58,0.2,77.26,99.51,1333.7,137,43.0,10584.86,4693.86
2025-09-13,P400,Wireless Earbuds,Electronics,98.8,0.05,93.86,97.03,860.89,83,43.0,7790.31,4221.31
2025-09-14,P400,Wireless Earbuds,Electronics,99.33,0.0,99.33,102.89,836.7,58,43.0,5760.92,3266.92
2025-09-15,P400,Wireless Earbuds,Electronics,93.12,0.2,74.5,100.0,1536.33,133,43.0,9907.94,4188.94
2025-09-16,P400,Wireless Earbuds,Electronics,96.02,0.0,96.02,98.33,1581.78,66,43.0,6337.28,3499.28
2025-09-17,P400,Wireless Earbuds,Electronics,99.35,0.0,99.35,97.69,1725.33,64,43.0,6358.69,3606.69
2025-09-18,P400,Wireless Earbuds,Electronics,96.22,0.1,86.6,101.03,1467.57,91,43.0,7880.75,3967.75
2025-09-19,P400,Wireless Earbuds,Electronics,101.21,0.05,96.15,94.26,1746.84,63,43.0,6057.25,3348.25
2025-09-20,P400,Wireless Earbuds,Electronics,100.3,0.1,90.27,95.29,1121.25,91,43.0,8214.39,4301.39
2025-09-21,P400,Wireless Earbuds,Electronics,98.1,0.2,78.48,96.88,1073.86,130,43.0,10202.89,4612.89
2025-09-22,P400,Wireless Earbuds,Electronics,101.55,0.1,91.4,105.19,1373.35,84,43.0,7677.46,4065.46
2025-09-23,P400,Wireless Earbuds,Electronics,97.83,0.2,78.27,98.55,1369.3,105,43.0,8218.02,3703.02
2025-09-24,P400,Wireless Earbuds,Electronics,97.25,0.0,97.25,94.93,1458.77,59,43.0,5737.88,3200.88
2025-09-25,P400,Wireless Earbuds,Electronics,97.04,0.0,97.04,103.48,956.38,56,43.0,5434.21,3026.21
2025-09-26,P400,Wireless Earbuds,Electronics,98.43,0.0,98.43,98.85,1355.94,62,43.0,6102.63,3436.63
2025-09-27,P400,Wireless Earbuds,Electronics,98.59,0.0,98.59,97.24,1531.63,65,43.0,6408.32,3613.32
2025-09-28,P400,Wireless Earbuds,Electronics,98.0,0.0,98.0,98.72,1693.12,76,43.0,7447.72,4179.72
2025-09-29,P400,Wireless Earbuds,Electronics,101.12,0.0,101.12,100.76,1299.77,57,43.0,5764.11,3313.11
2025-09-30,P400,Wireless Earbuds,Electronics,98.52,0.1,88.67,100.92,1388.01,90,43.0,7980.33,4110.33
2025-10-01,P400,Wireless Earbuds,Electronics,98.78,0.05,93.85,100.87,804.1,61,43.0,5724.59,3101.59
2025-10-02,P400,Wireless Earbuds,Electronics,94.75,0.1,85.27,103.2,1021.89,83,43.0,7077.73,3508.73
2025-10-03,P400,Wireless Earbuds,Electronics,99.64,0.1,89.68,98.42,784.09,96,43.0,8609.25,4481.25
2025-10-04,P400,Wireless Earbuds,Electronics,99.04,0.0,99.04,97.92,1237.67,64,43.0,6338.43,3586.43
2025-10-05,P400,Wireless Earbuds,Electronics,101.39,0.05,96.32,99.41,1967.87,73,43.0,7031.1,3892.1
2025-10-06,P400,Wireless Earbuds,Electronics,99.9,0.2,79.92,102.55,1772.27,114,43.0,9111.25,4209.25
2025-10-07,P400,Wireless Earbuds,Electronics,99.19,0.15,84.31,93.81,1229.44,100,43.0,8430.88,4130.88
2025-10-08,P400,Wireless Earbuds,Electronics,100.77,0.0,100.77,103.91,1161.76,55,43.0,5542.51,3177.51
2025-10-09,P400,Wireless Earbuds,Electronics,98.44,0.0,98.44,97.22,1524.06,62,43.0,6103.19,3437.19
2025-10-10,P400,Wireless Earbuds,Electronics,100.32,0.1,90.29,99.84,515.77,78,43.0,7042.73,3688.73
2025-10-11,P400,Wireless Earbuds,Electronics,99.46,0.0,99.46,97.41,1262.32,63,43.0,6265.99,3556.99
2025-10-12,P400,Wireless Earbuds,Electronics,102.36,0.2,81.88,100.92,907.32,108,43.0,8843.51,4199.51
2025-10-13,P400,Wireless Earbuds,Electronics,99.8,0.0,99.8,99.68,1297.84,61,43.0,6087.8,3464.8
2025-10-14,P400,Wireless Earbuds,Electronics,98.48,0.0,98.48,99.52,1264.88,62,43.0,6105.82,3439.82
2025-10-15,P400,Wireless Earbuds,Electronics,99.74,0.0,99.74,101.87,1414.11,63,43.0,6283.39,3574.39
2025-10-16,P400,Wireless Earbuds,Electronics,98.79,0.0,98.79,96.96,698.54,67,43.0,6618.9,3737.9
2025-10-17,P400,Wireless Earbuds,Electronics,95.53,0.0,95.53,103.31,1004.49,73,43.0,6973.92,3834.92
2025-10-18,P400,Wireless Earbuds,Electronics,95.55,0.0,95.55,103.99,1556.76,73,43.0,6975.41,3836.41
2025-10-19,P400,Wireless Earbuds,Electronics,96.0,0.1,86.4,97.38,1800.09,95,43.0,8208.2,4123.2
2025-10-20,P400,Wireless Earbuds,Electronics,99.23,0.15,84.35,97.49,1446.62,92,43.0,7760.06,3804.06
2025-10-21,P400,Wireless Earbuds,Electronics,99.86,0.05,94.87,99.28,733.68,64,43.0,6071.51,3319.51
2025-10-22,P400,Wireless Earbuds,Electronics,100.45,0.0,100.45,100.79,1623.33,59,43.0,5926.73,3389.73
2025-10-23,P400,Wireless Earbuds,Electronics,99.43,0.0,99.43,99.61,1644.38,63,43.0,6264.31,3555.31
2025-10-24,P400,Wireless Earbuds,Electronics,98.36,0.05,93.44,103.46,1032.14,73,43.0,6821.39,3682.39
2025-10-25,P400,Wireless Earbuds,Electronics,103.38,0.05,98.21,102.78,1880.01,71,43.0,6972.65,3919.65
2025-10-26,P400,Wireless Earbuds,Electronics,101.14,0.05,96.09,101.78,2027.5,77,43.0,7398.66,4087.66
2025-10-27,P400,Wireless Earbuds,Electronics,99.31,0.0,99.31,98.77,1619.85,58,43.0,5759.81,3265.81
2025-10-28,P400,Wireless Earbuds,Electronics,101.02,0.0,101.02,102.29,1068.27,62,43.0,6263.2,3597.2
2025-10-29,P400,Wireless Earbuds,Electronics,99.2,0.1,89.28,99.73,1160.84,76,43.0,6785.6,3517.6
2025-10-30,P400,Wireless Earbuds,Electronics,100.65,0.1,90.58,100.4,1424.29,94,43.0,8514.94,4472.94
2025-10-31,P400,Wireless Earbuds,Electronics,99.16,0.0,99.16,100.5,1398.51,51,43.0,5057.0,2864.0
2025-11-01,P400,Wireless Earbuds,Electronics,97.07,0.2,77.66,99.4,723.7,179,43.0,13900.52,6203.52
2025-11-02,P400,Wireless Earbuds,Electronics,99.56,0.05,94.58,101.47,1050.16,101,43.0,9552.54,5209.54
2025-11-03,P400,Wireless Earbuds,Electronics,99.96,0.15,84.97,102.23,1013.42,126,43.0,10705.93,5287.93
2025-11-04,P400,Wireless Earbuds,Electronics,101.01,0.0,101.01,104.14,1777.93,83,43.0,8383.78,4814.78
2025-11-05,P400,Wireless Earbuds,Electronics,99.05,0.2,79.24,96.86,815.84,141,43.0,11172.81,5109.81
2025-11-06,P400,Wireless Earbuds,Electronics,98.77,0.15,83.95,104.61,1773.33,129,43.0,10829.67,5282.67
2025-11-07,P400,Wireless Earbuds,Electronics,100.32,0.1,90.29,102.87,1590.17,124,43.0,11196.0,5864.0
2025-11-08,P400,Wireless Earbuds,Electronics,98.01,0.15,83.31,103.68,625.79,160,43.0,13329.45,6449.45
2025-11-09,P400,Wireless Earbuds,Electronics,98.77,0.05,93.83,96.37,1160.08,113,43.0,10602.97,5743.97
2025-11-10,P400,Wireless Earbuds,Electronics,98.03,0.0,98.03,102.98,1312.44,93,43.0,9116.36,5117.36
2025-11-11,P400,Wireless Earbuds,Electronics,99.04,0.0,99.04,101.41,1876.44,89,43.0,8814.64,4987.64
2025-11-12,P400,Wireless Earbuds,Electronics,98.45,0.2,78.76,106.69,1717.32,180,43.0,14177.39,6437.39
2025-11-13,P400,Wireless Earbuds,Electronics,99.15,0.15,84.28,103.11,514.19,130,43.0,10955.75,5365.75
2025-11-14,P400,Wireless Earbuds,Electronics,98.26,0.0,98.26,100.08,1229.64,72,43.0,7074.89,3978.89
2025-11-15,P400,Wireless Earbuds,Electronics,95.36,0.05,90.59,102.39,431.32,103,43.0,9331.12,4902.12
2025-11-16,P400,Wireless Earbuds,Electronics,99.94,0.1,89.95,100.6,1748.2,136,43.0,12232.57,6384.57
2025-11-17,P400,Wireless Earbuds,Electronics,96.01,0.0,96.01,100.19,799.87,74,43.0,7104.69,3922.69
2025-11-18,P400,Wireless Earbuds,Electronics,96.9,0.05,92.05,99.72,1401.96,110,43.0,10125.56,5395.56
2025-11-19,P400,Wireless Earbuds,Electronics,99.11,0.0,99.11,100.6,1517.08,82,43.0,8126.88,4600.88
2025-11-20,P400,Wireless Earbuds,Electronics,97.39,0.0,97.39,105.78,461.03,71,43.0,6914.62,3861.62
2025-11-21,P400,Wireless Earbuds,Electronics,98.74,0.0,98.74,97.76,920.34,73,43.0,7208.21,4069.21
2025-11-22,P400,Wireless Earbuds,Electronics,99.55,0.2,79.64,104.1,1890.24,157,43.0,12503.63,5752.63
2025-11-23,P400,Wireless Earbuds,Electronics,95.57,0.05,90.79,104.26,1450.2,120,43.0,10895.36,5735.36
2025-11-24,P400,Wireless Earbuds,Electronics,98.26,0.0,98.26,101.01,896.39,86,43.0,8450.16,4752.16
2025-11-25,P400,Wireless Earbuds,Electronics,97.46,0.0,97.46,102.5,1146.72,88,43.0,8576.73,4792.73
2025-11-26,P400,Wireless Earbuds,Electronics,97.49,0.2,77.99,103.23,1379.26,155,43.0,12088.88,5423.88
2025-11-27,P400,Wireless Earbuds,Electronics,98.18,0.05,93.28,102.29,1672.91,97,43.0,9047.71,4876.71
2025-11-28,P400,Wireless Earbuds,Electronics,98.7,0.0,98.7,96.89,1256.81,80,43.0,7896.18,4456.18
2025-11-29,P400,Wireless Earbuds,Electronics,99.97,0.0,99.97,102.45,665.76,85,43.0,8497.35,4842.35
2025-11-30,P400,Wireless Earbuds,Electronics,95.92,0.0,95.92,106.9,1059.95,103,43.0,9879.99,5450.99
2025-12-01,P400,Wireless Earbuds,Electronics,97.52,0.15,82.89,99.65,1445.72,141,43.0,11687.8,5624.8
2025-12-02,P400,Wireless Earbuds,Electronics,93.24,0.1,83.92,99.51,1667.5,141,43.0,11832.43,5769.43
2025-12-03,P400,Wireless Earbuds,Electronics,99.24,0.1,89.31,103.91,1284.01,135,43.0,12057.29,6252.29
2025-12-04,P400,Wireless Earbuds,Electronics,97.05,0.0,97.05,95.87,1605.73,84,43.0,8152.37,4540.37
2025-12-05,P400,Wireless Earbuds,Electronics,96.31,0.0,96.31,104.63,1112.4,106,43.0,10208.81,5650.81
2025-12-06,P400,Wireless Earbuds,Electronics,96.13,0.15,81.71,98.46,1775.03,162,43.0,13236.7,6270.7
2025-12-07,P400,Wireless Earbuds,Electronics,96.67,0.0,96.67,99.54,1454.33,88,43.0,8507.35,4723.35
2025-12-08,P400,Wireless Earbuds,Electronics,95.76,0.1,86.19,99.57,1323.92,143,43.0,12324.85,6175.85
2025-12-09,P400,Wireless Earbuds,Electronics,96.09,0.15,81.68,107.12,1144.05,149,43.0,12169.58,5762.58
2025-12-10,P400,Wireless Earbuds,Electronics,95.9,0.05,91.1,99.8,1327.99,116,43.0,10568.04,5580.04
2025-12-11,P400,Wireless Earbuds,Electronics,97.13,0.0,97.13,102.92,1375.08,95,43.0,9226.9,5141.9
2025-12-12,P400,Wireless Earbuds,Electronics,98.25,0.2,78.6,97.68,2199.36,165,43.0,12969.38,5874.38
2025-12-13,P400,Wireless Earbuds,Electronics,95.64,0.0,95.64,97.45,1650.65,126,43.0,12050.64,6632.64
2025-12-14,P400,Wireless Earbuds,Electronics,95.18,0.0,95.18,101.05,1379.26,115,43.0,10945.2,6000.2
2025-12-15,P400,Wireless Earbuds,Electronics,99.9,0.2,79.92,99.58,1490.36,172,43.0,13746.11,6350.11
2025-12-16,P400,Wireless Earbuds,Electronics,95.94,0.0,95.94,97.45,1012.44,99,43.0,9498.02,5241.02
2025-12-17,P400,Wireless Earbuds,Electronics,98.05,0.1,88.24,100.64,1731.01,107,43.0,9441.81,4840.81
2025-12-18,P400,Wireless Earbuds,Electronics,95.02,0.05,90.27,104.79,1407.75,104,43.0,9388.12,4916.12
2025-12-19,P400,Wireless Earbuds,Electronics,95.9,0.15,81.52,93.76,1363.46,139,43.0,11331.16,5354.16
2025-12-20,P400,Wireless Earbuds,Electronics,92.77,0.0,92.77,99.99,1250.87,111,43.0,10297.97,5524.97
2025-12-21,P400,Wireless Earbuds,Electronics,94.92,0.0,94.92,96.23,1051.35,110,43.0,10441.21,5711.21
2025-12-22,P400,Wireless Earbuds,Electronics,95.83,0.1,86.25,99.47,925.68,121,43.0,10436.42,5233.42
2025-12-23,P400,Wireless Earbuds,Electronics,96.62,0.15,82.12,98.41,359.9,130,43.0,10676.14,5086.14
2025-12-24,P400,Wireless Earbuds,Electronics,94.42,0.1,84.98,97.3,1151.26,140,43.0,11896.92,5876.92
2025-12-25,P400,Wireless Earbuds,Electronics,95.1,0.05,90.35,95.78,1190.18,91,43.0,8221.51,4308.51
2025-12-26,P400,Wireless Earbuds,Electronics,94.34,0.0,94.34,96.8,1761.25,103,43.0,9717.13,5288.13
2025-12-27,P400,Wireless Earbuds,Electronics,96.74,0.0,96.74,96.78,921.44,101,43.0,9771.22,5428.22
2025-12-28,P400,Wireless Earbuds,Electronics,98.03,0.0,98.03,100.13,1165.08,98,43.0,9607.22,5393.22
2025-12-29,P400,Wireless Earbuds,Electronics,94.77,0.0,94.77,102.02,1393.59,101,43.0,9571.31,5228.31
2025-12-30,P400,Wireless Earbuds,Electronics,95.25,0.0,95.25,100.15,1151.25,90,43.0,8572.7,4702.7
2025-12-31,P400,Wireless Earbuds,Electronics,96.43,0.05,91.61,101.15,1892.62,122,43.0,11176.81,5930.81
2026-01-01,P400,Wireless Earbuds,Electronics,95.19,0.2,76.15,106.47,1374.53,136,43.0,10356.47,4508.47
2026-01-02,P400,Wireless Earbuds,Electronics,94.0,0.0,94.0,95.59,1029.11,82,43.0,7708.08,4182.08
2026-01-03,P400,Wireless Earbuds,Electronics,93.94,0.2,75.15,98.34,1686.41,155,43.0,11648.2,4983.2
2026-01-04,P400,Wireless Earbuds,Electronics,91.79,0.2,73.43,99.9,1393.29,162,43.0,11895.9,4929.9
2026-01-05,P400,Wireless Earbuds,Electronics,92.25,0.0,92.25,97.77,1701.95,77,43.0,7102.98,3791.98
2026-01-06,P400,Wireless Earbuds,Electronics,93.03,0.0,93.03,98.42,1167.73,81,43.0,7535.18,4052.18
2026-01-07,P400,Wireless Earbuds,Electronics,97.75,0.05,92.86,98.75,1280.68,90,43.0,8357.76,4487.76
2026-01-08,P400,Wireless Earbuds,Electronics,95.23,0.15,80.94,103.65,1291.22,128,43.0,10360.53,4856.53
2026-01-09,P400,Wireless Earbuds,Electronics,94.9,0.2,75.92,98.86,1849.14,143,43.0,10856.84,4707.84
2026-01-10,P400,Wireless Earbuds,Electronics,95.23,0.05,90.47,100.29,1222.61,95,43.0,8594.71,4509.71
2026-01-11,P400,Wireless Earbuds,Electronics,95.07,0.0,95.07,98.69,1004.69,93,43.0,8841.88,4842.88
2026-01-12,P400,Wireless Earbuds,Electronics,95.01,0.1,85.51,96.61,1431.09,111,43.0,9491.17,4718.17
2026-01-13,P400,Wireless Earbuds,Electronics,90.92,0.0,90.92,98.54,1534.92,70,43.0,6364.4,3354.4
2026-01-14,P400,Wireless Earbuds,Electronics,93.95,0.1,84.55,98.93,1588.88,107,43.0,9047.27,4446.27
2026-01-15,P400,Wireless Earbuds,Electronics,91.75,0.05,87.16,93.12,1693.2,102,43.0,8890.57,4504.57
2026-01-16,P400,Wireless Earbuds,Electronics,95.5,0.2,76.4,99.27,759.03,130,43.0,9932.51,4342.51
2026-01-17,P400,Wireless Earbuds,Electronics,93.64,0.05,88.96,98.83,1904.44,105,43.0,9341.0,4826.0
2026-01-18,P400,Wireless Earbuds,Electronics,91.87,0.1,82.69,95.49,2099.57,138,43.0,11410.62,5476.62
2026-01-19,P400,Wireless Earbuds,Electronics,95.24,0.2,76.19,96.46,1299.41,154,43.0,11733.06,5111.06
2026-01-20,P400,Wireless Earbuds,Electronics,92.39,0.05,87.77,95.32,1138.9,94,43.0,8250.06,4208.06
2026-01-21,P400,Wireless Earbuds,Electronics,91.79,0.1,82.61,97.52,1402.45,113,43.0,9334.88,4475.88
2026-01-22,P400,Wireless Earbuds,Electronics,91.73,0.05,87.14,95.52,1316.77,107,43.0,9324.25,4723.25
2026-01-23,P400,Wireless Earbuds,Electronics,90.95,0.0,90.95,101.85,1273.89,92,43.0,8367.06,4411.06
2026-01-24,P400,Wireless Earbuds,Electronics,91.77,0.0,91.77,96.23,1158.12,87,43.0,7983.58,4242.58
2026-01-25,P400,Wireless Earbuds,Electronics,92.56,0.2,74.05,97.44,1362.21,173,43.0,12810.16,5371.16
2026-01-26,P400,Wireless Earbuds,Electronics,91.75,0.15,77.99,95.23,1465.7,143,43.0,11152.52,5003.52
2026-01-27,P400,Wireless Earbuds,Electronics,94.32,0.0,94.32,96.23,1438.08,79,43.0,7451.31,4054.31
2026-01-28,P400,Wireless Earbuds,Electronics,89.9,0.15,76.41,95.24,925.94,130,43.0,9933.49,4343.49
2026-01-29,P400,Wireless Earbuds,Electronics,93.11,0.15,79.14,93.32,1044.12,145,43.0,11475.27,5240.27
2026-01-30,P400,Wireless Earbuds,Electronics,90.07,0.0,90.07,93.14,1029.41,83,43.0,7475.87,3906.87
2026-01-31,P400,Wireless Earbuds,Electronics,91.1,0.0,91.1,97.22,1786.41,106,43.0,9657.02,5099.02
2026-02-01,P400,Wireless Earbuds,Electronics,94.55,0.05,89.83,95.16,1468.27,111,43.0,9970.68,5197.68
2026-02-02,P400,Wireless Earbuds,Electronics,95.79,0.0,95.79,98.22,1622.74,102,43.0,9770.36,5384.36
2026-02-03,P400,Wireless Earbuds,Electronics,92.9,0.05,88.26,95.98,970.58,95,43.0,8384.39,4299.39
2026-02-04,P400,Wireless Earbuds,Electronics,89.73,0.05,85.24,94.19,1258.48,112,43.0,9547.39,4731.39
2026-02-05,P400,Wireless Earbuds,Electronics,94.62,0.1,85.16,100.35,1353.41,115,43.0,9792.88,4847.88
2026-02-06,P400,Wireless Earbuds,Electronics,89.89,0.0,89.89,93.79,1677.94,92,43.0,8269.54,4313.54
2026-02-07,P400,Wireless Earbuds,Electronics,92.85,0.0,92.85,91.72,1265.22,101,43.0,9378.35,5035.35
2026-02-08,P400,Wireless Earbuds,Electronics,94.54,0.05,89.81,94.79,1862.92,95,43.0,8531.86,4446.86
2026-02-09,P400,Wireless Earbuds,Electronics,90.97,0.05,86.42,96.39,1196.0,101,43.0,8728.65,4385.65
2026-02-10,P400,Wireless Earbuds,Electronics,91.25,0.0,91.25,95.58,1371.06,88,43.0,8030.02,4246.02
2026-02-11,P400,Wireless Earbuds,Electronics,90.64,0.0,90.64,93.55,945.05,95,43.0,8610.5,4525.5
2026-02-12,P400,Wireless Earbuds,Electronics,96.39,0.0,96.39,99.4,1534.04,79,43.0,7614.76,4217.76
2026-02-13,P400,Wireless Earbuds,Electronics,92.52,0.05,87.89,93.64,1774.77,84,43.0,7383.1,3771.1
2026-02-14,P400,Wireless Earbuds,Electronics,92.13,0.0,92.13,96.49,995.74,91,43.0,8384.26,4471.26
2026-02-15,P400,Wireless Earbuds,Electronics,93.68,0.15,79.63,91.38,807.49,125,43.0,9953.3,4578.3
2026-02-16,P400,Wireless Earbuds,Electronics,90.0,0.15,76.5,90.88,949.84,153,43.0,11705.07,5126.07
2026-02-17,P400,Wireless Earbuds,Electronics,92.13,0.0,92.13,92.03,1528.07,101,43.0,9305.47,4962.47
2026-02-18,P400,Wireless Earbuds,Electronics,91.15,0.0,91.15,98.38,1431.19,91,43.0,8294.89,4381.89
2026-02-19,P400,Wireless Earbuds,Electronics,93.39,0.0,93.39,98.62,1487.28,91,43.0,8498.87,4585.87
2026-02-20,P400,Wireless Earbuds,Electronics,91.99,0.0,91.99,96.1,955.54,86,43.0,7911.41,4213.41
2026-02-21,P400,Wireless Earbuds,Electronics,97.72,0.0,97.72,94.58,1397.78,82,43.0,8013.44,4487.44
2026-02-22,P400,Wireless Earbuds,Electronics,92.41,0.15,78.55,94.16,1209.28,152,43.0,11939.7,5403.7
2026-02-23,P400,Wireless Earbuds,Electronics,91.95,0.0,91.95,93.27,1505.06,82,43.0,7539.83,4013.83
2026-02-24,P400,Wireless Earbuds,Electronics,94.43,0.2,75.55,95.56,1450.93,144,43.0,10878.61,4686.61
2026-02-25,P400,Wireless Earbuds,Electronics,91.55,0.05,86.97,91.9,1530.72,93,43.0,8088.47,4089.47
2026-02-26,P400,Wireless Earbuds,Electronics,94.63,0.05,89.89,92.02,953.25,85,43.0,7641.02,3986.02
2026-02-27,P400,Wireless Earbuds,Electronics,91.96,0.15,78.17,93.77,905.74,134,43.0,10474.39,4712.39
2026-02-28,P400,Wireless Earbuds,Electronics,90.98,0.0,90.98,95.09,1597.69,100,43.0,9097.96,4797.96
2026-03-01,P400,Wireless Earbuds,Electronics,93.46,0.0,93.46,93.1,960.07,94,43.0,8785.66,4743.66
2026-03-02,P400,Wireless Earbuds,Electronics,91.08,0.2,72.86,92.92,1084.36,154,43.0,11221.0,4599.0
2026-03-03,P400,Wireless Earbuds,Electronics,92.65,0.15,78.75,96.02,1633.43,147,43.0,11576.44,5255.44
2026-03-04,P400,Wireless Earbuds,Electronics,92.68,0.2,74.15,87.65,1432.36,127,43.0,9416.43,3955.43
2026-03-05,P400,Wireless Earbuds,Electronics,89.85,0.15,76.37,93.89,1137.61,167,43.0,12754.39,5573.39
2026-03-06,P400,Wireless Earbuds,Electronics,94.02,0.0,94.02,92.61,1799.07,98,43.0,9214.31,5000.31
2026-03-07,P400,Wireless Earbuds,Electronics,94.16,0.2,75.33,91.84,779.17,164,43.0,12354.18,5302.18
2026-03-08,P400,Wireless Earbuds,Electronics,91.52,0.05,86.94,92.32,1393.82,94,43.0,8172.46,4130.46
2026-03-09,P400,Wireless Earbuds,Electronics,91.2,0.2,72.96,92.94,1122.2,162,43.0,11820.02,4854.02
2026-03-10,P400,Wireless Earbuds,Electronics,92.23,0.15,78.39,89.55,1107.49,131,43.0,10269.29,4636.29
2026-03-11,P400,Wireless Earbuds,Electronics,92.97,0.0,92.97,93.99,1545.42,82,43.0,7623.47,4097.47
2026-03-12,P400,Wireless Earbuds,Electronics,90.84,0.05,86.3,96.0,1438.76,99,43.0,8543.91,4286.91
2026-03-13,P400,Wireless Earbuds,Electronics,94.11,0.1,84.7,97.06,1390.22,129,43.0,10926.25,5379.25
2026-03-14,P400,Wireless Earbuds,Electronics,91.61,0.05,87.03,92.79,1179.4,115,43.0,10007.94,5062.94
2026-03-15,P400,Wireless Earbuds,Electronics,96.55,0.1,86.89,90.59,845.16,130,43.0,11296.02,5706.02
2026-03-16,P400,Wireless Earbuds,Electronics,94.72,0.0,94.72,93.89,1176.26,84,43.0,7956.43,4344.43
2026-03-17,P400,Wireless Earbuds,Electronics,92.2,0.2,73.76,89.97,1170.66,151,43.0,11137.31,4644.31
2026-03-18,P400,Wireless Earbuds,Electronics,88.34,0.15,75.09,91.93,976.41,146,43.0,10963.57,4685.57
2026-03-19,P400,Wireless Earbuds,Electronics,94.05,0.2,75.24,93.47,1420.28,167,43.0,12565.02,5384.02
2026-03-20,P400,Wireless Earbuds,Electronics,95.63,0.05,90.85,93.81,1401.42,101,43.0,9175.47,4832.47
2026-03-21,P400,Wireless Earbuds,Electronics,90.0,0.0,90.0,96.52,1378.17,92,43.0,8280.36,4324.36
2026-03-22,P400,Wireless Earbuds,Electronics,96.37,0.15,81.91,91.02,1492.18,124,43.0,10156.96,4824.96
2026-03-23,P400,Wireless Earbuds,Electronics,98.2,0.2,78.56,92.84,536.01,136,43.0,10684.18,4836.18
2026-03-24,P400,Wireless Earbuds,Electronics,93.7,0.0,93.7,95.39,1146.86,94,43.0,8807.59,4765.59
2026-03-25,P400,Wireless Earbuds,Electronics,92.74,0.05,88.11,92.02,1478.41,104,43.0,9163.1,4691.1
2026-03-26,P400,Wireless Earbuds,Electronics,95.84,0.15,81.47,93.29,1538.07,121,43.0,9857.51,4654.51
2026-03-27,P400,Wireless Earbuds,Electronics,95.35,0.0,95.35,88.61,1476.04,84,43.0,8009.43,4397.43
2026-03-28,P400,Wireless Earbuds,Electronics,97.29,0.1,87.56,94.38,1336.11,122,43.0,10682.16,5436.16
2026-03-29,P400,Wireless Earbuds,Electronics,93.58,0.0,93.58,89.43,1835.33,98,43.0,9170.57,4956.57
2026-03-30,P400,Wireless Earbuds,Electronics,93.35,0.0,93.35,93.29,1717.37,96,43.0,8961.6,4833.6
2026-03-31,P400,Wireless Earbuds,Electronics,93.42,0.2,74.73,95.09,1442.34,152,43.0,11359.46,4823.46
2026-04-01,P400,Wireless Earbuds,Electronics,96.18,0.2,76.95,94.94,1700.91,184,43.0,14158.01,6246.01
2026-04-02,P400,Wireless Earbuds,Electronics,97.33,0.15,82.73,95.98,1827.84,131,43.0,10837.81,5204.81
2026-04-03,P400,Wireless Earbuds,Electronics,93.06,0.0,93.06,98.64,1322.66,100,43.0,9305.51,5005.51
2026-04-04,P400,Wireless Earbuds,Electronics,94.42,0.05,89.7,86.82,1152.24,100,43.0,8970.01,4670.01
2026-04-05,P400,Wireless Earbuds,Electronics,96.26,0.2,77.01,95.28,906.11,174,43.0,13399.51,5917.51
2026-04-06,P400,Wireless Earbuds,Electronics,97.67,0.15,83.02,94.42,1134.58,110,43.0,9132.24,4402.24
2026-04-07,P400,Wireless Earbuds,Electronics,98.8,0.0,98.8,94.52,1292.09,66,43.0,6520.95,3682.95
2026-04-08,P400,Wireless Earbuds,Electronics,94.12,0.05,89.42,93.62,599.32,99,43.0,8852.25,4595.25
2026-04-09,P400,Wireless Earbuds,Electronics,93.11,0.1,83.8,96.05,1375.08,115,43.0,9637.12,4692.12
2026-04-10,P400,Wireless Earbuds,Electronics,97.62,0.15,82.98,96.01,1328.97,128,43.0,10621.51,5117.51
2026-04-11,P400,Wireless Earbuds,Electronics,95.51,0.2,76.41,93.49,1911.26,168,43.0,12836.69,5612.69
2026-04-12,P400,Wireless Earbuds,Electronics,97.21,0.1,87.49,87.93,1374.69,117,43.0,10236.69,5205.69
2026-04-13,P400,Wireless Earbuds,Electronics,96.0,0.05,91.2,89.33,1409.55,94,43.0,8572.39,4530.39
2026-04-14,P400,Wireless Earbuds,Electronics,94.74,0.1,85.27,92.36,1535.05,118,43.0,10061.42,4987.42
2026-04-15,P400,Wireless Earbuds,Electronics,94.84,0.2,75.88,93.33,1619.37,143,43.0,10850.2,4701.2
2026-04-16,P400,Wireless Earbuds,Electronics,96.57,0.1,86.91,89.98,1715.99,125,43.0,10863.65,5488.65
2026-04-17,P400,Wireless Earbuds,Electronics,96.16,0.0,96.16,92.26,1671.91,80,43.0,7693.0,4253.0
2026-04-18,P400,Wireless Earbuds,Electronics,92.57,0.15,78.68,94.26,1566.43,145,43.0,11409.21,5174.21
2026-04-19,P400,Wireless Earbuds,Electronics,96.26,0.0,96.26,95.52,1278.4,77,43.0,7411.91,4100.91
2026-04-20,P400,Wireless Earbuds,Electronics,98.95,0.15,84.11,95.85,797.64,117,43.0,9840.76,4809.76
2026-04-21,P400,Wireless Earbuds,Electronics,97.78,0.05,92.89,93.07,874.12,70,43.0,6502.49,3492.49
2026-04-22,P400,Wireless Earbuds,Electronics,99.62,0.0,99.62,96.13,1634.32,81,43.0,8069.25,4586.25
2026-04-23,P400,Wireless Earbuds,Electronics,96.52,0.1,86.87,94.56,1815.71,113,43.0,9816.01,4957.01
2026-04-24,P400,Wireless Earbuds,Electronics,100.45,0.0,100.45,89.59,1655.71,67,43.0,6729.9,3848.9
2026-04-25,P400,Wireless Earbuds,Electronics,100.78,0.2,80.62,96.71,1871.53,172,43.0,13866.76,6470.76
2026-04-26,P400,Wireless Earbuds,Electronics,95.74,0.05,90.95,97.16,760.16,118,43.0,10732.05,5658.05
2026-04-27,P400,Wireless Earbuds,Electronics,98.57,0.0,98.57,93.45,1459.14,79,43.0,7786.94,4389.94
2026-04-28,P400,Wireless Earbuds,Electronics,97.14,0.0,97.14,97.03,1356.04,76,43.0,7382.93,4114.93
2026-04-29,P400,Wireless Earbuds,Electronics,99.83,0.05,94.84,88.91,1459.8,89,43.0,8440.72,4613.72
2026-04-30,P400,Wireless Earbuds,Electronics,96.22,0.0,96.22,93.77,1103.55,86,43.0,8275.15,4577.15
2026-05-01,P400,Wireless Earbuds,Electronics,95.86,0.2,76.69,95.99,586.36,151,43.0,11579.46,5086.46
2026-05-02,P400,Wireless Earbuds,Electronics,97.89,0.1,88.1,94.91,1271.35,127,43.0,11188.3,5727.3
2026-05-03,P400,Wireless Earbuds,Electronics,98.85,0.0,98.85,95.13,1405.07,80,43.0,7908.28,4468.28
2026-05-04,P400,Wireless Earbuds,Electronics,97.44,0.15,82.82,93.7,1700.12,128,43.0,10601.3,5097.3
2026-05-05,P400,Wireless Earbuds,Electronics,98.68,0.0,98.68,90.83,1639.56,71,43.0,7006.47,3953.47
2026-05-06,P400,Wireless Earbuds,Electronics,96.3,0.0,96.3,95.95,1651.75,86,43.0,8282.05,4584.05
2026-05-07,P400,Wireless Earbuds,Electronics,98.01,0.1,88.21,93.68,1580.48,117,43.0,10320.83,5289.83
2026-05-08,P400,Wireless Earbuds,Electronics,98.13,0.15,83.41,93.96,798.16,100,43.0,8340.64,4040.64
2026-05-09,P400,Wireless Earbuds,Electronics,95.39,0.2,76.31,93.52,1216.47,177,43.0,13507.69,5896.69
2026-05-10,P400,Wireless Earbuds,Electronics,98.33,0.15,83.58,94.71,1304.87,127,43.0,10614.23,5153.23
2026-05-11,P400,Wireless Earbuds,Electronics,100.9,0.0,100.9,91.01,1408.47,69,43.0,6961.86,3994.86
2026-05-12,P400,Wireless Earbuds,Electronics,99.85,0.0,99.85,94.79,1204.01,82,43.0,8187.76,4661.76
2026-05-13,P400,Wireless Earbuds,Electronics,98.56,0.1,88.71,99.58,1398.01,107,43.0,9491.69,4890.69
2026-05-14,P400,Wireless Earbuds,Electronics,98.37,0.0,98.37,93.53,1352.47,75,43.0,7377.48,4152.48
2026-05-15,P400,Wireless Earbuds,Electronics,99.24,0.1,89.31,95.88,1444.72,103,43.0,9199.13,4770.13
2026-05-16,P400,Wireless Earbuds,Electronics,101.44,0.15,86.22,101.38,1317.95,142,43.0,12243.64,6137.64
2026-05-17,P400,Wireless Earbuds,Electronics,97.52,0.05,92.65,98.58,1046.46,103,43.0,9542.81,5113.81
2026-05-18,P400,Wireless Earbuds,Electronics,98.37,0.05,93.45,94.75,1015.87,84,43.0,7850.13,4238.13
2026-05-19,P400,Wireless Earbuds,Electronics,101.54,0.2,81.23,96.52,836.01,143,43.0,11616.32,5467.32
2026-05-20,P400,Wireless Earbuds,Electronics,97.38,0.1,87.64,96.82,1521.87,127,43.0,11130.85,5669.85
2026-05-21,P400,Wireless Earbuds,Electronics,97.54,0.15,82.9,97.06,1753.45,120,43.0,9948.58,4788.58
2026-05-22,P400,Wireless Earbuds,Electronics,97.72,0.15,83.06,96.47,792.23,125,43.0,10382.73,5007.73
2026-05-23,P400,Wireless Earbuds,Electronics,96.61,0.0,96.61,98.89,1484.96,106,43.0,10241.1,5683.1
2026-05-24,P400,Wireless Earbuds,Electronics,100.24,0.15,85.2,93.96,1386.0,125,43.0,10650.56,5275.56
2026-05-25,P400,Wireless Earbuds,Electronics,101.17,0.0,101.17,93.75,2027.52,81,43.0,8194.73,4711.73
2026-05-26,P400,Wireless Earbuds,Electronics,98.8,0.0,98.8,94.2,1374.01,66,43.0,6520.85,3682.85
2026-05-27,P400,Wireless Earbuds,Electronics,102.37,0.05,97.25,92.22,781.44,71,43.0,6905.09,3852.09
2026-05-28,P400,Wireless Earbuds,Electronics,101.5,0.0,101.5,96.57,1666.81,71,43.0,7206.19,4153.19
2026-05-29,P400,Wireless Earbuds,Electronics,99.97,0.2,79.97,100.34,1211.22,131,43.0,10476.45,4843.45
2026-05-30,P400,Wireless Earbuds,Electronics,100.07,0.0,100.07,96.74,1661.22,80,43.0,8005.78,4565.78
2026-05-31,P400,Wireless Earbuds,Electronics,99.5,0.05,94.53,97.47,1403.45,109,43.0,10303.3,5616.3
2026-06-01,P400,Wireless Earbuds,Electronics,99.94,0.05,94.94,97.94,1663.19,93,43.0,8829.46,4830.46
2026-06-02,P400,Wireless Earbuds,Electronics,100.56,0.0,100.56,93.18,402.7,73,43.0,7340.65,4201.65
2026-06-03,P400,Wireless Earbuds,Electronics,100.09,0.0,100.09,98.54,1993.83,86,43.0,8607.46,4909.46
2026-06-04,P400,Wireless Earbuds,Electronics,101.0,0.2,80.8,94.85,1027.56,104,43.0,8403.4,3931.4
2026-06-05,P400,Wireless Earbuds,Electronics,100.44,0.0,100.44,99.93,1543.15,73,43.0,7332.35,4193.35
2026-06-06,P400,Wireless Earbuds,Electronics,98.38,0.05,93.46,95.19,1241.17,86,43.0,8037.62,4339.62
2026-06-07,P400,Wireless Earbuds,Electronics,102.39,0.05,97.27,96.8,602.96,85,43.0,8268.22,4613.22
2026-06-08,P400,Wireless Earbuds,Electronics,99.36,0.1,89.42,96.52,964.2,96,43.0,8584.35,4456.35
2026-06-09,P400,Wireless Earbuds,Electronics,98.42,0.05,93.5,102.17,1361.98,94,43.0,8788.74,4746.74
2026-06-10,P400,Wireless Earbuds,Electronics,98.55,0.0,98.55,95.69,1291.74,91,43.0,8968.31,5055.31
2026-06-11,P400,Wireless Earbuds,Electronics,98.85,0.1,88.97,95.69,308.1,85,43.0,7562.24,3907.24
2026-06-12,P400,Wireless Earbuds,Electronics,103.45,0.1,93.11,99.2,1890.73,92,43.0,8566.07,4610.07
2026-06-13,P400,Wireless Earbuds,Electronics,95.26,0.1,85.73,98.82,1385.54,120,43.0,10287.83,5127.83
2026-06-14,P400,Wireless Earbuds,Electronics,98.4,0.2,78.72,100.23,1119.52,159,43.0,12516.57,5679.57
2026-06-15,P400,Wireless Earbuds,Electronics,99.64,0.05,94.66,95.95,1146.16,96,43.0,9087.06,4959.06
2026-06-16,P400,Wireless Earbuds,Electronics,101.21,0.0,101.21,100.61,1016.87,61,43.0,6173.54,3550.54
2026-06-17,P400,Wireless Earbuds,Electronics,101.16,0.1,91.04,98.59,1166.61,82,43.0,7465.42,3939.42
2026-06-18,P400,Wireless Earbuds,Electronics,100.74,0.0,100.74,101.2,1055.53,65,43.0,6548.02,3753.02
2026-06-19,P400,Wireless Earbuds,Electronics,101.36,0.1,91.22,102.72,1260.74,93,43.0,8483.76,4484.76
2026-06-20,P400,Wireless Earbuds,Electronics,99.26,0.0,99.26,97.62,1705.44,87,43.0,8636.05,4895.05
2026-06-21,P400,Wireless Earbuds,Electronics,101.04,0.1,90.93,97.54,1296.74,99,43.0,9002.43,4745.43
2026-06-22,P400,Wireless Earbuds,Electronics,101.66,0.0,101.66,101.13,1267.05,63,43.0,6404.52,3695.52
2026-06-23,P400,Wireless Earbuds,Electronics,101.75,0.2,81.4,98.51,1857.87,127,43.0,10338.1,4877.1
2026-06-24,P400,Wireless Earbuds,Electronics,98.5,0.0,98.5,98.36,826.04,72,43.0,7092.18,3996.18
2026-06-25,P400,Wireless Earbuds,Electronics,97.7,0.1,87.93,97.31,1088.65,91,43.0,8001.4,4088.4
2026-06-26,P400,Wireless Earbuds,Electronics,99.4,0.0,99.4,98.71,1317.28,88,43.0,8747.25,4963.25
2026-06-27,P400,Wireless Earbuds,Electronics,98.66,0.05,93.73,100.9,1277.37,96,43.0,8997.9,4869.9
2026-06-28,P400,Wireless Earbuds,Electronics,98.92,0.0,98.92,99.75,1088.85,75,43.0,7419.02,4194.02
2026-06-29,P400,Wireless Earbuds,Electronics,98.87,0.05,93.92,102.94,2077.91,91,43.0,8546.97,4633.97
2026-06-30,P400,Wireless Earbuds,Electronics,99.94,0.1,89.94,102.02,823.12,102,43.0,9174.22,4788.22
2025-01-01,P401,Fitness Tracker,Electronics,128.01,0.15,108.81,132.47,1626.95,73,58.0,7943.01,3709.01
2025-01-02,P401,Fitness Tracker,Electronics,134.22,0.1,120.8,131.54,1719.43,63,58.0,7610.43,3956.43
2025-01-03,P401,Fitness Tracker,Electronics,130.18,0.0,130.18,131.16,369.02,49,58.0,6378.95,3536.95
2025-01-04,P401,Fitness Tracker,Electronics,128.23,0.0,128.23,137.19,1426.61,62,58.0,7950.3,4354.3
2025-01-05,P401,Fitness Tracker,Electronics,131.35,0.0,131.35,135.52,1176.28,58,58.0,7618.25,4254.25
2025-01-06,P401,Fitness Tracker,Electronics,130.98,0.0,130.98,135.59,1201.99,44,58.0,5763.17,3211.17
2025-01-07,P401,Fitness Tracker,Electronics,128.72,0.1,115.85,131.85,772.9,54,58.0,6255.98,3123.98
2025-01-08,P401,Fitness Tracker,Electronics,130.12,0.0,130.12,135.58,1288.55,47,58.0,6115.62,3389.62
2025-01-09,P401,Fitness Tracker,Electronics,127.77,0.0,127.77,131.32,1277.38,43,58.0,5494.06,3000.06
2025-01-10,P401,Fitness Tracker,Electronics,131.72,0.0,131.72,132.24,1435.45,52,58.0,6849.23,3833.23
2025-01-11,P401,Fitness Tracker,Electronics,130.97,0.0,130.97,127.51,1122.57,56,58.0,7334.14,4086.14
2025-01-12,P401,Fitness Tracker,Electronics,131.51,0.0,131.51,140.23,1913.58,58,58.0,7627.29,4263.29
2025-01-13,P401,Fitness Tracker,Electronics,129.85,0.0,129.85,132.83,1153.03,46,58.0,5973.27,3305.27
2025-01-14,P401,Fitness Tracker,Electronics,128.42,0.2,102.74,135.76,1910.79,99,58.0,10170.99,4428.99
2025-01-15,P401,Fitness Tracker,Electronics,129.92,0.0,129.92,135.67,1285.35,49,58.0,6366.04,3524.04
2025-01-16,P401,Fitness Tracker,Electronics,130.32,0.2,104.25,136.75,1350.28,81,58.0,8444.5,3746.5
2025-01-17,P401,Fitness Tracker,Electronics,129.09,0.2,103.27,136.12,1187.27,78,58.0,8055.11,3531.11
2025-01-18,P401,Fitness Tracker,Electronics,133.91,0.15,113.82,138.17,584.54,85,58.0,9674.78,4744.78
2025-01-19,P401,Fitness Tracker,Electronics,130.63,0.0,130.63,138.57,1894.91,63,58.0,8229.41,4575.41
2025-01-20,P401,Fitness Tracker,Electronics,131.78,0.0,131.78,130.55,570.56,49,58.0,6457.1,3615.1
2025-01-21,P401,Fitness Tracker,Electronics,134.44,0.2,107.55,134.19,1099.38,76,58.0,8173.93,3765.93
2025-01-22,P401,Fitness Tracker,Electronics,133.92,0.05,127.23,135.84,1217.5,69,58.0,8778.67,4776.67
2025-01-23,P401,Fitness Tracker,Electronics,128.2,0.05,121.79,131.83,1243.32,59,58.0,7185.52,3763.52
2025-01-24,P401,Fitness Tracker,Electronics,133.59,0.15,113.55,134.44,1167.9,69,58.0,7835.08,3833.08
2025-01-25,P401,Fitness Tracker,Electronics,129.22,0.0,129.22,136.26,1456.66,57,58.0,7365.53,4059.53
2025-01-26,P401,Fitness Tracker,Electronics,131.38,0.05,124.81,139.2,1667.84,74,58.0,9235.73,4943.73
2025-01-27,P401,Fitness Tracker,Electronics,132.78,0.15,112.87,134.13,1227.69,81,58.0,9142.12,4444.12
2025-01-28,P401,Fitness Tracker,Electronics,133.97,0.15,113.87,134.6,923.35,69,58.0,7857.25,3855.25
2025-01-29,P401,Fitness Tracker,Electronics,130.51,0.0,130.51,138.04,1024.27,46,58.0,6003.44,3335.44
2025-01-30,P401,Fitness Tracker,Electronics,130.38,0.0,130.38,133.84,1239.99,56,58.0,7301.29,4053.29
2025-01-31,P401,Fitness Tracker,Electronics,130.03,0.15,110.52,132.65,792.74,85,58.0,9394.55,4464.55
2025-02-01,P401,Fitness Tracker,Electronics,135.42,0.05,128.65,135.16,1437.28,63,58.0,8105.1,4451.1
2025-02-02,P401,Fitness Tracker,Electronics,132.75,0.05,126.12,127.78,995.9,69,58.0,8701.99,4699.99
2025-02-03,P401,Fitness Tracker,Electronics,136.82,0.1,123.14,134.99,955.13,61,58.0,7511.53,3973.53
2025-02-04,P401,Fitness Tracker,Electronics,133.61,0.0,133.61,127.72,2436.79,56,58.0,7482.08,4234.08
2025-02-05,P401,Fitness Tracker,Electronics,132.2,0.2,105.76,133.59,1655.43,92,58.0,9730.1,4394.1
2025-02-06,P401,Fitness Tracker,Electronics,132.95,0.15,113.0,135.57,1444.67,80,58.0,9040.32,4400.32
2025-02-07,P401,Fitness Tracker,Electronics,133.6,0.05,126.92,136.91,1801.43,51,58.0,6472.75,3514.75
2025-02-08,P401,Fitness Tracker,Electronics,131.01,0.0,131.01,133.64,1157.43,62,58.0,8122.69,4526.69
2025-02-09,P401,Fitness Tracker,Electronics,132.58,0.0,132.58,130.12,1147.6,54,58.0,7159.3,4027.3
2025-02-10,P401,Fitness Tracker,Electronics,133.08,0.0,133.08,137.57,1250.02,45,58.0,5988.44,3378.44
2025-02-11,P401,Fitness Tracker,Electronics,132.02,0.2,105.61,134.05,1197.36,92,58.0,9716.37,4380.37
2025-02-12,P401,Fitness Tracker,Electronics,134.03,0.1,120.63,134.83,1843.01,71,58.0,8564.62,4446.62
2025-02-13,P401,Fitness Tracker,Electronics,133.4,0.0,133.4,138.03,1056.73,41,58.0,5469.56,3091.56
2025-02-14,P401,Fitness Tracker,Electronics,131.78,0.05,125.19,136.35,1250.74,54,58.0,6760.39,3628.39
2025-02-15,P401,Fitness Tracker,Electronics,128.69,0.0,128.69,140.69,1225.16,58,58.0,7464.18,4100.18
2025-02-16,P401,Fitness Tracker,Electronics,131.72,0.0,131.72,138.94,951.79,63,58.0,8298.07,4644.07
2025-02-17,P401,Fitness Tracker,Electronics,132.98,0.0,132.98,134.12,1194.3,47,58.0,6249.86,3523.86
2025-02-18,P401,Fitness Tracker,Electronics,130.28,0.2,104.22,135.38,1522.2,94,58.0,9797.06,4345.06
2025-02-19,P401,Fitness Tracker,Electronics,134.65,0.0,134.65,129.48,987.97,50,58.0,6732.61,3832.61
2025-02-20,P401,Fitness Tracker,Electronics,130.45,0.1,117.4,131.59,1305.92,78,58.0,9157.35,4633.35
2025-02-21,P401,Fitness Tracker,Electronics,135.23,0.15,114.95,130.09,1605.41,86,58.0,9885.33,4897.33
2025-02-22,P401,Fitness Tracker,Electronics,139.95,0.2,111.96,131.64,1456.48,101,58.0,11307.8,5449.8
2025-02-23,P401,Fitness Tracker,Electronics,133.04,0.05,126.39,139.38,997.74,66,58.0,8341.45,4513.45
2025-02-24,P401,Fitness Tracker,Electronics,127.71,0.0,127.71,135.98,1169.19,49,58.0,6257.61,3415.61
2025-02-25,P401,Fitness Tracker,Electronics,132.34,0.05,125.72,137.03,1268.96,60,58.0,7543.31,4063.31
2025-02-26,P401,Fitness Tracker,Electronics,135.21,0.05,128.45,140.32,943.86,68,58.0,8734.39,4790.39
2025-02-27,P401,Fitness Tracker,Electronics,136.1,0.0,136.1,134.76,1195.85,50,58.0,6804.87,3904.87
2025-02-28,P401,Fitness Tracker,Electronics,134.91,0.05,128.16,131.55,1457.48,47,58.0,6023.51,3297.51
2025-03-01,P401,Fitness Tracker,Electronics,133.1,0.0,133.1,140.52,789.66,49,58.0,6522.0,3680.0
2025-03-02,P401,Fitness Tracker,Electronics,134.02,0.0,134.02,136.84,614.34,46,58.0,6165.01,3497.01
2025-03-03,P401,Fitness Tracker,Electronics,133.73,0.15,113.67,131.94,1349.21,77,58.0,8752.52,4286.52
2025-03-04,P401,Fitness Tracker,Electronics,132.35,0.2,105.88,137.6,1736.17,101,58.0,10694.12,4836.12
2025-03-05,P401,Fitness Tracker,Electronics,133.13,0.1,119.81,135.02,1192.86,71,58.0,8506.83,4388.83
2025-03-06,P401,Fitness Tracker,Electronics,131.95,0.0,131.95,133.19,1377.21,51,58.0,6729.35,3771.35
2025-03-07,P401,Fitness Tracker,Electronics,132.39,0.0,132.39,142.55,1141.94,52,58.0,6884.3,3868.3
2025-03-08,P401,Fitness Tracker,Electronics,131.87,0.0,131.87,135.15,897.07,54,58.0,7121.03,3989.03
2025-03-09,P401,Fitness Tracker,Electronics,134.8,0.0,134.8,138.73,1308.64,57,58.0,7683.67,4377.67
2025-03-10,P401,Fitness Tracker,Electronics,132.52,0.15,112.64,132.39,739.61,69,58.0,7772.11,3770.11
2025-03-11,P401,Fitness Tracker,Electronics,135.42,0.2,108.34,133.92,1175.43,83,58.0,8991.91,4177.91
2025-03-12,P401,Fitness Tracker,Electronics,136.17,0.2,108.94,136.54,965.78,87,58.0,9477.74,4431.74
2025-03-13,P401,Fitness Tracker,Electronics,133.09,0.05,126.43,135.36,1387.97,60,58.0,7585.86,4105.86
2025-03-14,P401,Fitness Tracker,Electronics,135.04,0.0,135.04,140.69,1316.01,45,58.0,6076.91,3466.91
2025-03-15,P401,Fitness Tracker,Electronics,134.64,0.15,114.44,136.26,1311.72,82,58.0,9384.19,4628.19
2025-03-16,P401,Fitness Tracker,Electronics,128.2,0.0,128.2,140.22,1089.22,68,58.0,8717.28,4773.28
2025-03-17,P401,Fitness Tracker,Electronics,129.33,0.0,129.33,131.45,1544.31,54,58.0,6983.87,3851.87
2025-03-18,P401,Fitness Tracker,Electronics,134.25,0.0,134.25,135.22,1225.24,48,58.0,6443.83,3659.83
2025-03-19,P401,Fitness Tracker,Electronics,130.17,0.1,117.15,139.18,1864.23,68,58.0,7966.24,4022.24
2025-03-20,P401,Fitness Tracker,Electronics,130.32,0.0,130.32,135.66,1234.55,57,58.0,7427.96,4121.96
2025-03-21,P401,Fitness Tracker,Electronics,132.7,0.1,119.43,134.1,2168.71,69,58.0,8240.7,4238.7
2025-03-22,P401,Fitness Tracker,Electronics,136.56,0.0,136.56,136.0,606.59,53,58.0,7237.48,4163.48
2025-03-23,P401,Fitness Tracker,Electronics,131.48,0.0,131.48,134.35,917.33,61,58.0,8020.51,4482.51
2025-03-24,P401,Fitness Tracker,Electronics,134.89,0.0,134.89,132.95,918.61,51,58.0,6879.59,3921.59
2025-03-25,P401,Fitness Tracker,Electronics,136.61,0.0,136.61,134.3,1462.83,49,58.0,6693.87,3851.87
2025-03-26,P401,Fitness Tracker,Electronics,131.29,0.2,105.03,133.63,1445.27,97,58.0,10187.77,4561.77
2025-03-27,P401,Fitness Tracker,Electronics,133.18,0.05,126.52,135.67,992.92,54,58.0,6832.23,3700.23
2025-03-28,P401,Fitness Tracker,Electronics,132.19,0.05,125.58,132.08,1386.76,65,58.0,8162.96,4392.96
2025-03-29,P401,Fitness Tracker,Electronics,134.97,0.2,107.97,138.21,826.67,86,58.0,9285.62,4297.62
2025-03-30,P401,Fitness Tracker,Electronics,131.45,0.0,131.45,132.78,1101.05,56,58.0,7361.11,4113.11
2025-03-31,P401,Fitness Tracker,Electronics,133.15,0.15,113.18,129.14,2143.61,80,58.0,9054.47,4414.47
2025-04-01,P401,Fitness Tracker,Electronics,134.38,0.1,120.94,135.17,1336.03,73,58.0,8828.78,4594.78
2025-04-02,P401,Fitness Tracker,Electronics,131.39,0.1,118.25,138.2,762.86,75,58.0,8868.5,4518.5
2025-04-03,P401,Fitness Tracker,Electronics,132.03,0.0,132.03,139.38,1965.53,47,58.0,6205.24,3479.24
2025-04-04,P401,Fitness Tracker,Electronics,132.06,0.15,112.25,135.24,1459.01,92,58.0,10327.36,4991.36
2025-04-05,P401,Fitness Tracker,Electronics,134.59,0.0,134.59,140.19,1637.26,58,58.0,7806.2,4442.2
2025-04-06,P401,Fitness Tracker,Electronics,130.17,0.15,110.64,136.73,1014.54,86,58.0,9515.37,4527.37
2025-04-07,P401,Fitness Tracker,Electronics,130.79,0.15,111.17,131.97,825.89,85,58.0,9449.73,4519.73
2025-04-08,P401,Fitness Tracker,Electronics,130.3,0.05,123.79,138.99,1409.44,72,58.0,8912.81,4736.81
2025-04-09,P401,Fitness Tracker,Electronics,132.6,0.15,112.71,134.19,1384.66,87,58.0,9805.88,4759.88
2025-04-10,P401,Fitness Tracker,Electronics,136.8,0.05,129.96,131.35,1586.17,57,58.0,7407.76,4101.76
2025-04-11,P401,Fitness Tracker,Electronics,132.09,0.1,118.88,125.14,1227.93,72,58.0,8559.67,4383.67
2025-04-12,P401,Fitness Tracker,Electronics,129.03,0.1,116.13,134.94,1366.1,78,58.0,9057.95,4533.95
2025-04-13,P401,Fitness Tracker,Electronics,132.8,0.05,126.16,133.19,1665.72,68,58.0,8578.77,4634.77
2025-04-14,P401,Fitness Tracker,Electronics,126.76,0.0,126.76,130.49,650.42,57,58.0,7225.45,3919.45
2025-04-15,P401,Fitness Tracker,Electronics,132.55,0.15,112.67,133.15,1648.45,69,58.0,7773.9,3771.9
2025-04-16,P401,Fitness Tracker,Electronics,130.1,0.05,123.6,126.88,1171.0,68,58.0,8404.5,4460.5
2025-04-17,P401,Fitness Tracker,Electronics,132.77,0.0,132.77,130.72,942.31,51,58.0,6771.37,3813.37
2025-04-18,P401,Fitness Tracker,Electronics,132.69,0.0,132.69,132.5,729.15,51,58.0,6767.43,3809.43
2025-04-19,P401,Fitness Tracker,Electronics,125.55,0.0,125.55,128.81,859.68,65,58.0,8161.03,4391.03
2025-04-20,P401,Fitness Tracker,Electronics,131.18,0.15,111.5,131.66,2089.01,96,58.0,10704.01,5136.01
2025-04-21,P401,Fitness Tracker,Electronics,128.26,0.0,128.26,129.85,1756.03,58,58.0,7439.09,4075.09
2025-04-22,P401,Fitness Tracker,Electronics,130.52,0.2,104.42,125.99,1322.09,88,58.0,9188.56,4084.56
2025-04-23,P401,Fitness Tracker,Electronics,127.14,0.2,101.71,131.91,1298.43,84,58.0,8543.67,3671.67
2025-04-24,P401,Fitness Tracker,Electronics,128.76,0.0,128.76,128.86,1369.66,54,58.0,6953.06,3821.06
2025-04-25,P401,Fitness Tracker,Electronics,128.32,0.05,121.9,130.45,1646.67,65,58.0,7923.59,4153.59
2025-04-26,P401,Fitness Tracker,Electronics,132.46,0.0,132.46,133.75,1838.81,68,58.0,9006.98,5062.98
2025-04-27,P401,Fitness Tracker,Electronics,132.66,0.0,132.66,132.05,1738.6,67,58.0,8888.11,5002.11
2025-04-28,P401,Fitness Tracker,Electronics,127.12,0.2,101.69,131.95,1327.07,113,58.0,11491.42,4937.42
2025-04-29,P401,Fitness Tracker,Electronics,125.56,0.15,106.73,123.86,1352.06,100,58.0,10672.93,4872.93
2025-04-30,P401,Fitness Tracker,Electronics,128.56,0.1,115.7,129.89,1498.09,70,58.0,8099.31,4039.31
2025-05-01,P401,Fitness Tracker,Electronics,129.39,0.0,129.39,126.7,1266.14,56,58.0,7245.94,3997.94
2025-05-02,P401,Fitness Tracker,Electronics,130.58,0.05,124.05,133.48,1420.76,63,58.0,7815.02,4161.02
2025-05-03,P401,Fitness Tracker,Electronics,130.04,0.1,117.04,127.11,1255.07,66,58.0,7724.48,3896.48
2025-05-04,P401,Fitness Tracker,Electronics,129.12,0.05,122.67,132.41,1044.38,69,58.0,8464.1,4462.1
2025-05-05,P401,Fitness Tracker,Electronics,126.6,0.2,101.28,135.53,939.2,85,58.0,8608.73,3678.73
2025-05-06,P401,Fitness Tracker,Electronics,128.44,0.15,109.17,129.63,1540.2,97,58.0,10589.83,4963.83
2025-05-07,P401,Fitness Tracker,Electronics,126.02,0.0,126.02,133.83,1638.08,62,58.0,7813.13,4217.13
2025-05-08,P401,Fitness Tracker,Electronics,126.34,0.15,107.39,132.14,1589.15,86,58.0,9235.13,4247.13
2025-05-09,P401,Fitness Tracker,Electronics,126.23,0.15,107.3,133.7,906.17,76,58.0,8154.5,3746.5
2025-05-10,P401,Fitness Tracker,Electronics,126.02,0.0,126.02,126.93,1294.33,65,58.0,8191.02,4421.02
2025-05-11,P401,Fitness Tracker,Electronics,128.43,0.0,128.43,129.02,1524.64,51,58.0,6549.96,3591.96
2025-05-12,P401,Fitness Tracker,Electronics,129.73,0.0,129.73,125.34,1140.34,52,58.0,6746.19,3730.19
2025-05-13,P401,Fitness Tracker,Electronics,126.96,0.0,126.96,128.34,1195.84,62,58.0,7871.47,4275.47
2025-05-14,P401,Fitness Tracker,Electronics,128.67,0.15,109.37,128.73,1549.31,75,58.0,8202.59,3852.59
2025-05-15,P401,Fitness Tracker,Electronics,131.96,0.05,125.37,128.0,1196.89,55,58.0,6895.16,3705.16
2025-05-16,P401,Fitness Tracker,Electronics,125.75,0.0,125.75,125.03,1727.8,50,58.0,6287.64,3387.64
2025-05-17,P401,Fitness Tracker,Electronics,128.99,0.1,116.09,126.17,1491.74,74,58.0,8590.43,4298.43
2025-05-18,P401,Fitness Tracker,Electronics,124.04,0.0,124.04,123.77,1535.96,64,58.0,7938.62,4226.62
2025-05-19,P401,Fitness Tracker,Electronics,127.06,0.0,127.06,126.55,1182.8,45,58.0,5717.56,3107.56
2025-05-20,P401,Fitness Tracker,Electronics,126.54,0.0,126.54,128.74,1324.34,64,58.0,8098.35,4386.35
2025-05-21,P401,Fitness Tracker,Electronics,123.96,0.15,105.37,127.37,1387.76,70,58.0,7375.81,3315.81
2025-05-22,P401,Fitness Tracker,Electronics,127.6,0.15,108.46,127.64,537.02,74,58.0,8025.94,3733.94
2025-05-23,P401,Fitness Tracker,Electronics,124.23,0.15,105.59,122.41,1449.83,95,58.0,10031.32,4521.32
2025-05-24,P401,Fitness Tracker,Electronics,126.63,0.0,126.63,119.66,1402.81,56,58.0,7091.12,3843.12
2025-05-25,P401,Fitness Tracker,Electronics,123.36,0.2,98.69,129.36,1059.34,90,58.0,8882.27,3662.27
2025-05-26,P401,Fitness Tracker,Electronics,121.16,0.0,121.16,124.27,1244.02,54,58.0,6542.76,3410.76
2025-05-27,P401,Fitness Tracker,Electronics,124.16,0.1,111.74,127.81,1371.85,77,58.0,8604.35,4138.35
2025-05-28,P401,Fitness Tracker,Electronics,124.14,0.2,99.31,122.69,1111.96,86,58.0,8540.84,3552.84
2025-05-29,P401,Fitness Tracker,Electronics,120.82,0.0,120.82,129.69,1588.31,62,58.0,7490.84,3894.84
2025-05-30,P401,Fitness Tracker,Electronics,125.81,0.05,119.52,130.7,918.34,55,58.0,6573.58,3383.58
2025-05-31,P401,Fitness Tracker,Electronics,128.04,0.15,108.83,123.78,1498.69,81,58.0,8815.5,4117.5
2025-06-01,P401,Fitness Tracker,Electronics,123.41,0.0,123.41,123.06,1415.76,61,58.0,7528.04,3990.04
2025-06-02,P401,Fitness Tracker,Electronics,128.81,0.0,128.81,124.78,1818.27,57,58.0,7341.97,4035.97
2025-06-03,P401,Fitness Tracker,Electronics,125.55,0.0,125.55,120.65,1007.73,46,58.0,5775.44,3107.44
2025-06-04,P401,Fitness Tracker,Electronics,125.24,0.15,106.45,130.77,734.28,70,58.0,7451.54,3391.54
2025-06-05,P401,Fitness Tracker,Electronics,125.66,0.15,106.81,127.21,368.63,63,58.0,6728.93,3074.93
2025-06-06,P401,Fitness Tracker,Electronics,124.42,0.0,124.42,131.54,1150.78,54,58.0,6718.54,3586.54
2025-06-07,P401,Fitness Tracker,Electronics,123.03,0.0,123.03,127.42,1850.27,70,58.0,8612.07,4552.07
2025-06-08,P401,Fitness Tracker,Electronics,124.85,0.0,124.85,125.33,1797.08,58,58.0,7241.4,3877.4
2025-06-09,P401,Fitness Tracker,Electronics,120.65,0.0,120.65,124.08,1199.55,47,58.0,5670.69,2944.69
2025-06-10,P401,Fitness Tracker,Electronics,125.36,0.0,125.36,131.17,820.34,56,58.0,7020.13,3772.13
2025-06-11,P401,Fitness Tracker,Electronics,127.02,0.0,127.02,126.79,937.55,46,58.0,5842.97,3174.97
2025-06-12,P401,Fitness Tracker,Electronics,124.96,0.0,124.96,123.25,1764.99,52,58.0,6497.93,3481.93
2025-06-13,P401,Fitness Tracker,Electronics,120.3,0.2,96.24,124.27,1472.9,100,58.0,9623.91,3823.91
2025-06-14,P401,Fitness Tracker,Electronics,125.44,0.0,125.44,121.34,1147.46,64,58.0,8027.96,4315.96
2025-06-15,P401,Fitness Tracker,Electronics,120.06,0.0,120.06,124.72,1742.41,70,58.0,8404.23,4344.23
2025-06-16,P401,Fitness Tracker,Electronics,126.13,0.2,100.91,121.48,1794.34,80,58.0,8072.48,3432.48
2025-06-17,P401,Fitness Tracker,Electronics,121.93,0.15,103.64,126.05,1122.51,82,58.0,8498.24,3742.24
2025-06-18,P401,Fitness Tracker,Electronics,125.55,0.0,125.55,126.15,1077.33,54,58.0,6779.79,3647.79
2025-06-19,P401,Fitness Tracker,Electronics,122.6,0.15,104.21,127.66,1323.27,84,58.0,8753.71,3881.71
2025-06-20,P401,Fitness Tracker,Electronics,120.38,0.15,102.32,119.84,1928.48,75,58.0,7674.33,3324.33
2025-06-21,P401,Fitness Tracker,Electronics,126.2,0.0,126.2,122.58,1213.59,54,58.0,6815.02,3683.02
2025-06-22,P401,Fitness Tracker,Electronics,128.31,0.0,128.31,125.86,1766.81,53,58.0,6800.48,3726.48
2025-06-23,P401,Fitness Tracker,Electronics,126.97,0.05,120.62,127.5,1620.36,58,58.0,6995.98,3631.98
2025-06-24,P401,Fitness Tracker,Electronics,123.47,0.05,117.3,121.96,969.88,59,58.0,6920.48,3498.48
2025-06-25,P401,Fitness Tracker,Electronics,123.96,0.1,111.56,125.94,1475.64,62,58.0,6916.72,3320.72
2025-06-26,P401,Fitness Tracker,Electronics,121.96,0.05,115.86,122.03,983.05,68,58.0,7878.55,3934.55
2025-06-27,P401,Fitness Tracker,Electronics,120.94,0.0,120.94,131.04,1404.0,61,58.0,7377.1,3839.1
2025-06-28,P401,Fitness Tracker,Electronics,126.52,0.2,101.22,129.86,910.33,93,58.0,9413.32,4019.32
2025-06-29,P401,Fitness Tracker,Electronics,122.54,0.15,104.16,119.02,1061.95,97,58.0,10103.44,4477.44
2025-06-30,P401,Fitness Tracker,Electronics,124.13,0.15,105.51,131.21,2378.25,100,58.0,10551.44,4751.44
2025-07-01,P401,Fitness Tracker,Electronics,130.03,0.0,130.03,125.53,1382.2,49,58.0,6371.62,3529.62
2025-07-02,P401,Fitness Tracker,Electronics,124.58,0.0,124.58,126.91,1132.31,45,58.0,5606.15,2996.15
2025-07-03,P401,Fitness Tracker,Electronics,125.45,0.0,125.45,122.26,1087.86,48,58.0,6021.69,3237.69
2025-07-04,P401,Fitness Tracker,Electronics,123.77,0.0,123.77,123.96,1717.76,53,58.0,6559.99,3485.99
2025-07-05,P401,Fitness Tracker,Electronics,124.46,0.0,124.46,125.02,835.01,56,58.0,6970.03,3722.03
2025-07-06,P401,Fitness Tracker,Electronics,126.68,0.2,101.34,120.16,753.17,82,58.0,8310.11,3554.11
2025-07-07,P401,Fitness Tracker,Electronics,127.96,0.2,102.37,125.25,1021.11,71,58.0,7268.19,3150.19
2025-07-08,P401,Fitness Tracker,Electronics,123.2,0.15,104.72,127.58,1664.52,72,58.0,7539.85,3363.85
2025-07-09,P401,Fitness Tracker,Electronics,126.58,0.05,120.25,126.68,875.31,54,58.0,6493.7,3361.7
2025-07-10,P401,Fitness Tracker,Electronics,125.67,0.0,125.67,119.09,1347.23,51,58.0,6409.37,3451.37
2025-07-11,P401,Fitness Tracker,Electronics,128.6,0.1,115.74,122.48,1103.64,59,58.0,6828.76,3406.76
2025-07-12,P401,Fitness Tracker,Electronics,125.66,0.1,113.1,126.62,894.93,71,58.0,8029.98,3911.98
2025-07-13,P401,Fitness Tracker,Electronics,123.32,0.0,123.32,124.24,1914.88,51,58.0,6289.45,3331.45
2025-07-14,P401,Fitness Tracker,Electronics,124.46,0.15,105.79,125.24,1677.36,77,58.0,8145.74,3679.74
2025-07-15,P401,Fitness Tracker,Electronics,124.9,0.05,118.65,129.07,1418.98,62,58.0,7356.52,3760.52
2025-07-16,P401,Fitness Tracker,Electronics,126.9,0.0,126.9,124.58,911.89,43,58.0,5456.54,2962.54
2025-07-17,P401,Fitness Tracker,Electronics,128.73,0.0,128.73,123.67,1981.32,43,58.0,5535.32,3041.32
2025-07-18,P401,Fitness Tracker,Electronics,122.86,0.15,104.43,123.82,1410.64,75,58.0,7832.29,3482.29
2025-07-19,P401,Fitness Tracker,Electronics,125.12,0.05,118.86,124.0,1364.62,65,58.0,7726.08,3956.08
2025-07-20,P401,Fitness Tracker,Electronics,129.28,0.1,116.35,123.77,1111.91,74,58.0,8609.73,4317.73
2025-07-21,P401,Fitness Tracker,Electronics,127.21,0.1,114.49,118.97,600.48,52,58.0,5953.37,2937.37
2025-07-22,P401,Fitness Tracker,Electronics,126.22,0.2,100.98,126.82,1236.84,94,58.0,9491.88,4039.88
2025-07-23,P401,Fitness Tracker,Electronics,127.56,0.15,108.43,125.47,1712.32,62,58.0,6722.64,3126.64
2025-07-24,P401,Fitness Tracker,Electronics,125.66,0.15,106.81,127.23,682.54,68,58.0,7263.18,3319.18
2025-07-25,P401,Fitness Tracker,Electronics,126.88,0.15,107.85,126.9,1727.01,78,58.0,8411.92,3887.92
2025-07-26,P401,Fitness Tracker,Electronics,125.9,0.0,125.9,124.78,1352.84,57,58.0,7176.1,3870.1
2025-07-27,P401,Fitness Tracker,Electronics,126.03,0.05,119.72,126.67,1646.07,65,58.0,7782.09,4012.09
2025-07-28,P401,Fitness Tracker,Electronics,129.09,0.05,122.64,127.85,1133.93,54,58.0,6622.33,3490.33
2025-07-29,P401,Fitness Tracker,Electronics,127.41,0.2,101.93,127.64,1838.21,72,58.0,7338.94,3162.94
2025-07-30,P401,Fitness Tracker,Electronics,129.94,0.15,110.45,127.58,1513.17,67,58.0,7399.96,3513.96
2025-07-31,P401,Fitness Tracker,Electronics,126.54,0.15,107.56,128.08,1528.08,77,58.0,8281.95,3815.95
2025-08-01,P401,Fitness Tracker,Electronics,128.08,0.0,128.08,128.45,931.23,49,58.0,6276.01,3434.01
2025-08-02,P401,Fitness Tracker,Electronics,131.05,0.0,131.05,125.92,1839.81,46,58.0,6028.17,3360.17
2025-08-03,P401,Fitness Tracker,Electronics,126.77,0.05,120.43,130.55,1890.57,62,58.0,7466.67,3870.67
2025-08-04,P401,Fitness Tracker,Electronics,129.66,0.0,129.66,131.52,1288.15,47,58.0,6094.25,3368.25
2025-08-05,P401,Fitness Tracker,Electronics,128.76,0.1,115.88,126.65,2071.4,59,58.0,6837.08,3415.08
2025-08-06,P401,Fitness Tracker,Electronics,129.15,0.05,122.69,128.08,1241.04,53,58.0,6502.63,3428.63
2025-08-07,P401,Fitness Tracker,Electronics,131.35,0.1,118.21,128.78,1876.31,58,58.0,6856.35,3492.35
2025-08-08,P401,Fitness Tracker,Electronics,124.96,0.2,99.97,132.3,1349.15,92,58.0,9197.1,3861.1
2025-08-09,P401,Fitness Tracker,Electronics,125.74,0.1,113.16,123.16,1322.95,62,58.0,7016.07,3420.07
2025-08-10,P401,Fitness Tracker,Electronics,125.58,0.0,125.58,125.83,474.38,44,58.0,5525.69,2973.69
2025-08-11,P401,Fitness Tracker,Electronics,129.56,0.0,129.56,123.45,1497.23,41,58.0,5311.76,2933.76
2025-08-12,P401,Fitness Tracker,Electronics,129.53,0.0,129.53,126.65,1182.96,44,58.0,5699.43,3147.43
2025-08-13,P401,Fitness Tracker,Electronics,133.92,0.05,127.22,127.87,1581.29,45,58.0,5724.98,3114.98
2025-08-14,P401,Fitness Tracker,Electronics,124.39,0.0,124.39,125.31,1573.41,47,58.0,5846.42,3120.42
2025-08-15,P401,Fitness Tracker,Electronics,127.68,0.0,127.68,124.77,1268.05,39,58.0,4979.4,2717.4
2025-08-16,P401,Fitness Tracker,Electronics,129.08,0.05,122.62,128.23,1586.39,52,58.0,6376.49,3360.49
2025-08-17,P401,Fitness Tracker,Electronics,128.01,0.15,108.81,126.81,1833.44,74,58.0,8051.79,3759.79
2025-08-18,P401,Fitness Tracker,Electronics,125.4,0.1,112.86,125.53,720.06,52,58.0,5868.93,2852.93
2025-08-19,P401,Fitness Tracker,Electronics,130.26,0.0,130.26,128.85,1309.27,42,58.0,5470.75,3034.75
2025-08-20,P401,Fitness Tracker,Electronics,129.35,0.1,116.41,124.95,1602.7,54,58.0,6286.29,3154.29
2025-08-21,P401,Fitness Tracker,Electronics,128.04,0.15,108.84,130.32,1496.0,55,58.0,5986.08,2796.08
2025-08-22,P401,Fitness Tracker,Electronics,129.65,0.0,129.65,122.59,1177.12,42,58.0,5445.47,3009.47
2025-08-23,P401,Fitness Tracker,Electronics,128.37,0.0,128.37,130.67,1021.55,46,58.0,5904.94,3236.94
2025-08-24,P401,Fitness Tracker,Electronics,129.22,0.1,116.3,123.5,1128.29,69,58.0,8024.81,4022.81
2025-08-25,P401,Fitness Tracker,Electronics,125.93,0.0,125.93,126.69,2021.9,46,58.0,5792.85,3124.85
2025-08-26,P401,Fitness Tracker,Electronics,128.44,0.05,122.01,125.41,1303.36,51,58.0,6222.74,3264.74
2025-08-27,P401,Fitness Tracker,Electronics,127.61,0.0,127.61,129.74,1606.68,45,58.0,5742.65,3132.65
2025-08-28,P401,Fitness Tracker,Electronics,130.36,0.1,117.32,128.31,1824.77,59,58.0,6921.93,3499.93
2025-08-29,P401,Fitness Tracker,Electronics,129.93,0.2,103.95,127.46,1385.58,81,58.0,8419.59,3721.59
2025-08-30,P401,Fitness Tracker,Electronics,128.44,0.0,128.44,129.67,1366.3,51,58.0,6550.5,3592.5
2025-08-31,P401,Fitness Tracker,Electronics,126.18,0.2,100.95,124.99,1311.84,79,58.0,7974.85,3392.85
2025-09-01,P401,Fitness Tracker,Electronics,129.11,0.0,129.11,125.67,1154.83,39,58.0,5035.46,2773.46
2025-09-02,P401,Fitness Tracker,Electronics,132.14,0.1,118.93,130.14,1191.3,46,58.0,5470.73,2802.73
2025-09-03,P401,Fitness Tracker,Electronics,129.44,0.15,110.02,127.34,1389.02,69,58.0,7591.37,3589.37
2025-09-04,P401,Fitness Tracker,Electronics,131.37,0.05,124.8,128.1,1080.48,52,58.0,6489.55,3473.55
2025-09-05,P401,Fitness Tracker,Electronics,131.11,0.0,131.11,129.27,1964.75,47,58.0,6162.31,3436.31
2025-09-06,P401,Fitness Tracker,Electronics,130.4,0.15,110.84,134.48,1374.52,74,58.0,8201.95,3909.95
2025-09-07,P401,Fitness Tracker,Electronics,132.52,0.05,125.89,133.17,1497.95,59,58.0,7427.75,4005.75
2025-09-08,P401,Fitness Tracker,Electronics,132.11,0.0,132.11,128.11,1951.73,39,58.0,5152.18,2890.18
2025-09-09,P401,Fitness Tracker,Electronics,131.89,0.15,112.1,126.29,1264.67,59,58.0,6614.05,3192.05
2025-09-10,P401,Fitness Tracker,Electronics,131.59,0.2,105.27,127.65,1289.41,82,58.0,8632.2,3876.2
2025-09-11,P401,Fitness Tracker,Electronics,128.33,0.2,102.66,128.12,1609.87,78,58.0,8007.84,3483.84
2025-09-12,P401,Fitness Tracker,Electronics,131.83,0.15,112.06,128.45,1113.04,59,58.0,6611.36,3189.36
2025-09-13,P401,Fitness Tracker,Electronics,130.77,0.05,124.23,135.46,687.61,48,58.0,5963.26,3179.26
2025-09-14,P401,Fitness Tracker,Electronics,128.51,0.0,128.51,129.29,1182.4,42,58.0,5397.41,2961.41
2025-09-15,P401,Fitness Tracker,Electronics,131.17,0.15,111.49,134.2,1391.06,65,58.0,7247.08,3477.08
2025-09-16,P401,Fitness Tracker,Electronics,128.24,0.0,128.24,132.01,942.94,47,58.0,6027.26,3301.26
2025-09-17,P401,Fitness Tracker,Electronics,134.02,0.05,127.32,129.97,1561.3,47,58.0,5984.06,3258.06
2025-09-18,P401,Fitness Tracker,Electronics,134.72,0.0,134.72,128.27,1577.01,46,58.0,6197.16,3529.16
2025-09-19,P401,Fitness Tracker,Electronics,129.89,0.2,103.91,130.08,1088.9,73,58.0,7585.69,3351.69
2025-09-20,P401,Fitness Tracker,Electronics,131.4,0.0,131.4,134.76,617.51,42,58.0,5519.0,3083.0
2025-09-21,P401,Fitness Tracker,Electronics,133.87,0.0,133.87,133.97,918.92,48,58.0,6425.85,3641.85
2025-09-22,P401,Fitness Tracker,Electronics,135.48,0.1,121.93,129.06,1614.98,62,58.0,7559.72,3963.72
2025-09-23,P401,Fitness Tracker,Electronics,130.42,0.0,130.42,132.57,1692.46,45,58.0,5868.87,3258.87
2025-09-24,P401,Fitness Tracker,Electronics,128.5,0.15,109.22,129.41,842.54,55,58.0,6007.2,2817.2
2025-09-25,P401,Fitness Tracker,Electronics,135.39,0.0,135.39,130.0,1420.0,43,58.0,5821.84,3327.84
2025-09-26,P401,Fitness Tracker,Electronics,133.07,0.0,133.07,134.04,1349.72,40,58.0,5322.98,3002.98
2025-09-27,P401,Fitness Tracker,Electronics,130.8,0.05,124.26,132.59,1254.58,57,58.0,7082.56,3776.56
2025-09-28,P401,Fitness Tracker,Electronics,135.39,0.1,121.85,130.44,514.78,51,58.0,6214.46,3256.46
2025-09-29,P401,Fitness Tracker,Electronics,129.77,0.1,116.8,130.81,1387.22,58,58.0,6774.23,3410.23
2025-09-30,P401,Fitness Tracker,Electronics,137.27,0.0,137.27,139.44,1557.45,47,58.0,6451.75,3725.75
2025-10-01,P401,Fitness Tracker,Electronics,132.18,0.05,125.57,129.94,1138.37,47,58.0,5901.86,3175.86
2025-10-02,P401,Fitness Tracker,Electronics,131.61,0.05,125.03,134.86,938.06,42,58.0,5251.23,2815.23
2025-10-03,P401,Fitness Tracker,Electronics,130.51,0.15,110.94,132.87,943.27,62,58.0,6878.1,3282.1
2025-10-04,P401,Fitness Tracker,Electronics,134.56,0.2,107.65,131.6,830.58,72,58.0,7750.79,3574.79
2025-10-05,P401,Fitness Tracker,Electronics,134.74,0.0,134.74,136.71,1427.04,52,58.0,7006.27,3990.27
2025-10-06,P401,Fitness Tracker,Electronics,137.27,0.0,137.27,138.74,1206.2,45,58.0,6177.2,3567.2
2025-10-07,P401,Fitness Tracker,Electronics,134.94,0.0,134.94,127.68,952.16,35,58.0,4722.91,2692.91
2025-10-08,P401,Fitness Tracker,Electronics,129.19,0.05,122.73,140.83,1207.24,57,58.0,6995.81,3689.81
2025-10-09,P401,Fitness Tracker,Electronics,136.81,0.15,116.29,134.93,1290.89,60,58.0,6977.37,3497.37
2025-10-10,P401,Fitness Tracker,Electronics,134.64,0.0,134.64,135.84,1453.89,43,58.0,5789.6,3295.6
2025-10-11,P401,Fitness Tracker,Electronics,129.72,0.0,129.72,137.34,837.53,51,58.0,6615.79,3657.79
2025-10-12,P401,Fitness Tracker,Electronics,135.2,0.0,135.2,132.58,2063.73,47,58.0,6354.32,3628.32
2025-10-13,P401,Fitness Tracker,Electronics,130.63,0.0,130.63,137.21,1021.84,37,58.0,4833.31,2687.31
2025-10-14,P401,Fitness Tracker,Electronics,134.69,0.0,134.69,135.76,1007.43,44,58.0,5926.23,3374.23
2025-10-15,P401,Fitness Tracker,Electronics,133.92,0.1,120.53,126.46,1437.52,52,58.0,6267.44,3251.44
2025-10-16,P401,Fitness Tracker,Electronics,136.79,0.1,123.11,137.33,1044.21,49,58.0,6032.59,3190.59
2025-10-17,P401,Fitness Tracker,Electronics,133.45,0.2,106.76,133.81,1781.68,75,58.0,8007.07,3657.07
2025-10-18,P401,Fitness Tracker,Electronics,130.67,0.15,111.07,138.16,1239.79,73,58.0,8108.1,3874.1
2025-10-19,P401,Fitness Tracker,Electronics,135.98,0.0,135.98,132.17,495.34,40,58.0,5439.06,3119.06
2025-10-20,P401,Fitness Tracker,Electronics,134.07,0.0,134.07,130.17,1665.78,43,58.0,5765.18,3271.18
2025-10-21,P401,Fitness Tracker,Electronics,134.41,0.0,134.41,136.62,832.53,43,58.0,5779.58,3285.58
2025-10-22,P401,Fitness Tracker,Electronics,135.6,0.1,122.04,137.66,1484.73,48,58.0,5858.05,3074.05
2025-10-23,P401,Fitness Tracker,Electronics,133.45,0.0,133.45,132.32,1761.58,49,58.0,6538.97,3696.97
2025-10-24,P401,Fitness Tracker,Electronics,131.26,0.15,111.57,136.27,1624.28,59,58.0,6582.68,3160.68
2025-10-25,P401,Fitness Tracker,Electronics,128.32,0.15,109.07,135.65,388.69,73,58.0,7962.06,3728.06
2025-10-26,P401,Fitness Tracker,Electronics,134.8,0.0,134.8,133.57,1358.03,50,58.0,6740.0,3840.0
2025-10-27,P401,Fitness Tracker,Electronics,130.67,0.0,130.67,138.59,1398.76,44,58.0,5749.44,3197.44
2025-10-28,P401,Fitness Tracker,Electronics,133.7,0.0,133.7,138.2,1170.23,45,58.0,6016.42,3406.42
2025-10-29,P401,Fitness Tracker,Electronics,131.9,0.0,131.9,132.71,1361.75,41,58.0,5407.73,3029.73
2025-10-30,P401,Fitness Tracker,Electronics,135.16,0.05,128.4,133.31,1376.96,45,58.0,5778.14,3168.14
2025-10-31,P401,Fitness Tracker,Electronics,129.54,0.0,129.54,133.9,1281.89,48,58.0,6217.85,3433.85
2025-11-01,P401,Fitness Tracker,Electronics,133.57,0.0,133.57,132.7,1164.39,71,58.0,9483.41,5365.41
2025-11-02,P401,Fitness Tracker,Electronics,128.69,0.0,128.69,134.44,914.26,64,58.0,8236.37,4524.37
2025-11-03,P401,Fitness Tracker,Electronics,132.12,0.15,112.3,133.07,1391.99,76,58.0,8534.99,4126.99
2025-11-04,P401,Fitness Tracker,Electronics,131.71,0.0,131.71,135.96,1566.18,74,58.0,9746.75,5454.75
2025-11-05,P401,Fitness Tracker,Electronics,134.66,0.15,114.46,135.69,1365.15,81,58.0,9271.11,4573.11
2025-11-06,P401,Fitness Tracker,Electronics,134.06,0.0,134.06,128.69,1499.13,53,58.0,7105.17,4031.17
2025-11-07,P401,Fitness Tracker,Electronics,132.65,0.0,132.65,131.97,1398.18,62,58.0,8224.52,4628.52
2025-11-08,P401,Fitness Tracker,Electronics,133.24,0.05,126.58,130.85,1786.14,71,58.0,8987.13,4869.13
2025-11-09,P401,Fitness Tracker,Electronics,131.56,0.1,118.4,134.83,871.54,83,58.0,9827.2,5013.2
2025-11-10,P401,Fitness Tracker,Electronics,131.33,0.15,111.63,138.24,1486.33,105,58.0,11720.81,5630.81
2025-11-11,P401,Fitness Tracker,Electronics,132.15,0.1,118.94,131.35,2089.6,83,58.0,9871.62,5057.62
2025-11-12,P401,Fitness Tracker,Electronics,130.96,0.0,130.96,141.55,1788.22,56,58.0,7333.78,4085.78
2025-11-13,P401,Fitness Tracker,Electronics,130.74,0.1,117.67,132.64,1265.23,82,58.0,9648.79,4892.79
2025-11-14,P401,Fitness Tracker,Electronics,129.22,0.05,122.76,137.04,1720.66,75,58.0,9207.26,4857.26
2025-11-15,P401,Fitness Tracker,Electronics,132.16,0.2,105.73,138.77,876.31,113,58.0,11946.97,5392.97
2025-11-16,P401,Fitness Tracker,Electronics,132.31,0.15,112.46,139.71,1090.21,93,58.0,10458.95,5064.95
2025-11-17,P401,Fitness Tracker,Electronics,129.28,0.0,129.28,134.71,989.65,56,58.0,7239.64,3991.64
2025-11-18,P401,Fitness Tracker,Electronics,133.32,0.05,126.66,132.5,934.9,69,58.0,8739.24,4737.24
2025-11-19,P401,Fitness Tracker,Electronics,131.6,0.15,111.86,134.88,1299.59,90,58.0,10067.28,4847.28
2025-11-20,P401,Fitness Tracker,Electronics,135.11,0.1,121.6,140.23,1715.17,74,58.0,8998.51,4706.51
2025-11-21,P401,Fitness Tracker,Electronics,129.51,0.0,129.51,140.44,1718.61,65,58.0,8417.85,4647.85
2025-11-22,P401,Fitness Tracker,Electronics,133.39,0.15,113.38,138.38,1353.62,100,58.0,11338.14,5538.14
2025-11-23,P401,Fitness Tracker,Electronics,131.83,0.2,105.46,133.73,1047.46,96,58.0,10124.48,4556.48
2025-11-24,P401,Fitness Tracker,Electronics,131.83,0.05,125.24,135.78,1574.31,79,58.0,9894.01,5312.01
2025-11-25,P401,Fitness Tracker,Electronics,134.47,0.2,107.58,133.44,784.49,104,58.0,11188.15,5156.15
2025-11-26,P401,Fitness Tracker,Electronics,134.5,0.0,134.5,140.86,1474.6,51,58.0,6859.65,3901.65
2025-11-27,P401,Fitness Tracker,Electronics,132.04,0.0,132.04,139.84,1814.67,70,58.0,9242.57,5182.57
2025-11-28,P401,Fitness Tracker,Electronics,129.72,0.0,129.72,132.44,1492.23,58,58.0,7523.56,4159.56
2025-11-29,P401,Fitness Tracker,Electronics,134.4,0.0,134.4,137.54,1415.03,65,58.0,8735.77,4965.77
2025-11-30,P401,Fitness Tracker,Electronics,128.71,0.05,122.28,129.01,1108.69,73,58.0,8926.22,4692.22
2025-12-01,P401,Fitness Tracker,Electronics,133.33,0.05,126.66,137.07,834.79,70,58.0,8866.47,4806.47
2025-12-02,P401,Fitness Tracker,Electronics,125.44,0.1,112.9,142.31,1249.22,70,58.0,7902.71,3842.71
2025-12-03,P401,Fitness Tracker,Electronics,128.85,0.0,128.85,133.38,1168.73,59,58.0,7602.43,4180.43
2025-12-04,P401,Fitness Tracker,Electronics,128.51,0.0,128.51,131.69,1595.84,72,58.0,9252.74,5076.74
2025-12-05,P401,Fitness Tracker,Electronics,129.7,0.15,110.24,131.73,1325.57,95,58.0,10473.15,4963.15
2025-12-06,P401,Fitness Tracker,Electronics,129.66,0.0,129.66,136.58,1411.14,65,58.0,8428.07,4658.07
2025-12-07,P401,Fitness Tracker,Electronics,132.82,0.0,132.82,140.63,1451.35,84,58.0,11157.23,6285.23
2025-12-08,P401,Fitness Tracker,Electronics,132.66,0.05,126.03,135.89,1039.68,65,58.0,8191.99,4421.99
2025-12-09,P401,Fitness Tracker,Electronics,131.05,0.0,131.05,133.18,1599.9,64,58.0,8387.38,4675.38
2025-12-10,P401,Fitness Tracker,Electronics,131.64,0.0,131.64,131.86,1659.81,66,58.0,8688.44,4860.44
2025-12-11,P401,Fitness Tracker,Electronics,132.35,0.0,132.35,134.65,1240.47,73,58.0,9661.9,5427.9
2025-12-12,P401,Fitness Tracker,Electronics,128.78,0.15,109.46,137.26,1162.7,82,58.0,8975.83,4219.83
2025-12-13,P401,Fitness Tracker,Electronics,126.48,0.0,126.48,137.02,1447.32,84,58.0,10624.43,5752.43
2025-12-14,P401,Fitness Tracker,Electronics,130.12,0.05,123.61,132.17,1513.95,82,58.0,10136.19,5380.19
2025-12-15,P401,Fitness Tracker,Electronics,127.75,0.0,127.75,134.84,1082.2,65,58.0,8303.82,4533.82
2025-12-16,P401,Fitness Tracker,Electronics,132.25,0.15,112.41,138.94,1367.73,96,58.0,10791.42,5223.42
2025-12-17,P401,Fitness Tracker,Electronics,125.52,0.1,112.96,137.74,1570.7,75,58.0,8472.32,4122.32
2025-12-18,P401,Fitness Tracker,Electronics,128.82,0.1,115.93,133.89,1545.81,83,58.0,9622.6,4808.6
2025-12-19,P401,Fitness Tracker,Electronics,128.06,0.1,115.26,131.7,1093.34,86,58.0,9911.99,4923.99
2025-12-20,P401,Fitness Tracker,Electronics,131.59,0.05,125.01,136.71,1687.15,83,58.0,10375.59,5561.59
2025-12-21,P401,Fitness Tracker,Electronics,131.83,0.0,131.83,140.52,2074.63,79,58.0,10414.5,5832.5
2025-12-22,P401,Fitness Tracker,Electronics,130.17,0.15,110.64,133.77,1224.56,91,58.0,10068.61,4790.61
2025-12-23,P401,Fitness Tracker,Electronics,128.0,0.0,128.0,135.14,2015.18,72,58.0,9216.23,5040.23
2025-12-24,P401,Fitness Tracker,Electronics,124.54,0.15,105.86,138.98,860.46,100,58.0,10585.95,4785.95
2025-12-25,P401,Fitness Tracker,Electronics,128.51,0.15,109.23,128.9,1031.27,84,58.0,9175.62,4303.62
2025-12-26,P401,Fitness Tracker,Electronics,129.2,0.1,116.28,137.27,860.14,93,58.0,10814.45,5420.45
2025-12-27,P401,Fitness Tracker,Electronics,129.81,0.0,129.81,126.94,914.35,65,58.0,8437.37,4667.37
2025-12-28,P401,Fitness Tracker,Electronics,131.11,0.0,131.11,132.84,937.54,71,58.0,9308.69,5190.69
2025-12-29,P401,Fitness Tracker,Electronics,124.41,0.0,124.41,129.95,1000.29,71,58.0,8832.82,4714.82
2025-12-30,P401,Fitness Tracker,Electronics,131.36,0.0,131.36,140.07,925.65,62,58.0,8144.57,4548.57
2025-12-31,P401,Fitness Tracker,Electronics,128.38,0.0,128.38,125.89,1331.44,63,58.0,8088.24,4434.24
2026-01-01,P401,Fitness Tracker,Electronics,122.61,0.1,110.35,128.43,1095.6,71,58.0,7834.71,3716.71
2026-01-02,P401,Fitness Tracker,Electronics,129.31,0.1,116.38,135.68,1309.62,64,58.0,7448.12,3736.12
2026-01-03,P401,Fitness Tracker,Electronics,126.43,0.0,126.43,134.74,1671.72,61,58.0,7712.35,4174.35
2026-01-04,P401,Fitness Tracker,Electronics,124.59,0.2,99.68,133.91,1743.78,102,58.0,10166.92,4250.92
2026-01-05,P401,Fitness Tracker,Electronics,125.1,0.1,112.59,134.68,1153.32,69,58.0,7768.49,3766.49
2026-01-06,P401,Fitness Tracker,Electronics,129.46,0.1,116.51,138.75,1079.45,74,58.0,8621.76,4329.76
2026-01-07,P401,Fitness Tracker,Electronics,126.19,0.0,126.19,132.86,1205.4,59,58.0,7445.19,4023.19
2026-01-08,P401,Fitness Tracker,Electronics,125.54,0.1,112.98,137.71,1310.58,69,58.0,7795.8,3793.8
2026-01-09,P401,Fitness Tracker,Electronics,122.78,0.05,116.65,137.74,1101.31,80,58.0,9331.62,4691.62
2026-01-10,P401,Fitness Tracker,Electronics,127.08,0.0,127.08,132.14,2097.74,51,58.0,6480.85,3522.85
2026-01-11,P401,Fitness Tracker,Electronics,126.55,0.0,126.55,130.61,1223.29,60,58.0,7593.21,4113.21
2026-01-12,P401,Fitness Tracker,Electronics,125.35,0.0,125.35,131.26,827.12,55,58.0,6894.03,3704.03
2026-01-13,P401,Fitness Tracker,Electronics,127.54,0.0,127.54,129.45,1972.44,63,58.0,8034.88,4380.88
2026-01-14,P401,Fitness Tracker,Electronics,127.75,0.1,114.97,131.16,1710.89,83,58.0,9542.76,4728.76
2026-01-15,P401,Fitness Tracker,Electronics,127.58,0.0,127.58,129.09,1285.71,56,58.0,7144.47,3896.47
2026-01-16,P401,Fitness Tracker,Electronics,127.57,0.15,108.43,128.97,1870.31,75,58.0,8132.38,3782.38
2026-01-17,P401,Fitness Tracker,Electronics,123.36,0.05,117.19,126.38,960.32,77,58.0,9023.49,4557.49
2026-01-18,P401,Fitness Tracker,Electronics,128.44,0.0,128.44,132.13,1296.22,53,58.0,6807.25,3733.25
2026-01-19,P401,Fitness Tracker,Electronics,130.54,0.0,130.54,134.83,1427.59,50,58.0,6527.02,3627.02
2026-01-20,P401,Fitness Tracker,Electronics,124.8,0.0,124.8,130.57,1411.57,55,58.0,6863.76,3673.76
2026-01-21,P401,Fitness Tracker,Electronics,121.87,0.15,103.59,137.0,1385.51,95,58.0,9841.13,4331.13
2026-01-22,P401,Fitness Tracker,Electronics,124.2,0.0,124.2,129.72,1183.64,60,58.0,7452.08,3972.08
2026-01-23,P401,Fitness Tracker,Electronics,127.22,0.2,101.78,132.32,1655.78,115,58.0,11704.46,5034.46
2026-01-24,P401,Fitness Tracker,Electronics,125.96,0.2,100.77,131.31,615.99,100,58.0,10077.02,4277.02
2026-01-25,P401,Fitness Tracker,Electronics,122.98,0.1,110.69,130.33,1015.24,87,58.0,9629.7,4583.7
2026-01-26,P401,Fitness Tracker,Electronics,127.22,0.15,108.14,134.67,696.63,72,58.0,7786.01,3610.01
2026-01-27,P401,Fitness Tracker,Electronics,131.69,0.2,105.35,132.57,1380.8,91,58.0,9587.08,4309.08
2026-01-28,P401,Fitness Tracker,Electronics,124.71,0.0,124.71,126.69,1259.73,53,58.0,6609.69,3535.69
2026-01-29,P401,Fitness Tracker,Electronics,123.44,0.1,111.09,137.3,1209.4,80,58.0,8887.56,4247.56
2026-01-30,P401,Fitness Tracker,Electronics,125.32,0.0,125.32,127.38,1748.91,60,58.0,7519.03,4039.03
2026-01-31,P401,Fitness Tracker,Electronics,121.73,0.15,103.47,128.44,1238.03,95,58.0,9829.31,4319.31
2026-02-01,P401,Fitness Tracker,Electronics,125.86,0.1,113.27,130.33,1422.01,83,58.0,9401.73,4587.73
2026-02-02,P401,Fitness Tracker,Electronics,119.65,0.0,119.65,131.04,1475.81,58,58.0,6939.61,3575.61
2026-02-03,P401,Fitness Tracker,Electronics,125.26,0.0,125.26,132.18,1483.71,61,58.0,7641.14,4103.14
2026-02-04,P401,Fitness Tracker,Electronics,126.78,0.0,126.78,127.29,1448.32,53,58.0,6719.57,3645.57
2026-02-05,P401,Fitness Tracker,Electronics,127.14,0.15,108.07,130.78,1306.38,92,58.0,9942.34,4606.34
2026-02-06,P401,Fitness Tracker,Electronics,122.73,0.15,104.32,128.32,1321.83,92,58.0,9597.38,4261.38
2026-02-07,P401,Fitness Tracker,Electronics,122.09,0.2,97.67,121.95,1059.58,93,58.0,9083.58,3689.58
2026-02-08,P401,Fitness Tracker,Electronics,126.43,0.0,126.43,129.07,1464.17,72,58.0,9103.13,4927.13
2026-02-09,P401,Fitness Tracker,Electronics,123.76,0.2,99.01,127.87,1268.96,113,58.0,11188.32,4634.32
2026-02-10,P401,Fitness Tracker,Electronics,129.32,0.15,109.93,126.15,1600.14,84,58.0,9233.78,4361.78
2026-02-11,P401,Fitness Tracker,Electronics,125.25,0.0,125.25,126.35,100.0,60,58.0,7515.3,4035.3
2026-02-12,P401,Fitness Tracker,Electronics,122.87,0.15,104.44,126.52,1220.69,82,58.0,8564.17,3808.17
2026-02-13,P401,Fitness Tracker,Electronics,125.05,0.05,118.79,124.88,1353.75,65,58.0,7721.53,3951.53
2026-02-14,P401,Fitness Tracker,Electronics,126.65,0.0,126.65,122.75,1010.06,64,58.0,8105.42,4393.42
2026-02-15,P401,Fitness Tracker,Electronics,123.02,0.15,104.56,125.06,1263.65,95,58.0,9933.54,4423.54
2026-02-16,P401,Fitness Tracker,Electronics,124.03,0.0,124.03,123.54,1578.34,66,58.0,8185.72,4357.72
2026-02-17,P401,Fitness Tracker,Electronics,120.09,0.0,120.09,129.98,1865.13,54,58.0,6485.02,3353.02
2026-02-18,P401,Fitness Tracker,Electronics,126.44,0.05,120.12,131.92,989.53,75,58.0,9008.92,4658.92
2026-02-19,P401,Fitness Tracker,Electronics,124.16,0.0,124.16,124.22,1660.37,64,58.0,7945.99,4233.99
2026-02-20,P401,Fitness Tracker,Electronics,128.6,0.15,109.31,131.08,1296.71,112,58.0,12242.65,5746.65
2026-02-21,P401,Fitness Tracker,Electronics,127.76,0.1,114.98,123.12,749.19,67,58.0,7703.89,3817.89
2026-02-22,P401,Fitness Tracker,Electronics,122.49,0.15,104.11,130.68,1475.35,97,58.0,10099.0,4473.0
2026-02-23,P401,Fitness Tracker,Electronics,124.37,0.05,118.15,128.72,983.63,69,58.0,8152.68,4150.68
2026-02-24,P401,Fitness Tracker,Electronics,125.42,0.2,100.34,123.31,1871.68,99,58.0,9933.55,4191.55
2026-02-25,P401,Fitness Tracker,Electronics,122.46,0.1,110.22,126.13,1447.03,71,58.0,7825.36,3707.36
2026-02-26,P401,Fitness Tracker,Electronics,126.7,0.0,126.7,132.87,845.38,59,58.0,7475.2,4053.2
2026-02-27,P401,Fitness Tracker,Electronics,123.04,0.0,123.04,129.78,1401.56,55,58.0,6766.95,3576.95
2026-02-28,P401,Fitness Tracker,Electronics,122.62,0.1,110.36,128.11,809.5,75,58.0,8276.81,3926.81
2026-03-01,P401,Fitness Tracker,Electronics,124.98,0.2,99.99,126.84,1141.77,120,58.0,11998.33,5038.33
2026-03-02,P401,Fitness Tracker,Electronics,123.02,0.0,123.02,127.56,1377.08,65,58.0,7996.11,4226.11
2026-03-03,P401,Fitness Tracker,Electronics,127.82,0.0,127.82,123.33,692.18,45,58.0,5751.98,3141.98
2026-03-04,P401,Fitness Tracker,Electronics,124.73,0.15,106.02,125.04,909.01,79,58.0,8375.65,3793.65
2026-03-05,P401,Fitness Tracker,Electronics,128.74,0.0,128.74,121.25,1140.75,56,58.0,7209.5,3961.5
2026-03-06,P401,Fitness Tracker,Electronics,123.82,0.2,99.05,122.64,1178.23,111,58.0,10994.9,4556.9
2026-03-07,P401,Fitness Tracker,Electronics,128.08,0.05,121.68,126.67,1297.69,65,58.0,7909.22,4139.22
2026-03-08,P401,Fitness Tracker,Electronics,124.72,0.05,118.49,121.04,1718.7,85,58.0,10071.49,5141.49
2026-03-09,P401,Fitness Tracker,Electronics,124.54,0.0,124.54,128.46,1737.81,56,58.0,6974.03,3726.03
2026-03-10,P401,Fitness Tracker,Electronics,125.22,0.1,112.7,124.81,1022.52,77,58.0,8678.01,4212.01
2026-03-11,P401,Fitness Tracker,Electronics,124.02,0.1,111.62,124.62,763.94,62,58.0,6920.47,3324.47
2026-03-12,P401,Fitness Tracker,Electronics,127.86,0.15,108.68,122.51,2068.55,104,58.0,11303.11,5271.11
2026-03-13,P401,Fitness Tracker,Electronics,124.64,0.15,105.94,127.87,1067.69,70,58.0,7416.1,3356.1
2026-03-14,P401,Fitness Tracker,Electronics,127.5,0.15,108.38,124.9,1455.29,93,58.0,10079.03,4685.03
2026-03-15,P401,Fitness Tracker,Electronics,123.34,0.0,123.34,127.04,1172.42,65,58.0,8016.97,4246.97
2026-03-16,P401,Fitness Tracker,Electronics,122.56,0.0,122.56,125.02,899.7,65,58.0,7966.28,4196.28
2026-03-17,P401,Fitness Tracker,Electronics,124.48,0.0,124.48,131.66,1189.63,59,58.0,7344.07,3922.07
2026-03-18,P401,Fitness Tracker,Electronics,127.64,0.0,127.64,118.89,1750.29,62,58.0,7913.47,4317.47
2026-03-19,P401,Fitness Tracker,Electronics,127.59,0.0,127.59,123.78,841.77,61,58.0,7783.16,4245.16
2026-03-20,P401,Fitness Tracker,Electronics,128.92,0.05,122.47,125.84,866.88,71,58.0,8695.61,4577.61
2026-03-21,P401,Fitness Tracker,Electronics,125.97,0.05,119.67,125.42,1482.45,71,58.0,8496.57,4378.57
2026-03-22,P401,Fitness Tracker,Electronics,129.95,0.0,129.95,126.51,1819.44,65,58.0,8446.63,4676.63
2026-03-23,P401,Fitness Tracker,Electronics,126.68,0.0,126.68,129.18,1666.02,62,58.0,7854.01,4258.01
2026-03-24,P401,Fitness Tracker,Electronics,122.58,0.0,122.58,127.13,782.07,60,58.0,7354.89,3874.89
2026-03-25,P401,Fitness Tracker,Electronics,126.73,0.0,126.73,125.7,2075.55,60,58.0,7604.03,4124.03
2026-03-26,P401,Fitness Tracker,Electronics,128.89,0.1,116.0,132.09,1610.54,73,58.0,8468.15,4234.15
2026-03-27,P401,Fitness Tracker,Electronics,127.77,0.0,127.77,129.11,1737.06,47,58.0,6005.41,3279.41
2026-03-28,P401,Fitness Tracker,Electronics,125.35,0.15,106.55,124.26,934.5,68,58.0,7245.17,3301.17
2026-03-29,P401,Fitness Tracker,Electronics,125.77,0.0,125.77,122.79,941.1,63,58.0,7923.28,4269.28
2026-03-30,P401,Fitness Tracker,Electronics,128.36,0.2,102.69,122.98,1793.83,100,58.0,10269.04,4469.04
2026-03-31,P401,Fitness Tracker,Electronics,125.66,0.15,106.81,123.81,1700.83,83,58.0,8865.24,4051.24
2026-04-01,P401,Fitness Tracker,Electronics,129.18,0.1,116.27,124.81,2017.56,79,58.0,9184.94,4602.94
2026-04-02,P401,Fitness Tracker,Electronics,126.3,0.1,113.67,127.0,1157.08,69,58.0,7843.01,3841.01
2026-04-03,P401,Fitness Tracker,Electronics,129.28,0.0,129.28,124.74,754.04,55,58.0,7110.47,3920.47
2026-04-04,P401,Fitness Tracker,Electronics,126.68,0.2,101.34,123.42,1761.85,125,58.0,12667.71,5417.71
2026-04-05,P401,Fitness Tracker,Electronics,130.47,0.15,110.9,125.45,1514.49,93,58.0,10314.03,4920.03
2026-04-06,P401,Fitness Tracker,Electronics,125.83,0.0,125.83,122.64,1804.49,66,58.0,8304.86,4476.86
2026-04-07,P401,Fitness Tracker,Electronics,126.01,0.0,126.01,124.8,1155.06,57,58.0,7182.61,3876.61
2026-04-08,P401,Fitness Tracker,Electronics,127.4,0.0,127.4,124.6,1377.82,59,58.0,7516.31,4094.31
2026-04-09,P401,Fitness Tracker,Electronics,126.37,0.1,113.74,125.05,1682.43,89,58.0,10122.64,4960.64
2026-04-10,P401,Fitness Tracker,Electronics,126.22,0.15,107.29,124.94,1699.31,93,58.0,9977.55,4583.55
2026-04-11,P401,Fitness Tracker,Electronics,130.59,0.1,117.53,120.39,1094.08,62,58.0,7286.65,3690.65
2026-04-12,P401,Fitness Tracker,Electronics,128.8,0.0,128.8,129.12,1859.74,67,58.0,8629.37,4743.37
2026-04-13,P401,Fitness Tracker,Electronics,125.74,0.1,113.16,126.08,1969.29,84,58.0,9505.73,4633.73
2026-04-14,P401,Fitness Tracker,Electronics,132.12,0.15,112.3,122.11,1274.49,67,58.0,7524.38,3638.38
2026-04-15,P401,Fitness Tracker,Electronics,134.75,0.15,114.54,125.42,1612.04,76,58.0,8704.83,4296.83
2026-04-16,P401,Fitness Tracker,Electronics,126.03,0.05,119.73,121.4,1425.58,69,58.0,8261.31,4259.31
2026-04-17,P401,Fitness Tracker,Electronics,129.91,0.1,116.92,122.55,1246.13,65,58.0,7599.5,3829.5
2026-04-18,P401,Fitness Tracker,Electronics,131.73,0.0,131.73,125.08,1095.39,71,58.0,9353.07,5235.07
2026-04-19,P401,Fitness Tracker,Electronics,126.95,0.0,126.95,120.23,1270.48,60,58.0,7617.03,4137.03
2026-04-20,P401,Fitness Tracker,Electronics,132.64,0.0,132.64,125.37,1480.12,57,58.0,7560.55,4254.55
2026-04-21,P401,Fitness Tracker,Electronics,135.1,0.0,135.1,126.16,1054.81,52,58.0,7024.95,4008.95
2026-04-22,P401,Fitness Tracker,Electronics,124.25,0.0,124.25,128.94,1516.79,64,58.0,7951.82,4239.82
2026-04-23,P401,Fitness Tracker,Electronics,131.95,0.0,131.95,129.05,1813.08,59,58.0,7785.14,4363.14
2026-04-24,P401,Fitness Tracker,Electronics,129.82,0.0,129.82,128.72,1485.47,58,58.0,7529.85,4165.85
2026-04-25,P401,Fitness Tracker,Electronics,129.08,0.0,129.08,128.76,1207.39,62,58.0,8002.67,4406.67
2026-04-26,P401,Fitness Tracker,Electronics,130.66,0.05,124.12,122.03,1502.52,64,58.0,7943.86,4231.86
2026-04-27,P401,Fitness Tracker,Electronics,129.3,0.0,129.3,128.67,941.79,60,58.0,7758.28,4278.28
2026-04-28,P401,Fitness Tracker,Electronics,131.24,0.0,131.24,130.3,1411.69,58,58.0,7612.06,4248.06
2026-04-29,P401,Fitness Tracker,Electronics,133.45,0.0,133.45,130.83,1372.37,58,58.0,7740.36,4376.36
2026-04-30,P401,Fitness Tracker,Electronics,132.08,0.2,105.67,120.98,1377.37,102,58.0,10778.1,4862.1
2026-05-01,P401,Fitness Tracker,Electronics,132.68,0.0,132.68,122.74,1695.11,52,58.0,6899.49,3883.49
2026-05-02,P401,Fitness Tracker,Electronics,126.57,0.0,126.57,123.22,1941.06,73,58.0,9239.91,5005.91
2026-05-03,P401,Fitness Tracker,Electronics,131.0,0.1,117.9,127.85,2172.61,91,58.0,10729.29,5451.29
2026-05-04,P401,Fitness Tracker,Electronics,132.19,0.1,118.97,126.85,1509.45,65,58.0,7732.93,3962.93
2026-05-05,P401,Fitness Tracker,Electronics,127.84,0.2,102.27,125.65,1313.83,101,58.0,10329.73,4471.73
2026-05-06,P401,Fitness Tracker,Electronics,128.53,0.0,128.53,124.0,1519.14,62,58.0,7968.94,4372.94
2026-05-07,P401,Fitness Tracker,Electronics,131.0,0.2,104.8,123.68,1855.71,103,58.0,10794.71,4820.71
2026-05-08,P401,Fitness Tracker,Electronics,132.37,0.0,132.37,127.16,1076.62,48,58.0,6353.61,3569.61
2026-05-09,P401,Fitness Tracker,Electronics,131.85,0.2,105.48,129.5,1800.31,107,58.0,11286.66,5080.66
2026-05-10,P401,Fitness Tracker,Electronics,135.01,0.0,135.01,124.6,829.73,52,58.0,7020.42,4004.42
2026-05-11,P401,Fitness Tracker,Electronics,129.33,0.0,129.33,133.71,1458.15,58,58.0,7501.17,4137.17
2026-05-12,P401,Fitness Tracker,Electronics,136.36,0.05,129.54,126.91,2019.88,60,58.0,7772.39,4292.39
2026-05-13,P401,Fitness Tracker,Electronics,138.12,0.15,117.4,130.0,1770.13,87,58.0,10214.04,5168.04
2026-05-14,P401,Fitness Tracker,Electronics,132.52,0.1,119.27,127.21,944.7,67,58.0,7991.01,4105.01
2026-05-15,P401,Fitness Tracker,Electronics,132.58,0.2,106.07,133.15,1513.58,118,58.0,12515.76,5671.76
2026-05-16,P401,Fitness Tracker,Electronics,127.65,0.0,127.65,126.68,1837.3,64,58.0,8169.64,4457.64
2026-05-17,P401,Fitness Tracker,Electronics,129.33,0.0,129.33,127.16,868.86,52,58.0,6724.99,3708.99
2026-05-18,P401,Fitness Tracker,Electronics,137.44,0.15,116.83,128.63,1266.54,73,58.0,8528.37,4294.37
2026-05-19,P401,Fitness Tracker,Electronics,130.91,0.2,104.73,127.2,1421.4,107,58.0,11206.29,5000.29
2026-05-20,P401,Fitness Tracker,Electronics,135.13,0.05,128.37,131.51,1471.16,57,58.0,7317.19,4011.19
2026-05-21,P401,Fitness Tracker,Electronics,133.41,0.0,133.41,130.3,1316.94,56,58.0,7470.94,4222.94
2026-05-22,P401,Fitness Tracker,Electronics,131.04,0.2,104.83,122.36,1508.03,94,58.0,9854.13,4402.13
2026-05-23,P401,Fitness Tracker,Electronics,134.59,0.1,121.13,126.43,1720.91,74,58.0,8963.59,4671.59
2026-05-24,P401,Fitness Tracker,Electronics,130.39,0.0,130.39,129.24,725.25,68,58.0,8866.59,4922.59
2026-05-25,P401,Fitness Tracker,Electronics,135.63,0.0,135.63,134.86,1919.71,53,58.0,7188.27,4114.27
2026-05-26,P401,Fitness Tracker,Electronics,131.22,0.1,118.1,127.79,1935.64,67,58.0,7912.41,4026.41
2026-05-27,P401,Fitness Tracker,Electronics,132.79,0.0,132.79,127.45,1435.0,59,58.0,7834.57,4412.57
2026-05-28,P401,Fitness Tracker,Electronics,129.74,0.0,129.74,134.16,1563.9,56,58.0,7265.45,4017.45
2026-05-29,P401,Fitness Tracker,Electronics,137.31,0.2,109.85,125.1,1635.24,85,58.0,9337.25,4407.25
2026-05-30,P401,Fitness Tracker,Electronics,134.79,0.1,121.31,128.8,1565.25,74,58.0,8976.9,4684.9
2026-05-31,P401,Fitness Tracker,Electronics,136.32,0.2,109.06,133.71,954.92,102,58.0,11123.93,5207.93
2026-06-01,P401,Fitness Tracker,Electronics,131.13,0.15,111.46,132.02,999.3,85,58.0,9473.98,4543.98
2026-06-02,P401,Fitness Tracker,Electronics,132.28,0.0,132.28,128.17,1554.39,50,58.0,6614.04,3714.04
2026-06-03,P401,Fitness Tracker,Electronics,131.41,0.0,131.41,130.52,776.52,56,58.0,7359.15,4111.15
2026-06-04,P401,Fitness Tracker,Electronics,132.54,0.0,132.54,125.79,397.37,52,58.0,6892.26,3876.26
2026-06-05,P401,Fitness Tracker,Electronics,131.5,0.0,131.5,132.51,1590.08,51,58.0,6706.64,3748.64
2026-06-06,P401,Fitness Tracker,Electronics,135.63,0.0,135.63,137.21,1784.8,66,58.0,8951.39,5123.39
2026-06-07,P401,Fitness Tracker,Electronics,134.24,0.15,114.11,130.53,1458.67,76,58.0,8672.07,4264.07
2026-06-08,P401,Fitness Tracker,Electronics,131.73,0.1,118.56,126.24,1384.67,68,58.0,8061.78,4117.78
2026-06-09,P401,Fitness Tracker,Electronics,132.0,0.15,112.2,127.61,1051.66,82,58.0,9200.26,4444.26
2026-06-10,P401,Fitness Tracker,Electronics,135.67,0.0,135.67,128.55,1383.54,47,58.0,6376.28,3650.28
2026-06-11,P401,Fitness Tracker,Electronics,133.04,0.05,126.39,133.06,1414.32,62,58.0,7836.21,4240.21
2026-06-12,P401,Fitness Tracker,Electronics,130.99,0.1,117.89,132.64,1498.38,75,58.0,8841.51,4491.51
2026-06-13,P401,Fitness Tracker,Electronics,131.8,0.0,131.8,127.27,1144.91,55,58.0,7249.24,4059.24
2026-06-14,P401,Fitness Tracker,Electronics,130.53,0.0,130.53,130.71,1379.73,50,58.0,6526.3,3626.3
2026-06-15,P401,Fitness Tracker,Electronics,132.52,0.0,132.52,138.36,1376.5,55,58.0,7288.58,4098.58
2026-06-16,P401,Fitness Tracker,Electronics,133.95,0.0,133.95,133.86,1652.14,46,58.0,6161.73,3493.73
2026-06-17,P401,Fitness Tracker,Electronics,136.43,0.1,122.78,131.82,1257.26,49,58.0,6016.41,3174.41
2026-06-18,P401,Fitness Tracker,Electronics,130.46,0.0,130.46,133.84,1732.22,59,58.0,7697.43,4275.43
2026-06-19,P401,Fitness Tracker,Electronics,133.14,0.0,133.14,135.53,1158.22,63,58.0,8388.06,4734.06
2026-06-20,P401,Fitness Tracker,Electronics,130.74,0.15,111.13,127.67,1148.4,79,58.0,8779.01,4197.01
2026-06-21,P401,Fitness Tracker,Electronics,132.39,0.15,112.54,132.43,1297.01,86,58.0,9678.07,4690.07
2026-06-22,P401,Fitness Tracker,Electronics,127.83,0.0,127.83,127.78,1161.29,49,58.0,6263.66,3421.66
2026-06-23,P401,Fitness Tracker,Electronics,132.61,0.0,132.61,132.55,824.02,47,58.0,6232.88,3506.88
2026-06-24,P401,Fitness Tracker,Electronics,137.08,0.0,137.08,137.85,1514.52,44,58.0,6031.31,3479.31
2026-06-25,P401,Fitness Tracker,Electronics,133.76,0.15,113.7,133.11,1094.8,72,58.0,8186.31,4010.31
2026-06-26,P401,Fitness Tracker,Electronics,131.51,0.0,131.51,129.46,1791.76,57,58.0,7496.07,4190.07
2026-06-27,P401,Fitness Tracker,Electronics,132.28,0.05,125.66,134.52,2143.44,74,58.0,9298.97,5006.97
2026-06-28,P401,Fitness Tracker,Electronics,134.81,0.2,107.85,133.5,1143.61,106,58.0,11432.26,5284.26
2026-06-29,P401,Fitness Tracker,Electronics,134.33,0.05,127.61,134.96,1601.46,49,58.0,6252.9,3410.9
2026-06-30,P401,Fitness Tracker,Electronics,130.6,0.1,117.54,134.78,607.19,56,58.0,6582.41,3334.41
